,Year,County Code,County,Harvested Acres,Yield,Production,Price P/U,Value
1075,2000,1,Alameda,2602 ,2.11 ,5483 ,1185 ,6498000
1076,2000,9,Calaveras,470 ,3.60 ,1690 ,1000 ,1690000
1077,2000,17,El Dorado,1165 ,2.92 ,3400 ,1194 ,4059600
1078,2000,19,Fresno,75139 ,11.12 ,835310 ,177 ,147550000
1079,2000,29,Kern,46809 ,8.86 ,414680 ,187 ,77714000
1080,2000,31,Kings,3020 ,9.04 ,27311 ,162 ,4436000
1081,2000,33,Lake,3858 ,5.06 ,19520 ,1281 ,25005100
1082,2000,39,Madera,56410 ,9.92 ,559563 ,186 ,103830000
1083,2000,41,Marin,94 ,1.24 ,117 ,2009 ,235100
1084,2000,43,Mariposa,71 ,1.70 ,121 ,1314 ,159000
1085,2000,45,Mendocino,12838 ,4.53 ,58106 ,1514 ,87960000
1086,2000,47,Merced,14437 ,9.32 ,134583 ,288 ,38729000
1087,2000,55,Napa,32365 ,4.23 ,136962 ,2464 ,337469000
1088,2000,57,Nevada,303 ,3.57 ,1082 ,1096 ,1185800
1089,2000,65,Riverside,2767 ,4.53 ,12532 ,974 ,12202100
1090,2000,67,Sacramento,25024 ,7.10 ,177670 ,536 ,95231000
1091,2000,69,San Benito,2563 ,4.33 ,11100 ,1628 ,18071000
1092,2000,71,San Bernardino,235 ,0.83 ,194 ,901 ,174700
1093,2000,73,San Diego,175 ,1.84 ,322 ,300 ,96600
1094,2000,77,San Joaquin,80711 ,7.74 ,624800 ,473 ,295793000
1095,2000,79,San Luis Obispo,18801 ,5.39 ,101430 ,1328 ,134733000
1096,2000,81,San Mateo,45 ,  ,  ,  ,139000
1097,2000,85,Santa Clara,1749 ,3.90 ,6821 ,1521 ,10375000
1098,2000,87,Santa Cruz,477 ,1.61 ,768 ,2271 ,1744000
1099,2000,95,Solano,3853 ,4.67 ,17999 ,1007 ,18116800
1100,2000,97,Sonoma,42220 ,4.52 ,190789 ,2043 ,389781900
1101,2000,105,Trinity,  ,  ,140 ,1204 ,168600
1102,2000,107,Tulare,27688 ,10.42 ,288490 ,207 ,59835000
1103,2000,113,Yolo,9496 ,6.86 ,65143 ,627 ,40873000
1104,2000,115,Yuba,390 ,1.62 ,632 ,1242 ,785000
1105,2000,999,State Totals,465775 ,7.94 ,3696758 ,518 ,1914640300
3557,2001,1,Alameda,3023,2.91,8797,1147,10092000
3558,2001,9,Calaveras,470,2.72,1280,1200,1536000
3559,2001,17,El Dorado,1244,2.87,3570,1209,4317300
3560,2001,19,Fresno,76393,8.37,639180,167,106924000
3561,2001,29,Kern,42511,7.12,302500,159,47986000
3562,2001,31,Kings,3085,9.75,30088,169,5088000
3563,2001,33,Lake,4889,4.55,22239,1292,28732800
3564,2001,39,Madera,55970,8.45,473146,162,76642000
3565,2001,41,Marin,95,2.4,228,2043,465900
3566,2001,43,Mariposa,73,1.56,114,1406,160300
3567,2001,45,Mendocino,14800,4.04,59808,1466,87678400
3568,2001,47,Merced,14517,8.11,117727,209,24567000
3569,2001,55,Napa,35095,3.6,126438,2802,354338000
3570,2001,57,Nevada,348,3,1043,1192,1242900
3571,2001,61,Placer,40,1.5,60,1350,81000
3572,2001,65,Riverside,2302,4.5,10359,900,9323100
3573,2001,67,Sacramento,25802,6,154812,616,95364000
3574,2001,69,San Benito,2975,4.25,12644,1254,15856000
3575,2001,71,San Bernardino,147,2.31,340,196,66700
3576,2001,73,San Diego,180,1.87,337,250,84200
3577,2001,77,San Joaquin,83908,6.91,579400,418,242188000
3578,2001,79,San Luis Obispo,21614,4.82,104107,1326,138054000
3579,2001,81,San Mateo,44,  ,  ,  ,159000
3580,2001,83,Santa Barbara,16634,5.52,91820,1289,118328400
3581,2001,85,Santa Clara,1750,3.78,6615,1408,9314000
3582,2001,87,Santa Cruz,466,3.5,1631,2270,3702000
3583,2001,95,Solano,4072,4,16280,857,13957700
3584,2001,97,Sonoma,43589,3.98,173583,2157,374389700
3585,2001,105,Trinity,  ,  ,140,1204,168600
3586,2001,107,Tulare,23431,10.07,235900,222,52446000
3587,2001,113,Yolo,10242,5.43,55614,598,33241000
3588,2001,115,Yuba,236,1.38,326,979,319000
3589,2001,999,State Totals,489945,6.59,3230126,575,1856813000
5895,2002,1,Alameda,2255,2.13,4793,1126,5398000
5896,2002,5,Amador,3241,3.50,11343,980,11116100
5897,2002,9,Calaveras,470,2.89,1360,971,1320000
5898,2002,17,El Dorado,1464,2.77,4060,1153,4680000
5899,2002,19,Fresno,85701,10.83,928100,141,131189000
5900,2002,29,Kern,43436,8.87,385420,143,55146000
5901,2002,31,Kings,3319,8.52,28294,162,4584000
5902,2002,33,Lake,5465,4.57,24966,1292,32261700
5903,2002,39,Madera,67600,10.23,691528,130,89589000
5904,2002,41,Marin,82,1.77,145,1759,255000
5905,2002,43,Mariposa,84,1.17,98,1388,136000
5906,2002,45,Mendocino,15202,3.89,59128,1375,81301400
5907,2002,47,Merced,11523,8.88,102284,275,28125000
5908,2002,53,Monterey,37325,3.86,143947,1022,147065000
5909,2002,55,Napa,37072,3.51,130099,2920,379930000
5910,2002,57,Nevada,404,4.32,1746,1053,1839100
5911,2002,61,Placer,130,3.00,390,1070,417300
5912,2002,65,Riverside,1250,4.16,5200,677,3518000
5913,2002,67,Sacramento,26597,6.20,164901,448,73876000
5914,2002,69,San Benito,3079,3.20,9853,1585,15617000
5915,2002,71,San Bernardino,205,3.12,639,672,429100
5916,2002,73,San Diego,173,1.38,239,259,61800
5917,2002,77,San Joaquin,83263,6.12,509355,416,211940000
5918,2002,79,San Luis Obispo,25206,3.77,95101,1240,117896000
5919,2002,81,San Mateo,64,  ,  ,  ,389000
5920,2002,83,Santa Barbara,16667,2.93,48834,1482,72373900
5921,2002,85,Santa Clara,1839,3.30,6069,1313,7968000
5922,2002,87,Santa Cruz,549,4.00,2196,1500,3294000
5923,2002,95,Solano,4300,3.77,16191,817,13221100
5924,2002,97,Sonoma,46587,3.93,183139,2055,376422300
5925,2002,105,Trinity,  ,  ,140,1204,168600
5926,2002,107,Tulare,26597,9.71,258300,160,41358000
5927,2002,113,Yolo,9699,7.63,74003,604,44675000
5928,2002,115,Yuba,297,1.57,467,1096,512000
5929,2002,999,State Totals,561145,6.94,3892328,503,1958072400
8175,2003,1,Alameda,2284 ,3.21 ,7325 ,1077.41 ,7892000
8176,2003,5,Amador,3623 ,2.96 ,10724 ,982.00 ,10531000
8177,2003,9,Calaveras,480 ,1.88 ,900 ,1000.00 ,900000
8178,2003,17,El Dorado,1678 ,2.36 ,3953 ,1120.67 ,4430000
8179,2003,19,Fresno,72186 ,10.09 ,728500 ,166.12 ,121015000
8180,2003,29,Kern,41476 ,7.72 ,320040 ,156.15 ,49975000
8181,2003,31,Kings,3295 ,8.97 ,29555 ,173.10 ,5116000
8182,2003,33,Lake,6219 ,4.26 ,26483 ,1183.10 ,31332000
8183,2003,39,Madera,62600 ,9.47 ,593056 ,148.37 ,87991000
8184,2003,41,Marin,74 ,1.57 ,116 ,1991.38 ,231000
8185,2003,43,Mariposa,93 ,0.88 ,82 ,1439.02 ,118000
8186,2003,45,Mendocino,15576 ,3.72 ,57960 ,1213.95 ,70360700
8187,2003,47,Merced,11499 ,9.76 ,112253 ,259.89 ,29173000
8188,2003,53,Monterey,34287 ,4.41 ,151344 ,1058.64 ,160219000
8189,2003,55,Napa,39106 ,3.29 ,128814 ,2985.70 ,384600000
8190,2003,57,Nevada,356 ,3.67 ,1307 ,1350.80 ,1765500
8191,2003,61,Placer,200 ,1.76 ,352 ,1036.08 ,364700
8192,2003,65,Riverside,1266 ,3.29 ,4163 ,784.00 ,3263800
8193,2003,67,Sacramento,23698 ,6.30 ,149297 ,422.00 ,63003000
8194,2003,69,San Benito,3163 ,4.57 ,14455 ,1510.00 ,21827000
8195,2003,71,San Bernardino,180 ,3.77 ,679 ,657.44 ,446400
8196,2003,73,San Diego,304 ,2.08 ,632 ,380.22 ,240300
8197,2003,77,San Joaquin,82350 ,5.74 ,472800 ,368.52 ,174235900
8198,2003,79,San Luis Obispo,29626 ,3.89 ,115188 ,1071.76 ,123454000
8199,2003,81,San Mateo,60 ,  ,  ,  ,363000
8200,2003,83,Santa Barbara,16667 ,2.88 ,48001 ,1371.81 ,65848300
8201,2003,85,Santa Clara,1854 ,2.90 ,5377 ,1205.88 ,6484000
8202,2003,87,Santa Cruz,574 ,3.33 ,1911 ,1350.08 ,2580000
8203,2003,95,Solano,4075 ,3.70 ,15060 ,664.46 ,10006700
8204,2003,97,Sonoma,52176 ,3.08 ,160768 ,1967.20 ,316262300
8205,2003,105,Trinity,114 ,  ,  ,  ,237300
8206,2003,107,Tulare,23886 ,9.21 ,220030 ,164.64 ,36225000
8207,2003,113,Yolo,10334 ,6.76 ,69858 ,534.89 ,37366000
8208,2003,115,Yuba,66 ,2.53 ,167 ,1323.35 ,221000
8209,2003,999,State Totals,545425 ,6.33 ,3451150 ,529.53 ,1828077900
10496,2004,1,Alameda,2526 ,3.60 ,9094 ,995.38 ,9052000
10497,2004,5,Amador,3741 ,3.54 ,13243 ,1009.97 ,13375000
10498,2004,9,Calaveras,500 ,2.40 ,1200 ,1050.00 ,1260000
10499,2004,17,El Dorado,1710 ,2.46 ,4209 ,1094.84 ,4608200
10500,2004,19,Fresno,96692 ,9.01 ,871000 ,226.31 ,197117000
10501,2004,29,Kern,36542 ,8.69 ,317370 ,232.10 ,73660000
10502,2004,31,Kings,3023 ,10.49 ,31720 ,237.30 ,7527000
10503,2004,33,Lake,7076 ,3.94 ,27872 ,1139.17 ,31751000
10504,2004,39,Madera,66200 ,9.25 ,612467 ,218.73 ,133966000
10505,2004,41,Marin,110 ,1.26 ,139 ,1914.39 ,266100
10506,2004,43,Mariposa,99 ,0.92 ,91 ,1098.90 ,100000
10507,2004,45,Mendocino,15608 ,3.35 ,52252 ,1150.99 ,60141500
10508,2004,47,Merced,10729 ,7.78 ,83485 ,251.46 ,20993000
10509,2004,53,Monterey,38614 ,4.45 ,172000 ,1013.84 ,174380000
10510,2004,55,Napa,40439 ,2.96 ,119874 ,2915.56 ,349500000
10511,2004,57,Nevada,349 ,4.11 ,1434 ,1527.68 ,2190700
10512,2004,61,Placer,230 ,3.20 ,736 ,878.94 ,646900
10513,2004,65,Riverside,1640 ,2.18 ,3575 ,668.03 ,2388200
10514,2004,67,Sacramento,25756 ,6.50 ,167414 ,444.60 ,74432000
10515,2004,69,San Benito,3636 ,3.32 ,12072 ,1567.01 ,18917000
10516,2004,71,San Bernardino,147 ,4.27 ,627 ,708.77 ,444400
10517,2004,73,San Diego,300 ,1.80 ,540 ,700.00 ,378000
10518,2004,77,San Joaquin,83657 ,5.57 ,466331 ,403.09 ,187974100
10519,2004,79,San Luis Obispo,31913 ,4.00 ,127788 ,997.24 ,127435000
10520,2004,81,San Mateo,  ,  ,  ,  ,417000
10521,2004,83,Santa Barbara,17408 ,3.67 ,63887 ,1305.86 ,83427500
10522,2004,85,Santa Clara,1870 ,3.30 ,6171 ,994.98 ,6140000
10523,2004,87,Santa Cruz,572 ,1.20 ,686 ,2131.20 ,1462000
10524,2004,95,Solano,4153 ,3.64 ,15118 ,676.75 ,10231100
10525,2004,97,Sonoma,50010 ,3.31 ,165783 ,1882.64 ,312110200
10526,2004,105,Trinity,114 ,  ,  ,  ,237300
10527,2004,107,Tulare,23764 ,9.65 ,229430 ,224.80 ,51576000
10528,2004,113,Yolo,9909 ,6.13 ,60739 ,548.92 ,33341000
10529,2004,115,Yuba,92 ,2.27 ,209 ,1315.79 ,275000
10530,2004,991,Sum of Others,243 ,2.38 ,579 ,999.06 ,578457
10531,2004,999,State Totals,579372 ,6.28 ,3639135 ,547.29 ,1992298657
12916,2005,1,Alameda,2169 ,4.24 ,9189 ,930.68 ,8552000
12917,2005,5,Amador,3874 ,3.42 ,13249 ,995.08 ,13183800
12918,2005,9,Calaveras,500 ,2.60 ,1300 ,1200.00 ,1560000
12919,2005,17,El Dorado,1906 ,2.44 ,4642 ,1064.20 ,4940000
12920,2005,19,Fresno,77598 ,11.32 ,878500 ,223.29 ,196162000
12921,2005,29,Kern,36167 ,10.66 ,385430 ,220.18 ,84864000
12922,2005,31,Kings,3717 ,12.65 ,47009 ,239.08 ,11239000
12923,2005,33,Lake,7518 ,4.26 ,31995 ,1192.35 ,38149100
12924,2005,39,Madera,57600 ,10.73 ,618250 ,226.09 ,139782000
12925,2005,41,Marin,108 ,1.04 ,112 ,2371.43 ,265600
12926,2005,43,Mariposa,88 ,1.36 ,120 ,1183.33 ,142000
12927,2005,45,Mendocino,16084 ,3.85 ,61962 ,1171.01 ,72557900
12928,2005,47,Merced,11542 ,10.71 ,123574 ,278.11 ,34367000
12929,2005,53,Monterey,38179 ,7.05 ,269000 ,946.52 ,254615000
12930,2005,55,Napa,41910 ,4.32 ,181025 ,2987.43 ,540800000
12931,2005,57,Nevada,350 ,3.72 ,1302 ,1294.55 ,1685500
12932,2005,61,Placer,230 ,2.24 ,515 ,781.94 ,402700
12933,2005,65,Riverside,1650 ,2.50 ,4125 ,963.01 ,3972400
12934,2005,67,Sacramento,28045 ,8.70 ,243992 ,443.20 ,108137000
12935,2005,69,San Benito,3672 ,4.58 ,16818 ,1188.01 ,19980000
12936,2005,71,San Bernardino,142 ,8.06 ,1145 ,1018.08 ,1165700
12937,2005,73,San Diego,268 ,2.30 ,616 ,634.42 ,390800
12938,2005,77,San Joaquin,95669 ,7.36 ,703870 ,410.10 ,288660000
12939,2005,79,San Luis Obispo,33690 ,5.90 ,198819 ,977.64 ,194373000
12940,2005,81,San Mateo,88 ,  ,  ,  ,451000
12941,2005,83,Santa Barbara,20308 ,6.18 ,125503 ,1277.78 ,160365200
12942,2005,85,Santa Clara,1720 ,4.00 ,6880 ,1061.05 ,7300000
12943,2005,87,Santa Cruz,575 ,1.39 ,799 ,2200.25 ,1758000
12944,2005,95,Solano,4291 ,3.75 ,16081 ,728.07 ,11708100
12945,2005,97,Sonoma,57050 ,4.05 ,230910 ,1864.64 ,430563500
12946,2005,105,Trinity,114 ,  ,  ,  ,237300
12947,2005,107,Tulare,22831 ,9.60 ,219270 ,217.17 ,47618000
12948,2005,113,Yolo,8464 ,8.38 ,70930 ,591.67 ,41967000
12949,2005,115,Yuba,105 ,0.84 ,88 ,1011.36 ,89000
12950,2005,991,Sum of Others,129 ,2.51 ,324 ,1133.95 ,367400
12951,2005,999,State Totals,578351 ,7.73 ,4467344 ,609.24 ,2722371000
15358,2006,1,Alameda,2281 ,3.74 ,8534 ,937.97 ,8004600
15359,2006,5,Amador,3701 ,3.68 ,13620 ,1079.98 ,14709300
15360,2006,9,Calaveras,600 ,2.60 ,1560 ,1062.18 ,1657000
15361,2006,17,El Dorado,1864 ,3.07 ,5720 ,1081.56 ,6186500
15362,2006,19,Fresno,64116 ,8.83 ,566400 ,209.56 ,118692000
15363,2006,29,Kern,35441 ,8.91 ,315620 ,207.95 ,65633000
15364,2006,31,Kings,3624 ,10.98 ,39800 ,259.35 ,10322000
15365,2006,33,Lake,7842 ,4.48 ,35153 ,1229.04 ,43204600
15366,2006,39,Madera,54200 ,8.97 ,486375 ,193.81 ,94266000
15367,2006,41,Marin,118 ,1.86 ,219 ,2273.52 ,497900
15368,2006,43,Mariposa,100 ,1.02 ,102 ,1212.75 ,123700
15369,2006,45,Mendocino,16142 ,4.40 ,70948 ,1237.00 ,87762600
15370,2006,47,Merced,11397 ,9.93 ,113138 ,237.65 ,26887000
15371,2006,53,Monterey,38165 ,5.50 ,210000 ,1038.01 ,217983000
15372,2006,55,Napa,42188 ,3.62 ,152776 ,3070.33 ,469072900
15373,2006,57,Nevada,358 ,3.71 ,1329 ,1170.28 ,1555300
15374,2006,61,Placer,189 ,2.57 ,485 ,974.43 ,472600
15375,2006,65,Riverside,1500 ,2.40 ,3600 ,1111.00 ,3999600
15376,2006,67,Sacramento,25496 ,7.00 ,178472 ,408.70 ,72942000
15377,2006,69,San Benito,3788 ,4.20 ,15910 ,1229.98 ,19569000
15378,2006,71,San Bernardino,136 ,4.91 ,668 ,842.37 ,562700
15379,2006,73,San Diego,309 ,2.10 ,649 ,797.84 ,517800
15380,2006,77,San Joaquin,92501 ,0.06 ,5610 ,36342.07 ,203879000
15381,2006,79,San Luis Obispo,34662 ,4.27 ,148005 ,1026.92 ,151990000
15382,2006,81,San Mateo,89 ,  ,  ,  ,531000
15383,2006,83,Santa Barbara,20829 ,4.43 ,92272 ,1163.71 ,107377800
15384,2006,85,Santa Clara,1750 ,3.80 ,6650 ,1120.00 ,7448000
15385,2006,87,Santa Cruz,600 ,3.00 ,1800 ,2390.00 ,4302000
15386,2006,95,Solano,4293 ,2.89 ,12400 ,750.11 ,9301400
15387,2006,97,Sonoma,55507 ,3.90 ,216248 ,1990.76 ,430496900
15388,2006,105,Trinity,114 ,  ,  ,  ,237300
15389,2006,107,Tulare,19360 ,8.98 ,173930 ,208.41 ,36248000
15390,2006,113,Yolo,10156 ,6.69 ,67944 ,559.98 ,38047300
15391,2006,115,Yuba,84 ,1.79 ,150 ,1326.67 ,199000
15392,2006,991,Sum of Others,76 ,6.53 ,496 ,149.86 ,74330
15393,2006,999,State Totals,553576 ,5.32 ,2946583 ,764.95 ,2254753130
17731,2007,1,Alameda,1916 ,3.93 ,7526 ,857.69 ,6455000
17732,2007,5,Amador,3697 ,3.40 ,12570 ,1056.98 ,13286300
17733,2007,9,Calaveras,650 ,2.50 ,1625 ,1100.31 ,1788000
17734,2007,17,El Dorado,1747 ,2.88 ,5029 ,1197.36 ,6021500
17735,2007,19,Fresno,61224 ,11.81 ,722800 ,214.36 ,154942000
17736,2007,29,Kern,33100 ,10.27 ,340000 ,218.25 ,74206000
17737,2007,31,Kings,3817 ,7.52 ,28719 ,230.27 ,6613000
17738,2007,33,Lake,7949 ,4.57 ,36321 ,1196.26 ,43449300
17739,2007,39,Madera,53500 ,10.59 ,566559 ,206.58 ,117042000
17740,2007,41,Marin,192 ,0.90 ,173 ,4368.21 ,755700
17741,2007,43,Mariposa,97 ,1.20 ,116 ,1206.90 ,140000
17742,2007,45,Mendocino,16342 ,3.77 ,61589 ,1223.41 ,75348300
17743,2007,47,Merced,9819 ,6.69 ,65702 ,274.09 ,18008000
17744,2007,53,Monterey,39636 ,5.65 ,224000 ,1123.23 ,251604000
17745,2007,55,Napa,42338 ,3.43 ,145115 ,3256.77 ,472606600
17746,2007,57,Nevada,385 ,4.23 ,1629 ,1280.91 ,2086600
17747,2007,61,Placer,190 ,2.71 ,515 ,873.59 ,449900
17748,2007,65,Riverside,2000 ,1.70 ,3400 ,1184.00 ,4025600
17749,2007,67,Sacramento,24637 ,7.00 ,172459 ,432.40 ,74571000
17750,2007,69,San Benito,3806 ,5.41 ,20590 ,1179.99 ,24296000
17751,2007,71,San Bernardino,132 ,3.13 ,413 ,1519.13 ,627400
17752,2007,73,San Diego,328 ,1.90 ,623 ,995.35 ,620100
17753,2007,77,San Joaquin,88913 ,6.28 ,557950 ,386.08 ,215416000
17754,2007,79,San Luis Obispo,34408 ,3.96 ,136276 ,1039.61 ,141674000
17755,2007,81,San Mateo,98 ,  ,  ,  ,550000
17756,2007,83,Santa Barbara,21263 ,3.35 ,71231 ,1402.74 ,99918600
17757,2007,85,Santa Clara,1550 ,3.00 ,4650 ,1313.98 ,6110000
17758,2007,87,Santa Cruz,598 ,2.13 ,1274 ,2383.83 ,3037000
17759,2007,95,Solano,4021 ,3.00 ,12083 ,669.95 ,8095000
17760,2007,97,Sonoma,54899 ,3.62 ,198533 ,2098.14 ,416549600
17761,2007,105,Trinity,114 ,  ,  ,  ,237300
17762,2007,107,Tulare,19561 ,10.25 ,200430 ,217.09 ,43512000
17763,2007,113,Yolo,11898 ,7.13 ,84853 ,548.16 ,46513300
17764,2007,115,Yuba,85 ,1.36 ,116 ,1750.00 ,203000
17765,2007,991,Sum of Others,182 ,9.47 ,1724 ,228.54 ,394000
17766,2007,999,State Totals,545092 ,6.77 ,3686593 ,632.12 ,2331152100
20050,2008,1,Alameda,2526 ,3.73 ,9417 ,911.76 ,8586000
20051,2008,5,Amador,3754 ,3.20 ,12013 ,1238.98 ,14883900
20052,2008,9,Calaveras,600 ,1.95 ,1170 ,1100.00 ,1287000
20053,2008,17,El Dorado,1901 ,2.20 ,4182 ,1250.38 ,5229100
20054,2008,19,Fresno,69631 ,14.94 ,1040100 ,250.93 ,260990000
20055,2008,29,Kern,36830 ,11.18 ,411800 ,265.52 ,109340000
20056,2008,31,Kings,3831 ,9.74 ,37306 ,245.72 ,9167000
20057,2008,33,Lake,8004 ,3.50 ,27974 ,1223.53 ,34227000
20058,2008,39,Madera,55200 ,10.06 ,555466 ,250.29 ,139027000
20059,2008,41,Marin,195 ,1.02 ,199 ,3537.19 ,703900
20060,2008,43,Mariposa,100 ,1.48 ,148 ,1175.68 ,174000
20061,2008,45,Mendocino,16400 ,2.79 ,45779 ,1355.36 ,62047200
20062,2008,47,Merced,11075 ,9.73 ,107757 ,315.40 ,33987000
20063,2008,53,Monterey,40144 ,5.01 ,201000 ,1185.90 ,238366000
20064,2008,55,Napa,42870 ,2.70 ,115864 ,3451.57 ,399913100
20065,2008,57,Nevada,402 ,2.96 ,1189 ,1280.82 ,1522900
20066,2008,61,Placer,212 ,2.31 ,490 ,1015.71 ,497700
20067,2008,65,Riverside,2165 ,1.85 ,4005 ,1121.07 ,4489900
20068,2008,67,Sacramento,24464 ,5.36 ,131125 ,513.80 ,67372000
20069,2008,69,San Benito,3806 ,3.30 ,12560 ,1107.01 ,13904000
20070,2008,71,San Bernardino,171 ,3.89 ,665 ,1008.27 ,670500
20071,2008,73,San Diego,365 ,1.70 ,621 ,1020.13 ,633500
20072,2008,77,San Joaquin,89025 ,5.28 ,470060 ,469.39 ,220643000
20073,2008,79,San Luis Obispo,34622 ,2.99 ,103507 ,1199.20 ,124126000
20074,2008,81,San Mateo,96 ,  ,  ,  ,481000
20075,2008,83,Santa Barbara,21643 ,2.86 ,61797 ,1394.05 ,86148100
20076,2008,85,Santa Clara,1510 ,3.00 ,4530 ,1426.05 ,6460000
20077,2008,87,Santa Cruz,612 ,1.93 ,1181 ,2488.57 ,2939000
20078,2008,95,Solano,4002 ,3.53 ,14137 ,782.68 ,11064700
20079,2008,97,Sonoma,55431 ,3.05 ,168992 ,2255.09 ,381092000
20080,2008,105,Trinity,114 ,  ,  ,  ,237300
20081,2008,107,Tulare,21728 ,11.94 ,259420 ,250.51 ,64987000
20082,2008,113,Yolo,12002 ,6.45 ,77402 ,542.70 ,42006000
20083,2008,115,Yuba,91 ,1.27 ,116 ,4948.28 ,574000
20084,2008,999,State Totals,565522 ,6.87 ,3881972 ,604.60 ,2347776800
22397,2009,1,Alameda,2410 ,5.02 ,12110 ,1158.13 ,14025000
22398,2009,5,Amador,3410 ,3.20 ,10912 ,1046.00 ,11414000
22399,2009,9,Calaveras,800 ,3.50 ,2800 ,1200.00 ,3360000
22400,2009,17,El Dorado,1760 ,2.93 ,5165 ,1139.48 ,5885400
22401,2009,19,Fresno,64376 ,12.48 ,803560 ,253.16 ,203428000
22402,2009,29,Kern,34260 ,10.48 ,358900 ,273.03 ,97990000
22403,2009,31,Kings,4122 ,12.30 ,50698 ,283.86 ,14391000
22404,2009,33,Lake,7715 ,4.10 ,31623 ,1215.90 ,38450400
22405,2009,39,Madera,50300 ,9.80 ,493153 ,241.25 ,118975000
22406,2009,41,Marin,193 ,1.27 ,246 ,3186.59 ,783900
22407,2009,43,Mariposa,90 ,1.11 ,100 ,1050.00 ,105000
22408,2009,45,Mendocino,16616 ,3.59 ,59617 ,1316.78 ,78502500
22409,2009,47,Merced,11317 ,11.36 ,128596 ,325.21 ,41821000
22410,2009,53,Monterey,41114 ,4.99 ,205000 ,1161.38 ,238082000
22411,2009,55,Napa,43031 ,3.32 ,142976 ,3462.25 ,495018700
22412,2009,57,Nevada,248 ,10.44 ,2590 ,542.63 ,1405400
22413,2009,61,Placer,211 ,2.40 ,506 ,997.04 ,504500
22414,2009,65,Riverside,1891 ,3.45 ,6524 ,1085.99 ,7085000
22415,2009,67,Sacramento,25110 ,7.60 ,190836 ,495.50 ,94559000
22416,2009,69,San Benito,3806 ,4.75 ,18079 ,1042.98 ,18856000
22417,2009,71,San Bernardino,246 ,2.17 ,534 ,1637.27 ,874300
22418,2009,73,San Diego,489 ,1.50 ,734 ,1203.13 ,883100
22419,2009,77,San Joaquin,91170 ,7.42 ,676410 ,419.47 ,283735000
22420,2009,79,San Luis Obispo,34100 ,4.32 ,147380 ,1128.90 ,166378000
22421,2009,81,San Mateo,135 ,  ,  ,  ,625000
22422,2009,83,Santa Barbara,22050 ,4.50 ,99225 ,1385.00 ,137426600
22423,2009,85,Santa Clara,1516 ,3.70 ,5609 ,1244.96 ,6983000
22424,2009,87,Santa Cruz,629 ,2.31 ,1453 ,2229.18 ,3239000
22425,2009,89,Shasta,190 ,3.50 ,665 ,1120.00 ,744800
22426,2009,95,Solano,3731 ,4.72 ,17607 ,691.86 ,12181600
22427,2009,97,Sonoma,56306 ,3.78 ,212675 ,2186.61 ,465036400
22428,2009,105,Trinity,114 ,  ,  ,  ,237300
22429,2009,107,Tulare,17829 ,12.29 ,219160 ,252.50 ,55338000
22430,2009,113,Yolo,13187 ,7.63 ,100643 ,560.63 ,56423600
22431,2009,115,Yuba,91 ,3.87 ,352 ,1383.52 ,487000
22432,2009,991,Sum of Others,368 ,9.78 ,3599 ,244.01 ,878200
22433,2009,999,State Totals,554931 ,7.23 ,4010037 ,667.14 ,2676112700
24705,2010,1,Alameda,2240,5.63,12600,906.27,11419000
24706,2010,5,Amador,3430,2.92,10000,1038.3,10383000
24707,2010,9,Calaveras,800,3,2400,1300,3120000
24708,2010,17,El Dorado,1950,2.39,4670,1049.04,4899000
24709,2010,19,Fresno,60100,14.69,883000,279.97,247213000
24710,2010,29,Kern,34100,13.26,452000,264.38,119501000
24711,2010,31,Kings,4130,11.84,48900,255.32,12485000
24712,2010,33,Lake,7940,4.04,32100,1109.66,35620000
24713,2010,39,Madera,47600,10.4,495000,243.46,120514000
24714,2010,41,Marin,186,1.11,207,5125.6,1061000
24715,2010,43,Mariposa,95,1.03,98,820.41,80400
24716,2010,45,Mendocino,16700,3.95,65900,1121.46,73904000
24717,2010,47,Merced,11200,9.02,101000,334.29,33763000
24718,2010,51,Mono,25,3.52,88,647.73,57000
24719,2010,53,Monterey,43300,4.09,177000,976.93,172916000
24720,2010,55,Napa,43300,3.21,139000,3265.35,453883000
24721,2010,57,Nevada,236,3.12,736,1402.17,1032000
24722,2010,61,Placer,226,2,452,1070.8,484000
24723,2010,65,Riverside,2100,3.2,6710,1093.74,7339000
24724,2010,67,Sacramento,24600,8.41,207000,447.13,92556000
24725,2010,69,San Benito,3690,5.12,18900,894.66,16909000
24726,2010,71,San Bernardino,546,1.15,626,538.34,337000
24727,2010,73,San Diego,447,1.7,760,1032.89,785000
24728,2010,77,San Joaquin,95100,5.7,542000,456.9,247641000
24729,2010,79,San Luis Obispo,33800,5.15,174000,997.46,173558000
24730,2010,81,San Mateo,137,  ,  ,  ,613000
24731,2010,83,Santa Barbara,21800,3.79,82700,1177.45,97375000
24732,2010,85,Santa Clara,1530,3.59,5490,1285.79,7059000
24733,2010,87,Santa Cruz,607,2.22,1350,2271.11,3066000
24734,2010,89,Shasta,160,3.8,608,1049.34,638000
24735,2010,95,Solano,3620,3.76,13600,681.99,9275000
24736,2010,97,Sonoma,56500,3.4,192000,2033.58,390448000
24737,2010,105,Trinity,114,2.33,266,1214.29,323000
24738,2010,107,Tulare,18700,12.62,236000,260.17,61399000
24739,2010,113,Yolo,11400,6.62,75500,604.64,45650000
24740,2010,115,Yuba,76,4.3,327,1339.45,438000
24741,2010,991,Sum of Others,296,11.99,3550,299.15,1062000
24742,2010,999,State Totals,552781,7.21,3986538,616.62,2458805400
26996,2011,1,Alameda,2650,3.47,9190,1296.63,11916000
26997,2011,5,Amador,3480,2.93,10200,1144.71,11676000
26998,2011,9,Calaveras,900,2.4,2160,1350,2916000
26999,2011,11,Colusa,2400,7.25,17400,615.52,10710000
27000,2011,17,El Dorado,2010,2.12,4270,1203.04,5137000
27001,2011,19,Fresno,68900,13.13,905000,335.5,303628000
27002,2011,29,Kern,35000,11.66,408000,331.26,135155000
27003,2011,31,Kings,3590,15.1,54200,308.67,16730000
27004,2011,33,Lake,8180,4.16,34000,1176.26,39993000
27005,2011,39,Madera,48900,10.82,529000,307.56,162698000
27006,2011,41,Marin,186,1.03,191,4623.04,883000
27007,2011,43,Mariposa,106,0.75,80,1165,93200
27008,2011,45,Mendocino,16700,3.44,57400,1247.32,71596000
27009,2011,47,Merced,11600,10.09,117000,428.88,50179000
27010,2011,51,Mono,4,23.5,94,670.21,63000
27011,2011,53,Monterey,43000,2.88,124000,1136.9,140976000
27012,2011,55,Napa,43600,2.8,122000,3470.84,423442000
27013,2011,57,Nevada,343,5.19,1780,1101.12,1960000
27014,2011,61,Placer,190,1.94,368,1089.67,401000
27015,2011,65,Riverside,2772,2.3,6380,1050.31,6701000
27016,2011,67,Sacramento,27200,6.51,177000,525.01,92926000
27017,2011,69,San Benito,3650,3.75,13700,1026.06,14057000
27018,2011,71,San Bernardino,317,2.23,708,382.77,271000
27019,2011,73,San Diego,416,2,832,1086.54,904000
27020,2011,77,San Joaquin,92600,5.6,519000,550.56,285739000
27021,2011,79,San Luis Obispo,35100,3.28,115000,1128.16,129738000
27022,2011,81,San Mateo,135,  ,  ,  ,508000
27023,2011,83,Santa Barbara,20500,2.93,60100,1280.52,76959000
27024,2011,85,Santa Clara,1550,3.17,4910,1344.4,6601000
27025,2011,87,Santa Cruz,644,1.04,670,2398.51,1607000
27026,2011,89,Shasta,150,2.4,360,1050,378000
27027,2011,95,Solano,3900,3.67,14300,728.6,10419000
27028,2011,97,Sonoma,58100,2.87,167000,2078.32,347080000
27029,2011,105,Trinity,114,2.33,266,1214.29,323000
27030,2011,107,Tulare,21700,11.89,258000,306.47,79070000
27031,2011,113,Yolo,12000,6.8,81600,597.51,48757000
27032,2011,115,Yuba,57,2.19,125,1144,143000
27033,2011,991,Sum of Others,30,9.4,282,301.42,85000
27034,2011,999,State Totals,572674,6.67,3816566,652.92,2492418200
29300,2012,1,Alameda,2940 ,3.74 ,11000 ,1251.27 ,13764000
29301,2012,5,Amador,4000 ,3.25 ,13000 ,1183.38 ,15384000
29302,2012,9,Calaveras,910 ,2.50 ,2275 ,1236.92 ,2814000
29303,2012,11,Colusa,2450 ,10.29 ,25200 ,594.56 ,14983000
29304,2012,17,El Dorado,2060 ,2.75 ,5675 ,1378.68 ,7824000
29305,2012,19,Fresno,86700 ,10.38 ,900000 ,385.48 ,346934000
29306,2012,29,Kern,35800 ,10.59 ,379000 ,382.74 ,145059000
29307,2012,31,Kings,4110 ,12.90 ,53000 ,315.06 ,16698000
29308,2012,33,Lake,8160 ,4.26 ,34800 ,1375.86 ,47880000
29309,2012,39,Madera,51100 ,10.84 ,554000 ,374.78 ,207626000
29310,2012,41,Marin,186 ,2.08 ,387 ,3170.54 ,1227000
29311,2012,43,Mariposa,104 ,0.99 ,103 ,1135.92 ,117000
29312,2012,45,Mendocino,16800 ,4.23 ,71100 ,1438.90 ,102306000
29313,2012,47,Merced,12200 ,11.23 ,137000 ,421.80 ,57787000
29314,2012,51,Mono,3 ,25.00 ,75 ,653.33 ,49000
29315,2012,53,Monterey,45100 ,3.81 ,172000 ,1247.49 ,214568000
29316,2012,55,Napa,43200 ,4.24 ,183000 ,3585.99 ,656236000
29317,2012,57,Nevada,312 ,2.75 ,858 ,1393.94 ,1196000
29318,2012,61,Placer,197 ,3.55 ,699 ,1100.14 ,769000
29319,2012,65,Riverside,2740 ,3.15 ,8620 ,1240.37 ,10692000
29320,2012,67,Sacramento,32400 ,8.09 ,262000 ,570.74 ,149534000
29321,2012,69,San Benito,3650 ,4.77 ,17400 ,1097.53 ,19097000
29322,2012,71,San Bernardino,317 ,2.01 ,638 ,598.75 ,382000
29323,2012,73,San Diego,752 ,6.40 ,4810 ,1149.69 ,5530000
29324,2012,77,San Joaquin,109000 ,8.18 ,892000 ,605.72 ,540303000
29325,2012,79,San Luis Obisp,36600 ,4.10 ,150000 ,1319.60 ,197940000
29326,2012,81,San Mateo,131 , , , ,694000
29327,2012,83,Santa Barbara,20500 ,3.26 ,66800 ,1363.88 ,91107000
29328,2012,85,Santa Clara,1580 ,3.92 ,6190 ,1170.92 ,7248000
29329,2012,87,Santa Cruz,630 ,3.16 ,1990 ,2701.01 ,5375000
29330,2012,89,Shasta,160 ,1.50 ,240 ,975.00 ,234000
29331,2012,95,Solano,4040 ,5.89 ,23800 ,831.01 ,19778000
29332,2012,97,Sonoma,58300 ,4.58 ,267000 ,2183.30 ,582942000
29333,2012,105,Trinity,114 ,2.33 ,266 ,1214.29 ,323000
29334,2012,107,Tulare,15900 ,13.65 ,217000 ,348.53 ,75631000
29335,2012,113,Yolo,12200 ,7.84 ,95700 ,692.72 ,66293000
29336,2012,991,Sum of Others,246 ,5.41 ,1330 ,609.02 ,810000
29337,2012,999,State Totals,615592 ,7.41 ,4558956 ,795.45 ,3627134000
31557,2013,1,Alameda,2800.0,5.82,16300.0,979.45,15965000
31558,2013,5,Amador,4040.0,3.61,14600.0,1281.71,18713000
31559,2013,9,Calaveras,910.0,2.7,2460.0,1388.21,3415000
31560,2013,11,Colusa,2460.0,8.29,20400.0,638.82,13032000
31561,2013,17,El Dorado,2120.0,2.71,5740.0,1395.64,8011000
31562,2013,19,Fresno,54571.0,13.12,716000.0,409.68,293328000
31563,2013,29,Kern,27200.0,11.18,304000.0,408.35,124139000
31564,2013,31,Kings,4280.0,13.62,58300.0,326.9,19058000
31565,2013,33,Lake,8250.0,5.28,43600.0,1406.88,61340000
31566,2013,39,Madera,40000.0,11.05,442000.0,383.71,169601000
31567,2013,41,Marin,175.0,1.75,306.0,2856.21,874000
31568,2013,43,Mariposa,110.0,1.15,127.0,1283.46,163000
31569,2013,45,Mendocino,16800.0,4.64,77900.0,1452.37,113140000
31570,2013,47,Merced,12400.0,12.02,149000.0,424.19,63205000
31571,2013,51,Mono,25.0,3.0,75.0,637.33,47800
31572,2013,53,Monterey,43000.0,4.3,185000.0,1226.93,226982000
31573,2013,55,Napa,43600.0,4.01,175000.0,3749.91,656235000
31574,2013,57,Nevada,424.0,2.92,1240.0,1521.77,1887000
31575,2013,61,Placer,211.0,3.55,750.0,1225.33,919000
31576,2013,65,Riverside,2670.0,4.01,10700.0,1274.21,13634000
31577,2013,67,Sacramento,29000.0,8.41,244000.0,533.26,130115000
31578,2013,69,San Benito,3890.0,4.06,15800.0,1377.97,21772000
31579,2013,71,San Bernardino,270.0,0.69,185.0,978.38,181000
31580,2013,73,San Diego,842.0,5.0,4210.0,1547.03,6513000
31581,2013,77,San Joaquin,96400.0,8.93,861000.0,576.5,496370000
31582,2013,79,San Luis Obispo,36300.0,4.55,165000.0,1335.48,220355000
31583,2013,81,San Mateo,153.0,,,,1073000
31584,2013,83,Santa Barbara,21000.0,4.16,87400.0,1869.13,163362000
31585,2013,85,Santa Clara,1590.0,3.84,6100.0,1442.95,8802000
31586,2013,87,Santa Cruz,656.0,2.71,1780.0,2584.83,4601000
31587,2013,89,Shasta,160.0,2.0,320.0,1162.5,372000
31588,2013,95,Solano,3910.0,5.42,21200.0,848.92,17997000
31589,2013,97,Sonoma,59800.0,4.53,271000.0,2232.72,605068000
31590,2013,105,Trinity,114.0,2.33,266.0,1214.29,323000
31591,2013,107,Tulare,10900.0,16.24,177000.0,368.0,65136000
31592,2013,113,Yolo,13000.0,7.77,101000.0,688.05,69493000
31593,2013,991,Sum of Others,81.0,4.0,324.0,1200.62,389000
31594,2013,999,State Totals,544112.0,7.68,4180083.0,864.7,3615610800
33779,2014,1,Alameda,2420.0,4.38,10600.0,1486.42,15756000
33780,2014,5,Amador,3900.0,3.18,12400.0,1271.85,15771000
33781,2014,9,Calaveras,900.0,2.18,1960.0,1391.33,2727000
33782,2014,11,Colusa,2170.0,8.29,18000.0,548.61,9875000
33783,2014,17,El Dorado,2110.0,2.53,5340.0,1420.04,7583000
33784,2014,19,Fresno,58700.0,11.24,660000.0,391.95,258688000
33785,2014,29,Kern,27800.0,9.82,273000.0,314.21,85780000
33786,2014,31,Kings,4800.0,11.96,57400.0,289.79,16634000
33787,2014,33,Lake,8070.0,4.8,38700.0,1521.11,58867000
33788,2014,39,Madera,40300.0,9.73,392000.0,336.81,132031000
33789,2014,41,Marin,175.0,1.86,325.0,2163.08,703000
33790,2014,43,Mariposa,77.0,0.77,59.0,1118.64,66000
33791,2014,45,Mendocino,16900.0,3.67,62000.0,1511.15,93691000
33792,2014,47,Merced,12900.0,8.6,111000.0,300.92,33402000
33793,2014,53,Monterey,46000.0,4.35,200000.0,1236.79,247357000
33794,2014,55,Napa,43600.0,4.04,176000.0,4061.43,714811000
33795,2014,57,Nevada,342.0,3.86,1320.0,1341.67,1771000
33796,2014,61,Placer,212.0,2.57,545.0,1390.83,758000
33797,2014,65,Riverside,2720.0,3.93,10700.0,1274.3,13635000
33798,2014,67,Sacramento,30000.0,7.5,225000.0,581.62,130864000
33799,2014,69,San Benito,4470.0,2.86,12800.0,1198.05,15335000
33800,2014,71,San Bernardino,270.0,0.53,144.0,798.61,115000
33801,2014,73,San Diego,923.0,4.6,4250.0,1545.41,6568000
33802,2014,77,San Joaquin,102000.0,8.0,816000.0,590.0,481440000
33803,2014,79,San Luis Obispo,37400.0,3.82,143000.0,1425.07,203785000
33804,2014,81,San Mateo,154.0,,,,1031000
33805,2014,83,Santa Barbara,21100.0,4.29,90600.0,1713.64,155256000
33806,2014,85,Santa Clara,1600.0,3.53,5640.0,1483.69,8368000
33807,2014,87,Santa Cruz,654.0,2.55,1670.0,2921.56,4879000
33808,2014,89,Shasta,160.0,2.9,464.0,1133.62,526000
33809,2014,95,Solano,4380.0,5.25,23000.0,766.13,17621000
33810,2014,97,Sonoma,58300.0,4.39,256000.0,2315.62,592798000
33811,2014,107,Tulare,11200.0,15.98,179000.0,311.0,55669000
33812,2014,113,Yolo,12600.0,7.37,92800.0,743.1,68960000
33813,2014,999,State Total,559307.0,6.94,3881717.0,889.32,3453121000
35955,2015,1,Alameda,2400.0,4.14,9940.0,1529.98,15208000
35956,2015,5,Amador,4530.0,2.49,11300.0,1294.78,14631000
35957,2015,9,Calaveras,900.0,1.9,1710.0,1300.0,2223000
35958,2015,11,Colusa,1820.0,8.35,15200.0,463.82,7050000
35959,2015,13,Contra Costa,1900.0,4.44,8430.0,874.02,7368000
35960,2015,17,El Dorado,2220.0,2.42,5370.0,1508.19,8099000
35961,2015,19,Fresno,60200.0,12.79,770000.0,312.55,240662000
35962,2015,29,Kern,30000.0,8.63,259000.0,303.26,78544000
35963,2015,31,Kings,3330.0,12.19,40600.0,261.01,10597000
35964,2015,33,Lake,8060.0,4.81,38800.0,1633.76,63390000
35965,2015,39,Madera,39000.0,11.44,446000.0,302.0,134694000
35966,2015,41,Marin,175.0,0.59,103.0,3368.93,347000
35967,2015,43,Mariposa,73.0,0.52,38.0,1263.16,48000
35968,2015,45,Mendocino,16900.0,3.39,57300.0,1540.79,88287000
35969,2015,47,Merced,13700.0,9.2,126000.0,424.01,53425000
35970,2015,53,Monterey,44300.0,3.16,140000.0,1328.04,185925000
35971,2015,55,Napa,43000.0,2.88,124000.0,4410.76,546934000
35972,2015,57,Nevada,352.0,1.87,659.0,1349.01,889000
35973,2015,61,Placer,215.0,1.63,350.0,1488.57,521000
35974,2015,65,Riverside,2630.0,3.8,10000.0,1363.9,13639000
35975,2015,67,Sacramento,31200.0,7.12,222000.0,577.18,128134000
35976,2015,69,San Benito,4120.0,3.37,13900.0,1321.8,18373000
35977,2015,71,San Bernardino,373.0,0.46,171.0,608.19,104000
35978,2015,73,San Diego,969.0,3.0,2910.0,1454.64,4233000
35979,2015,77,San Joaquin,97900.0,6.23,610000.0,576.15,351453000
35980,2015,79,San Luis Obispo,39000.0,2.53,98800.0,1482.14,146435000
35981,2015,81,San Mateo,165.0,,,,677000
35982,2015,83,Santa Barbara,21300.0,3.12,66400.0,1599.37,106198000
35983,2015,85,Santa Clara,1540.0,2.09,3220.0,1710.87,5509000
35984,2015,87,Santa Cruz,656.0,1.26,827.0,2844.01,2352000
35985,2015,89,Shasta,160.0,1.2,192.0,817.71,157000
35986,2015,95,Solano,4440.0,4.03,17900.0,837.32,14988000
35987,2015,97,Sonoma,58200.0,3.14,183000.0,2440.1,446539000
35988,2015,107,Tulare,8860.0,16.25,144000.0,297.0,42768000
35989,2015,113,Yolo,13300.0,6.84,91000.0,774.31,70462000
35990,2015,991,Sum of Others,154.0,6.68,1029.0,420.41,432600
35991,2015,999,State Total,558042.0,6.31,3520149.0,798.44,2811295600
38110,2016,1,Alameda,2630.0,4.83,12700.0,1432.2,18189000
38111,2016,5,Amador,4260.0,3.17,13500.0,1335.41,18028000
38112,2016,9,Calaveras,696.0,2.89,2010.0,1375.62,2765000
38113,2016,11,Colusa,1390.0,10.36,14400.0,542.15,7807000
38114,2016,13,Contra Costa,2500.0,5.04,12600.0,1096.03,13810000
38115,2016,17,El Dorado,2340.0,2.58,6030.0,1449.59,8741000
38116,2016,19,Fresno,75500.0,10.0,755000.0,382.85,289053000
38117,2016,29,Kern,29700.0,7.85,233000.0,298.54,69559000
38118,2016,31,Kings,3730.0,13.62,50800.0,286.22,14540000
38119,2016,33,Lake,8230.0,5.65,46500.0,1691.27,78644000
38120,2016,39,Madera,37300.0,11.23,419000.0,314.01,131571000
38121,2016,41,Marin,182.0,1.37,250.0,3468.0,867000
38122,2016,43,Mariposa,73.0,0.52,38.0,1263.16,48000
38123,2016,45,Mendocino,16900.0,3.39,57300.0,1540.79,88287000
38124,2016,47,Merced,13600.0,11.18,152000.0,525.6,79891000
38125,2016,53,Monterey,44800.0,3.84,172000.0,1388.91,238892000
38126,2016,55,Napa,43400.0,3.53,153000.0,4768.02,729507000
38127,2016,57,Nevada,417.0,3.33,1390.0,1386.33,1927000
38128,2016,61,Placer,265.0,3.11,823.0,1245.44,1025000
38129,2016,65,Riverside,2630.0,2.09,5500.0,1746.18,9604000
38130,2016,67,Sacramento,33900.0,8.5,288000.0,639.59,184202000
38131,2016,69,San Benito,4380.0,4.86,21300.0,1460.89,31117000
38132,2016,71,San Bernardino,268.0,0.72,192.0,1463.54,281000
38133,2016,73,San Diego,930.0,2.71,2520.0,1192.46,3005000
38134,2016,77,San Joaquin,98000.0,7.31,716000.0,594.67,425781000
38135,2016,79,San Luis Obispo,40300.0,3.87,156000.0,1557.05,242900000
38136,2016,81,San Mateo,152.0,,,,703000
38137,2016,83,Santa Barbara,21300.0,3.87,82500.0,1837.94,151630000
38138,2016,85,Santa Clara,1580.0,2.84,4490.0,1703.56,7649000
38139,2016,87,Santa Cruz,626.0,2.43,1520.0,2988.82,4543000
38140,2016,89,Shasta,160.0,1.7,272.0,1110.29,302000
38141,2016,95,Solano,4110.0,5.79,23800.0,821.85,19560000
38142,2016,97,Sonoma,60000.0,3.77,226000.0,2595.21,586518000
38143,2016,105,Trinity,44.0,1.93,85.0,1729.41,147000
38144,2016,107,Tulare,9940.0,15.29,152000.0,303.0,46056000
38145,2016,113,Yolo,14500.0,7.1,103000.0,788.97,81264000
38146,2016,991,Sum of Others,4.0,2.25,9.0,1422.22,12800
38147,2016,999,State Total,580737.0,6.69,3885529.0,923.36,3588425800
40245,2017,1,Alameda,2420 ,5.08 ,12300 ,1447.32 ,17802000
40246,2017,5,Amador,4570 ,3.54 ,16200 ,1418.70 ,22983000
40247,2017,9,Calaveras,683 ,2.94 ,2010 ,1479.10 ,2973000
40248,2017,11,Colusa,1670 ,10.42 ,17400 ,773.10 ,13452000
40249,2017,13,Contra Costa,2550 ,5.06 ,12900 ,924.03 ,11920000
40250,2017,17,El Dorado,2340 ,2.53 ,5930 ,1503.20 ,8914000
40251,2017,19,Fresno,59700 ,13.32 ,795000 ,361.02 ,287013000
40252,2017,29,Kern,32200 ,8.60 ,277000 ,311.22 ,86209000
40253,2017,31,Kings,3600 ,15.64 ,56300 ,287.14 ,16166000
40254,2017,33,Lake,8230 ,5.65 ,46500 ,1691.27 ,78644000
40255,2017,39,Madera,36800 ,10.65 ,392000 ,304.11 ,119212000
40256,2017,41,Marin,195 ,1.49 ,291 ,3072.16 ,894000
40257,2017,43,Mariposa,73 ,0.52 ,38 ,1263.16 ,48000
40258,2017,45,Mendocino,16900 ,3.39 ,57300 ,1540.79 ,88287000
40259,2017,47,Merced,13600 ,10.37 ,141000 ,349.32 ,49254000
40260,2017,53,Monterey,44300 ,3.86 ,171000 ,1397.82 ,239027000
40261,2017,55,Napa,43600 ,3.26 ,142000 ,5287.55 ,750832000
40262,2017,57,Nevada,416 ,3.65 ,1520 ,1287.50 ,1957000
40263,2017,61,Placer,270 ,3.01 ,814 ,1371.01 ,1116000
40264,2017,65,Riverside,2530 ,3.44 ,8700 ,1520.34 ,13227000
40265,2017,67,Sacramento,35300 ,7.79 ,275000 ,618.84 ,170181000
40266,2017,69,San Benito,4380 ,4.86 ,21300 ,1460.89 ,31117000
40267,2017,71,San Bernardino,268 ,1.69 ,454 ,663.00 ,301000
40268,2017,73,San Diego,1210 ,2.30 ,2780 ,1386.33 ,3854000
40269,2017,77,San Joaquin,98100 ,6.79 ,666000 ,593.91 ,395541000
40270,2017,79,San Luis Obispo,42200 ,3.89 ,164000 ,1632.09 ,267662000
40271,2017,81,San Mateo,164 ,  ,  ,  ,1182000
40272,2017,83,Santa Barbara,21600 ,3.37 ,72700 ,2010.04 ,146130000
40273,2017,85,Santa Clara,1600 ,3.44 ,5510 ,1827.04 ,10067000
40274,2017,87,Santa Cruz,638 ,2.35 ,1500 ,3226.67 ,4840000
40275,2017,89,Shasta,170 ,2.50 ,425 ,1134.12 ,482000
40276,2017,95,Solano,4110 ,4.62 ,19000 ,1072.05 ,20369000
40277,2017,97,Sonoma,60000 ,3.43 ,206000 ,2807.34 ,578313000
40278,2017,105,Trinity,44 ,1.93 ,85 ,1729.41 ,147000
40279,2017,107,Tulare,9450 ,17.35 ,164000 ,308.00 ,50512000
40280,2017,113,Yolo,14800 ,6.89 ,102000 ,843.25 ,86012000
40281,2017,991,Sum of Others,670 ,9.81 ,6570 ,811.35 ,5330600
40282,2017,999,State Total,571351 ,6.76 ,3863527 ,926.82 ,3581970600
42378,2018,1,Alameda,3390 ,5.34 ,18100 ,1503.04 ,27205000
42379,2018,5,Amador,4910 ,3.71 ,18200 ,1362.09 ,24790000
42380,2018,9,Calaveras,711 ,3.21 ,2280 ,1486.84 ,3390000
42381,2018,11,Colusa,1970 ,8.22 ,16200 ,853.46 ,13826000
42382,2018,13,Contra Costa,2440 ,5.29 ,12900 ,897.83 ,11582000
42383,2018,17,El Dorado,2670 ,2.57 ,6850 ,1630.51 ,11169000
42384,2018,19,Fresno,59500 ,12.92 ,769000 ,373.14 ,286941000
42385,2018,29,Kern,29200 ,9.45 ,276000 ,299.00 ,82523000
42386,2018,31,Kings,3670 ,15.07 ,55300 ,293.16 ,16212000
42387,2018,33,Lake,9250 ,5.02 ,46400 ,1755.82 ,81470000
42388,2018,39,Madera,34800 ,11.15 ,388000 ,323.02 ,125331000
42389,2018,41,Marin,195 ,1.96 ,382 ,3201.57 ,1223000
42390,2018,43,Mariposa,73 ,0.52 ,38 ,1263.16 ,48000
42391,2018,45,Mendocino,16700 ,4.90 ,81900 ,1684.40 ,137952000
42392,2018,47,Merced,13400 ,9.70 ,130000 ,392.85 ,51070000
42393,2018,53,Monterey,44900 ,4.01 ,180000 ,1376.43 ,247758000
42394,2018,55,Napa,43400 ,4.26 ,185000 ,5614.05 ,1038600000
42395,2018,57,Nevada,416 ,4.52 ,1880 ,1284.57 ,2415000
42396,2018,61,Placer,293 ,3.65 ,1070 ,1355.14 ,1450000
42397,2018,65,Riverside,2310 ,3.81 ,8800 ,1623.52 ,14287000
42398,2018,67,Sacramento,36400 ,8.79 ,320000 ,583.68 ,186777000
42399,2018,69,San Benito,4740 ,4.77 ,22600 ,1500.66 ,33915000
42400,2018,71,San Bernardino,223 ,0.35 ,78 ,1205.13 ,94000
42401,2018,73,San Diego,1640 ,2.00 ,3280 ,1399.70 ,4591000
42402,2018,77,San Joaquin,97200 ,7.73 ,751000 ,573.23 ,430492000
42403,2018,79,San Luis Obispo,42900 ,4.13 ,177000 ,1559.33 ,276002000
42404,2018,81,San Mateo,126 ,  ,  ,  ,1407000
42405,2018,83,Santa Barbara,16200 ,3.65 ,59100 ,2052.57 ,121307000
42406,2018,85,Santa Clara,1670 ,3.74 ,6250 ,1797.60 ,11235000
42407,2018,87,Santa Cruz,630 ,2.27 ,1430 ,2934.97 ,4197000
42408,2018,89,Shasta,170 ,2.60 ,442 ,1138.01 ,503000
42409,2018,95,Solano,3720 ,6.45 ,24000 ,1225.17 ,29404000
42410,2018,97,Sonoma,59900 ,4.61 ,276000 ,2817.66 ,777675000
42411,2018,103,Tehama,141 ,5.16 ,728 ,1837.91 ,1338000
42412,2018,105,Trinity,44 ,1.93 ,85 ,1729.41 ,147000
42413,2018,107,Tulare,8410 ,17.72 ,149000 ,314.00 ,46786000
42414,2018,113,Yolo,14800 ,6.53 ,96600 ,865.38 ,83596000
42415,2018,991,Sum of Others,304 ,5.76 ,1750 ,1298.29 ,2272000
42416,2018,999,State Totals,563416 ,7.26 ,4087643 ,1024.94 ,4190980000
44505,2019,1,Alameda,3390,5.34,18100,1503.04,27205000
44506,2019,5,Amador,4880,3.55,17300,1250,21625000
44507,2019,9,Calaveras,711,4.5,3200,1419.69,4543000
44508,2019,11,Colusa,1890,8.84,16700,806.35,13466000
44509,2019,13,Contra Costa,2140,5.47,11700,809.4,9470000
44510,2019,17,El Dorado,2640,2.66,7020,1722.51,12092000
44511,2019,19,Fresno,53500,13.83,740000,343.65,254300000
44512,2019,29,Kern,28500,8.46,241000,238.81,57554000
44513,2019,31,Kings,3670,17.19,63100,268.86,16965000
44514,2019,33,Lake,9340,5.05,47200,1773.62,83715000
44515,2019,39,Madera,34100,11.26,384000,340.01,130562000
44516,2019,41,Marin,195,2.08,406,3371.92,1369000
44517,2019,43,Mariposa,73,0.52,38,1263.16,48000
44518,2019,45,Mendocino,16500,4.11,67800,1678.6,113809000
44519,2019,47,Merced,13200,11.36,150000,398.3,59745000
44520,2019,53,Monterey,44700,2.95,132000,1409.82,186096000
44521,2019,55,Napa,44200,3.62,160000,5862.26,937962000
44522,2019,57,Nevada,416,3.92,1630,1564.42,2550000
44523,2019,61,Placer,307,3.75,1150,1386.09,1594000
44524,2019,65,Riverside,1730,3.82,6600,2503.64,16524000
44525,2019,67,Sacramento,35500,8.9,316000,555.13,175422000
44526,2019,69,San Benito,4740,4.62,21900,1526.21,33424000
44527,2019,71,San Bernardino,219,1.38,302,1231.79,372000
44528,2019,73,San Diego,1510,2.38,3600,1550,5580000
44529,2019,77,San Joaquin,95900,7.11,682000,546.14,372467000
44530,2019,79,San Luis Obispo,48400,3.1,150000,1695.15,254273000
44531,2019,81,San Mateo,181,  ,  ,  ,1341000
44532,2019,83,Santa Barbara,14900,3.37,50200,2113.13,106079000
44533,2019,85,Santa Clara,1700,3.4,5780,1997.4,11545000
44534,2019,87,Santa Cruz,679,2.55,1730,3384.97,5856000
44535,2019,89,Shasta,170,1.7,289,1000,289000
44536,2019,95,Solano,3730,5.47,20400,1058.19,21587000
44537,2019,97,Sonoma,57500,4,230000,2843.57,654021000
44538,2019,99,Stanislaus,9230,9.17,84600,481.54,40738000
44539,2019,103,Tehama,162,3.36,544,1604.78,873000
44540,2019,105,Trinity,44,1.93,85,1729.41,147000
44541,2019,107,Tulare,6260,18.69,117000,290,33930000
44542,2019,113,Yolo,19100,7.17,137000,789.36,108143000
44543,2019,991,Sum of Others,933,  ,  ,  ,7423000
44544,2019,999,State Totals,566940,6.88,3890374,970.59,3784704000
46520,2020,1,Alameda,2530,5.14,13000,1497.69,19470000
46521,2020,5,Amador,5360,2.31,12400,1318.31,16347000
46522,2020,9,Calaveras,579,3.06,1770,1325.99,2347000
46523,2020,11,Colusa,747,6.02,4500,684.67,3081000
46524,2020,13,Contra Costa,1940,4.69,9090,751.27,6829000
46525,2020,17,El Dorado,2620,2.38,6240,1548.56,9663000
46526,2020,19,Fresno,56900,12.13,690000,362.14,249877000
46527,2020,29,Kern,25200,7.54,190000,314.04,59668000
46528,2020,31,Kings,3590,16.46,59100,286.87,16954000
46529,2020,33,Lake,9580,4.12,39500,1329.37,52510000
46530,2020,39,Madera,33000,11.82,390000,348.98,136101000
46531,2020,41,Marin,195,1.33,260,3607.69,938000
46532,2020,45,Mendocino,16400,3.37,55200,1488.8,82182000
46533,2020,47,Merced,13200,10.91,144000,440.41,63419000
46534,2020,53,Monterey,44900,2.1,94300,1123.98,105991000
46535,2020,55,Napa,45200,2.2,99300,4646.48,461395000
46536,2020,57,Nevada,408,  ,  ,  ,2666000
46537,2020,61,Placer,315,2.79,879,2235.49,1965000
46538,2020,65,Riverside,1740,6.72,11700,1623.93,19000000
46539,2020,67,Sacramento,36000,8.19,295000,528.73,155975000
46540,2020,69,San Benito,4740,5.23,24800,1402.14,34773000
46541,2020,71,San Bernardino,372,0.61,227,1938.33,440000
46542,2020,73,San Diego,1370,2.24,3070,1695.77,5206000
46543,2020,77,San Joaquin,91200,6.67,608000,560.71,340913000
46544,2020,79,San Luis Obispo,43800,3.04,133000,1640.89,218238000
46545,2020,81,San Mateo,176,  ,  ,  ,1312000
46546,2020,83,Santa Barbara,14400,2.97,42800,2192.43,93836000
46547,2020,85,Santa Clara,1730,3.49,6040,1983.77,11982000
46548,2020,87,Santa Cruz,670,2.39,1600,3008.75,4814000
46549,2020,89,Shasta,200,2.5,500,1000,500000
46550,2020,95,Solano,4000,5.6,22400,945.94,21189000
46551,2020,97,Sonoma,56800,2.61,148000,2375.08,351512000
46552,2020,99,Stanislaus,8500,9.49,80700,440.61,35557000
46553,2020,103,Tehama,138,4.23,584,1804.79,1054000
46554,2020,107,Tulare,6500,17.23,112000,317,35504000
46555,2020,113,Yolo,19200,7.81,150000,699.67,104951000
46556,2020,999,State Totals,554200,6.23,3449960,789.63,2728159000
