year,county code,county,harvested acres,yield,production,price p/u,value,annual_precip,annual_tavg,annual_tmin,annual_tmax,annual_var,season_precip,season_tavg,season_tmin,season_tmax,season_var
2000,19,Fresno,75139 ,11.12 ,835310 ,177 ,147550000,20.72000000000001,55.708333333333336,31.4,87.1,59.40000000000001,3.4400000000000004,65.41666666666667,41.1,87.1,17.700000000000003
2000,39,Madera,56410 ,9.92 ,559563 ,186 ,103830000,25.89,56.51666666666668,31.8,88.9,60.9,4.01,66.16666666666667,41.0,88.9,18.2
2000,55,Napa,32365 ,4.23 ,136962 ,2464 ,337469000,31.24,59.26666666666667,38.1,88.6,49.0,4.21,67.18333333333332,45.2,88.6,12.199999999999996
2000,67,Sacramento,25024 ,7.10 ,177670 ,536 ,95231000,23.98,61.741666666666674,38.8,91.8,56.49999999999999,3.45,70.71666666666665,48.3,91.8,14.799999999999995
2000,77,San Joaquin,80711 ,7.74 ,624800 ,473 ,295793000,17.569999999999997,61.63333333333333,38.1,91.6,55.10000000000001,2.22,70.39999999999999,47.8,91.6,13.799999999999995
2000,79,San Luis Obispo,18801 ,5.39 ,101430 ,1328 ,134733000,17.950000000000003,59.375,36.4,88.1,45.70000000000002,2.9199999999999995,66.55000000000001,44.1,88.1,12.300000000000011
2000,97,Sonoma,42220 ,4.52 ,190789 ,2043 ,389781900,39.18,56.99166666666667,38.8,79.9,34.60000000000001,5.71,62.583333333333336,44.5,79.9,7.300000000000011
2000,113,Yolo,9496 ,6.86 ,65143 ,627 ,40873000,22.23,61.61666666666665,38.2,93.3,57.00000000000003,3.1300000000000003,70.78333333333332,47.8,93.3,15.000000000000028
2001,19,Fresno,76393,8.37,639180,167,106924000,23.210000000000004,56.36666666666665,28.4,88.6,69.6,3.7199999999999993,66.28333333333332,35.7,88.6,10.799999999999995
2001,39,Madera,55970,8.45,473146,162,76642000,27.11,56.95,29.0,89.8,69.69999999999999,3.77,66.78333333333335,36.3,89.8,10.899999999999975
2001,55,Napa,35095,3.6,126438,2802,354338000,37.82,60.07500000000001,35.0,89.2,55.69999999999999,1.5699999999999998,67.75,40.7,89.2,6.900000000000006
2001,67,Sacramento,25802,6,154812,616,95364000,22.09,62.73333333333333,36.0,93.4,59.69999999999999,2.26,71.45,44.1,93.4,6.599999999999994
2001,77,San Joaquin,83908,6.91,579400,418,242188000,16.970000000000002,62.45000000000001,35.5,92.7,59.3,1.77,71.10000000000001,43.6,92.7,6.900000000000006
2001,79,San Luis Obispo,21614,4.82,104107,1326,138054000,22.700000000000006,59.39166666666667,34.0,87.8,52.400000000000006,1.62,66.63333333333334,40.2,87.8,7.0
2001,83,Santa Barbara,16634,5.52,91820,1289,118328400,26.94,58.06666666666666,36.8,81.8,44.2,1.74,63.73333333333333,40.8,81.8,7.299999999999997
2001,97,Sonoma,43589,3.98,173583,2157,374389700,48.8,57.575,35.7,81.4,44.3,2.06,63.03333333333334,39.8,81.4,5.400000000000006
2001,113,Yolo,10242,5.43,55614,598,33241000,25.4,62.78333333333333,35.6,94.6,60.9,1.5,71.65,43.5,94.6,7.299999999999997
2002,19,Fresno,85701,10.83,928100,141,131189000,15.549999999999995,55.88333333333333,29.0,90.2,69.79999999999998,1.82,65.61666666666666,39.8,90.2,23.0
2002,39,Madera,67600,10.23,691528,130,89589000,18.62,56.45833333333334,29.7,91.2,69.39999999999999,2.52,66.06666666666666,40.0,91.2,23.19999999999999
2002,53,Monterey,37325,3.86,143947,1022,147065000,16.86,58.37500000000001,33.9,86.9,46.10000000000001,1.02,64.64999999999999,42.3,86.9,12.70000000000001
2002,55,Napa,37072,3.51,130099,2920,379930000,31.669999999999995,59.458333333333336,35.8,89.4,53.0,1.5499999999999998,67.05,44.2,89.4,14.4
2002,67,Sacramento,26597,6.20,164901,448,73876000,16.71,61.96666666666667,36.6,94.9,60.40000000000001,1.71,70.81666666666666,47.2,94.9,15.40000000000002
2002,77,San Joaquin,83263,6.12,509355,416,211940000,13.07,61.65833333333333,36.6,93.6,59.3,0.73,70.41666666666667,46.9,93.6,14.600000000000009
2002,79,San Luis Obispo,25206,3.77,95101,1240,117896000,12.02,59.00000000000001,34.0,88.7,51.99999999999999,0.78,66.1,42.5,88.7,15.099999999999994
2002,83,Santa Barbara,16667,2.93,48834,1482,72373900,11.939999999999998,57.875,36.6,82.5,42.9,0.53,63.21666666666667,43.0,82.5,12.599999999999994
2002,97,Sonoma,46587,3.93,183139,2055,376422300,39.61,57.09166666666667,38.1,80.6,38.4,1.68,62.366666666666674,43.8,80.6,10.699999999999989
2002,113,Yolo,9699,7.63,74003,604,44675000,19.700000000000003,62.00833333333335,36.5,95.3,60.79999999999999,1.21,71.0,46.6,95.3,16.099999999999994
2003,19,Fresno,72186 ,10.09 ,728500 ,166.12 ,121015000,16.46,56.491666666666674,31.9,91.8,74.40000000000002,5.77,65.5,36.1,91.8,23.70000000000001
2003,39,Madera,62600 ,9.47 ,593056 ,148.37 ,87991000,19.44,57.04166666666666,31.9,92.6,74.20000000000002,7.049999999999999,66.05,36.5,92.6,22.90000000000001
2003,53,Monterey,34287 ,4.41 ,151344 ,1058.64 ,160219000,16.409999999999997,59.29166666666666,37.5,89.4,53.100000000000016,3.92,65.15,39.9,89.4,13.500000000000014
2003,55,Napa,39106 ,3.29 ,128814 ,2985.70 ,384600000,30.450000000000003,59.88333333333333,38.1,92.7,62.80000000000001,6.789999999999999,66.96666666666668,40.7,92.7,16.900000000000006
2003,67,Sacramento,23698 ,6.30 ,149297 ,422.00 ,63003000,16.52,62.54166666666666,40.0,97.5,64.6,4.89,70.8,44.2,97.5,20.30000000000001
2003,77,San Joaquin,82350 ,5.74 ,472800 ,368.52 ,174235900,11.82,62.53333333333334,39.9,96.5,60.3,3.09,70.64999999999999,45.1,96.5,18.8
2003,79,San Luis Obispo,29626 ,3.89 ,115188 ,1071.76 ,123454000,12.49,60.06666666666666,37.9,91.5,60.0,3.12,66.61666666666666,40.2,91.5,16.699999999999996
2003,83,Santa Barbara,16667 ,2.88 ,48001 ,1371.81 ,65848300,13.94,58.825,39.2,84.2,48.80000000000001,3.84,63.66666666666668,41.1,84.2,14.100000000000009
2003,97,Sonoma,52176 ,3.08 ,160768 ,1967.20 ,316262300,41.95,57.43333333333334,39.0,83.8,50.19999999999999,8.48,62.333333333333336,40.3,83.8,12.199999999999989
2003,113,Yolo,10334 ,6.76 ,69858 ,534.89 ,37366000,19.09,62.41666666666666,39.3,98.4,68.0,4.379999999999999,70.81666666666666,43.0,98.4,20.200000000000003
2004,19,Fresno,96692 ,9.01 ,871000 ,226.31 ,197117000,18.64,55.82500000000001,30.9,88.6,66.20000000000002,0.91,65.8,41.0,88.6,20.00000000000001
2004,39,Madera,66200 ,9.25 ,612467 ,218.73 ,133966000,21.17,56.458333333333336,31.3,89.9,65.99999999999999,1.14,66.48333333333333,41.3,89.9,20.2
2004,53,Monterey,38614 ,4.45 ,172000 ,1013.84 ,174380000,21.9,58.78333333333333,37.2,85.9,43.9,0.1,65.28333333333333,41.8,85.9,11.0
2004,55,Napa,40439 ,2.96 ,119874 ,2915.56 ,349500000,31.23,60.07500000000001,38.5,89.2,53.09999999999999,0.58,67.81666666666668,45.0,89.2,11.999999999999986
2004,67,Sacramento,25756 ,6.50 ,167414 ,444.60 ,74432000,18.11,62.41666666666666,39.2,92.8,58.90000000000001,0.5700000000000001,71.51666666666667,48.9,92.8,12.500000000000014
2004,77,San Joaquin,83657 ,5.57 ,466331 ,403.09 ,187974100,14.62,62.19166666666666,39.1,91.9,58.2,0.6499999999999999,71.23333333333333,48.8,91.9,12.0
2004,79,San Luis Obispo,31913 ,4.00 ,127788 ,997.24 ,127435000,18.59,59.31666666666666,36.4,87.6,48.500000000000014,0.03,66.64999999999999,42.3,87.6,12.900000000000006
2004,83,Santa Barbara,17408 ,3.67 ,63887 ,1305.86 ,83427500,19.96,58.34166666666668,37.9,82.1,41.2,0.01,64.25,43.5,82.1,9.20000000000001
2004,97,Sonoma,50010 ,3.31 ,165783 ,1882.64 ,312110200,41.62,57.833333333333336,40.3,82.4,42.30000000000001,1.4300000000000002,63.583333333333336,43.9,82.4,9.5
2004,113,Yolo,9909 ,6.13 ,60739 ,548.92 ,33341000,21.200000000000003,62.45,38.6,94.0,58.89999999999999,0.42,71.53333333333335,47.9,94.0,12.59999999999998
2005,19,Fresno,77598 ,11.32 ,878500 ,223.29 ,196162000,24.860000000000003,55.66666666666666,32.6,91.8,68.80000000000001,4.949999999999999,64.0,36.2,91.8,31.1
2005,39,Madera,57600 ,10.73 ,618250 ,226.09 ,139782000,30.06,56.25,33.5,92.9,68.3,5.77,64.53333333333335,36.5,92.9,30.90000000000001
2005,53,Monterey,38179 ,7.05 ,269000 ,946.52 ,254615000,24.62,59.01666666666666,39.3,88.5,45.00000000000002,2.6900000000000004,64.2,39.8,88.5,17.900000000000013
2005,55,Napa,41910 ,4.32 ,181025 ,2987.43 ,540800000,43.13,59.35833333333334,37.7,92.1,55.89999999999999,6.23,66.01666666666667,41.9,92.1,22.099999999999987
2005,67,Sacramento,28045 ,8.70 ,243992 ,443.20 ,108137000,24.21,62.241666666666674,39.5,97.4,64.49999999999999,3.76,70.14999999999999,45.5,97.4,24.799999999999983
2005,77,San Joaquin,95669 ,7.36 ,703870 ,410.10 ,288660000,17.88,62.12500000000001,39.9,96.5,63.1,2.76,69.93333333333334,46.0,96.5,23.8
2005,79,San Luis Obispo,33690 ,5.90 ,198819 ,977.64 ,194373000,19.76,59.63333333333335,39.2,91.4,49.5,2.33,65.53333333333332,40.4,91.4,22.8
2005,83,Santa Barbara,20308 ,6.18 ,125503 ,1277.78 ,160365200,24.540000000000003,58.63333333333333,41.2,83.7,37.20000000000001,1.85,63.116666666666674,41.2,83.7,16.400000000000006
2005,97,Sonoma,57050 ,4.05 ,230910 ,1864.64 ,430563500,55.6,57.00833333333333,39.3,82.6,42.8,9.18,61.51666666666667,41.5,82.6,15.800000000000011
2005,113,Yolo,8464 ,8.38 ,70930 ,591.67 ,41967000,28.08,62.06666666666666,38.2,98.4,65.5,3.61,70.10000000000001,44.7,98.4,25.10000000000001
2006,19,Fresno,64116 ,8.83 ,566400 ,209.56 ,118692000,23.48,55.45,29.8,92.2,81.9,6.83,65.91666666666667,38.9,92.2,25.999999999999996
2006,39,Madera,54200 ,8.97 ,486375 ,193.81 ,94266000,27.380000000000003,56.125,30.3,93.5,80.4,8.0,66.5,39.6,93.5,26.40000000000001
2006,53,Monterey,38165 ,5.50 ,210000 ,1038.01 ,217983000,23.08,58.21666666666668,35.5,91.1,58.2,5.8100000000000005,65.13333333333333,43.2,91.1,19.39999999999999
2006,55,Napa,42188 ,3.62 ,152776 ,3070.33 ,469072900,34.07,59.13333333333335,36.9,93.6,65.60000000000002,7.08,67.51666666666667,44.8,93.6,20.30000000000001
2006,67,Sacramento,25496 ,7.00 ,178472 ,408.70 ,72942000,19.67,61.93333333333333,37.5,97.8,70.60000000000002,5.05,71.45,48.1,97.8,22.0
2006,77,San Joaquin,92501 ,0.06 ,5610 ,36342.07 ,203879000,15.639999999999995,61.8,37.2,97.7,68.0,4.01,71.13333333333334,48.1,97.7,22.10000000000001
2006,79,San Luis Obispo,34662 ,4.27 ,148005 ,1026.92 ,151990000,18.210000000000004,58.99166666666665,35.2,92.6,65.6,5.199999999999999,66.60000000000001,43.5,92.6,21.80000000000001
2006,83,Santa Barbara,20829 ,4.43 ,92272 ,1163.71 ,107377800,18.820000000000004,58.43333333333333,36.9,87.2,54.399999999999984,6.449999999999999,64.48333333333333,43.5,87.2,18.69999999999999
2006,97,Sonoma,55507 ,3.90 ,216248 ,1990.76 ,430496900,48.17,56.76666666666666,38.3,85.1,51.600000000000016,9.52,62.93333333333334,44.3,85.1,15.900000000000006
2006,113,Yolo,10156 ,6.69 ,67944 ,559.98 ,38047300,21.43,61.74999999999999,37.5,98.4,71.30000000000001,5.02,71.41666666666667,47.3,98.4,21.700000000000003
2007,19,Fresno,61224 ,11.81 ,722800 ,214.36 ,154942000,10.329999999999998,55.85,25.4,88.9,71.89999999999999,1.71,65.58333333333334,40.0,88.9,22.499999999999996
2007,39,Madera,53500 ,10.59 ,566559 ,206.58 ,117042000,11.560000000000002,56.6,26.0,90.3,71.6,1.7100000000000002,66.3,40.2,90.3,22.29999999999999
2007,53,Monterey,39636 ,5.65 ,224000 ,1123.23 ,251604000,9.71,58.09166666666667,31.0,87.3,50.20000000000001,1.5,64.58333333333333,41.0,87.3,14.800000000000011
2007,55,Napa,42338 ,3.43 ,145115 ,3256.77 ,472606600,17.53,59.43333333333332,33.0,89.5,54.9,2.44,67.13333333333334,43.8,89.5,14.599999999999987
2007,67,Sacramento,24637 ,7.00 ,172459 ,432.40 ,74571000,12.52,62.00833333333332,32.3,93.7,63.000000000000014,2.24,70.81666666666668,47.3,93.7,16.500000000000014
2007,77,San Joaquin,88913 ,6.28 ,557950 ,386.08 ,215416000,8.860000000000001,62.03333333333333,32.6,92.8,62.39999999999999,1.65,70.76666666666667,47.9,92.8,15.399999999999991
2007,79,San Luis Obispo,34408 ,3.96 ,136276 ,1039.61 ,141674000,7.75,59.24166666666667,31.2,88.7,54.99999999999999,0.7100000000000001,66.41666666666667,42.2,88.7,17.199999999999996
2007,83,Santa Barbara,21263 ,3.35 ,71231 ,1402.74 ,99918600,8.01,58.225,34.1,83.2,44.30000000000001,0.87,63.61666666666667,43.1,83.2,14.600000000000009
2007,97,Sonoma,54899 ,3.62 ,198533 ,2098.14 ,416549600,26.8,56.975,34.4,81.6,43.09999999999999,3.16,62.71666666666666,42.7,81.6,12.199999999999989
2007,113,Yolo,11898 ,7.13 ,84853 ,548.16 ,46513300,12.11,62.04999999999999,32.6,94.4,61.79999999999999,2.12,70.91666666666667,47.0,94.4,15.899999999999991
2008,19,Fresno,69631 ,14.94 ,1040100 ,250.93 ,260990000,16.06,56.183333333333344,29.2,89.8,71.6,0.97,66.16666666666667,37.2,89.8,21.0
2008,39,Madera,55200 ,10.06 ,555466 ,250.29 ,139027000,18.57,56.65,30.0,90.4,70.80000000000001,0.94,66.63333333333333,37.2,90.4,20.0
2008,53,Monterey,40144 ,5.01 ,201000 ,1185.90 ,238366000,17.769999999999996,58.583333333333336,34.5,87.8,48.49999999999999,0.47,64.9,38.7,87.8,13.599999999999994
2008,55,Napa,42870 ,2.70 ,115864 ,3451.57 ,399913100,25.130000000000003,59.625,34.9,91.2,58.900000000000006,0.29,67.7,40.5,91.2,13.900000000000013
2008,67,Sacramento,24464 ,5.36 ,131125 ,513.80 ,67372000,14.739999999999998,62.17500000000001,36.1,94.6,64.7,0.16,71.39999999999999,43.8,94.6,13.799999999999995
2008,77,San Joaquin,89025 ,5.28 ,470060 ,469.39 ,220643000,10.05,62.06666666666667,36.5,94.2,64.29999999999998,0.07,71.2,44.2,94.2,13.999999999999986
2008,79,San Luis Obispo,34622 ,2.99 ,103507 ,1199.20 ,124126000,14.310000000000002,59.76666666666666,35.0,89.6,54.1,0.46,66.96666666666665,40.3,89.6,16.900000000000013
2008,83,Santa Barbara,21643 ,2.86 ,61797 ,1394.05 ,86148100,20.42,58.92499999999999,38.5,83.6,43.30000000000001,0.35,64.31666666666666,41.0,83.6,13.900000000000006
2008,97,Sonoma,55431 ,3.05 ,168992 ,2255.09 ,381092000,30.88,57.14166666666666,36.2,83.4,46.8,0.43,63.1,39.6,83.4,12.0
2008,113,Yolo,12002 ,6.45 ,77402 ,542.70 ,42006000,17.310000000000002,62.06666666666666,35.3,95.9,66.19999999999999,0.1,71.46666666666667,42.9,95.9,15.099999999999994
2009,19,Fresno,64376 ,12.48 ,803560 ,253.16 ,203428000,16.71,55.86666666666665,29.8,90.9,70.6,2.1,66.33333333333333,37.2,90.9,16.10000000000001
2009,39,Madera,50300 ,9.80 ,493153 ,241.25 ,118975000,19.62,56.48333333333333,30.2,91.6,68.09999999999998,2.62,66.83333333333333,37.6,91.6,15.099999999999994
2009,53,Monterey,41114 ,4.99 ,205000 ,1161.38 ,238082000,18.42,58.66666666666666,36.6,87.5,45.49999999999999,0.95,65.46666666666665,40.1,87.5,7.699999999999989
2009,55,Napa,43031 ,3.32 ,142976 ,3462.25 ,495018700,25.6,59.39166666666666,36.5,89.7,53.59999999999999,2.84,67.53333333333332,42.2,89.7,8.399999999999977
2009,67,Sacramento,25110 ,7.60 ,190836 ,495.50 ,94559000,17.4,62.025,37.0,94.4,60.30000000000001,2.44,71.53333333333335,45.7,94.4,8.700000000000017
2009,77,San Joaquin,91170 ,7.42 ,676410 ,419.47 ,283735000,11.7,61.85833333333334,37.1,93.6,58.8,1.42,71.18333333333332,45.8,93.6,7.700000000000003
2009,79,San Luis Obispo,34100 ,4.32 ,147380 ,1128.90 ,166378000,13.510000000000002,59.65,36.8,90.4,53.00000000000001,0.7200000000000001,67.25,40.1,90.4,10.099999999999994
2009,83,Santa Barbara,22050 ,4.50 ,99225 ,1385.00 ,137426600,13.14,58.53333333333333,38.6,83.2,45.800000000000026,0.56,64.23333333333333,40.6,83.2,8.700000000000031
2009,97,Sonoma,56306 ,3.78 ,212675 ,2186.61 ,465036400,29.53,56.975,38.0,83.4,42.40000000000001,4.2700000000000005,62.88333333333333,41.5,83.4,7.600000000000001
2009,113,Yolo,13187 ,7.63 ,100643 ,560.63 ,56423600,18.45,62.025,36.6,95.7,60.10000000000001,2.19,71.61666666666666,45.1,95.7,9.5
2010,19,Fresno,60100,14.69,883000,279.97,247213000,29.56,54.60833333333333,32.6,88.9,63.4,4.409999999999999,63.1,35.0,88.9,26.8
2010,39,Madera,47600,10.4,495000,243.46,120514000,32.82,55.20000000000001,33.8,89.9,62.19999999999999,5.4,63.56666666666666,35.4,89.9,26.3
2010,53,Monterey,43300,4.09,177000,976.93,172916000,29.000000000000007,57.86666666666667,38.4,84.8,36.5,4.409999999999999,63.00000000000001,39.9,84.8,12.300000000000004
2010,55,Napa,43300,3.21,139000,3265.35,453883000,42.59,58.35,39.7,86.8,48.39999999999998,6.76,64.86666666666666,40.8,86.8,15.399999999999975
2010,67,Sacramento,24600,8.41,207000,447.13,92556000,24.62,61.15000000000001,41.6,92.7,53.0,4.209999999999999,68.63333333333334,44.6,92.7,16.300000000000004
2010,77,San Joaquin,95100,5.7,542000,456.9,247641000,18.96,61.05,41.7,92.0,51.500000000000014,3.03,68.41666666666667,44.5,92.0,15.300000000000018
2010,79,San Luis Obispo,33800,5.15,174000,997.46,173558000,27.45,58.56666666666667,39.0,85.9,40.89999999999999,2.68,64.41666666666667,40.8,85.9,14.399999999999991
2010,83,Santa Barbara,21800,3.79,82700,1177.45,97375000,30.250000000000004,57.525000000000006,40.2,80.9,33.90000000000001,3.02,61.88333333333333,41.0,80.9,10.400000000000006
2010,97,Sonoma,56500,3.4,192000,2033.58,390448000,56.92999999999999,56.13333333333333,39.6,81.2,35.099999999999994,9.69,60.583333333333336,40.6,81.2,11.899999999999991
2010,113,Yolo,11400,6.62,75500,604.64,45650000,27.71,60.95833333333332,41.0,93.6,54.7,4.430000000000001,68.56666666666668,44.0,93.6,17.599999999999994
2011,19,Fresno,68900,13.13,905000,335.5,303628000,17.619999999999997,54.29166666666666,26.5,87.7,65.20000000000002,3.49,63.56666666666666,37.3,87.7,20.5
2011,39,Madera,48900,10.82,529000,307.56,162698000,20.050000000000004,54.84166666666667,26.9,89.1,65.30000000000001,3.89,64.03333333333333,37.6,89.1,20.300000000000004
2011,53,Monterey,43000,2.88,124000,1136.9,140976000,20.300000000000008,57.525,31.4,84.6,48.7,1.96,63.53333333333334,40.7,84.6,13.0
2011,55,Napa,43600,2.8,122000,3470.84,423442000,27.53,58.15833333333333,35.0,88.3,50.80000000000002,3.49,65.5,43.2,88.3,14.90000000000002
2011,67,Sacramento,27200,6.51,177000,525.01,92926000,17.389999999999997,60.50833333333333,34.2,92.4,57.90000000000001,2.5699999999999994,69.11666666666667,46.1,92.4,13.800000000000004
2011,77,San Joaquin,92600,5.6,519000,550.56,285739000,11.609999999999998,60.4,33.8,91.6,57.90000000000001,1.68,69.00000000000001,46.5,91.6,13.300000000000011
2011,79,San Luis Obispo,35100,3.28,115000,1128.16,129738000,15.48,58.36666666666665,31.4,87.1,52.6,1.56,65.11666666666666,42.2,87.1,14.300000000000004
2011,83,Santa Barbara,20500,2.93,60100,1280.52,76959000,16.36,57.6,34.8,81.8,46.500000000000014,1.14,62.833333333333336,43.0,81.8,12.900000000000006
2011,97,Sonoma,58100,2.87,167000,2078.32,347080000,32.85,55.91666666666668,35.1,82.3,41.9,4.729999999999999,61.16666666666666,42.2,82.3,12.1
2011,113,Yolo,12000,6.8,81600,597.51,48757000,18.92,60.46666666666666,33.8,92.5,59.7,2.6,69.26666666666667,45.9,92.5,15.500000000000009
2012,19,Fresno,86700 ,10.38 ,900000 ,385.48 ,346934000,16.34,56.71666666666667,31.5,90.8,68.50000000000001,3.049999999999999,66.51666666666667,39.8,90.8,20.000000000000007
2012,39,Madera,51100 ,10.84 ,554000 ,374.78 ,207626000,20.75,57.30833333333334,31.5,92.5,68.39999999999999,3.04,67.06666666666666,39.9,92.5,20.3
2012,53,Monterey,45100 ,3.81 ,172000 ,1247.49 ,214568000,19.94,58.79166666666666,35.7,87.9,46.3,2.9199999999999995,64.8,42.6,87.9,14.799999999999985
2012,55,Napa,43200 ,4.24 ,183000 ,3585.99 ,656236000,39.43,59.45000000000001,35.9,90.3,51.6,2.99,66.85000000000001,44.4,90.3,13.400000000000006
2012,67,Sacramento,32400 ,8.09 ,262000 ,570.74 ,149534000,22.58,62.44166666666667,36.5,95.8,59.80000000000001,3.04,71.28333333333335,47.5,95.8,13.700000000000015
2012,77,San Joaquin,109000 ,8.18 ,892000 ,605.72 ,540303000,15.68,62.19166666666666,36.3,94.5,58.1,2.4299999999999997,70.73333333333333,48.3,94.5,13.200000000000005
2012,79,San Luis Obispo,36600 ,4.10 ,150000 ,1319.60 ,197940000,13.9,60.225,35.5,91.9,52.80000000000001,2.76,67.28333333333332,43.7,91.9,16.10000000000001
2012,83,Santa Barbara,20500 ,3.26 ,66800 ,1363.88 ,91107000,12.51,58.958333333333336,39.0,84.5,44.3,2.84,64.2,43.3,84.5,13.299999999999995
2012,97,Sonoma,58300 ,4.58 ,267000 ,2183.30 ,582942000,51.03,56.85833333333334,37.4,80.9,39.900000000000006,3.1899999999999995,61.96666666666667,43.6,80.9,9.799999999999995
2012,113,Yolo,12200 ,7.84 ,95700 ,692.72 ,66293000,25.72,62.19166666666667,35.8,96.4,59.49999999999999,2.369999999999999,71.05,47.3,96.4,13.899999999999975
2013,19,Fresno,54571.0,13.12,716000.0,409.68,293328000,5.289999999999999,56.75,28.1,91.0,72.20000000000002,1.34,66.91666666666667,42.1,91.0,25.40000000000002
2013,39,Madera,40000.0,11.05,442000.0,383.71,169601000,6.640000000000001,57.16666666666668,28.0,92.0,72.39999999999999,1.8400000000000003,67.38333333333334,41.7,92.0,25.099999999999994
2013,53,Monterey,43000.0,4.3,185000.0,1226.93,226982000,4.18,59.14166666666667,33.2,86.9,45.99999999999999,0.43,66.16666666666667,43.3,86.9,11.599999999999994
2013,55,Napa,43600.0,4.01,175000.0,3749.91,656235000,6.72,60.09166666666667,33.6,89.4,53.69999999999999,2.5,68.18333333333334,47.4,89.4,12.499999999999986
2013,67,Sacramento,29000.0,8.41,244000.0,533.26,130115000,6.409999999999999,62.7,33.5,95.0,63.79999999999999,2.04,72.15,50.0,95.0,14.899999999999991
2013,77,San Joaquin,96400.0,8.93,861000.0,576.5,496370000,5.06,62.17499999999999,33.1,94.2,63.6,1.19,71.61666666666666,49.9,94.2,14.700000000000005
2013,79,San Luis Obispo,36300.0,4.55,165000.0,1335.48,220355000,3.12,60.625,34.7,90.1,51.9,0.26,68.26666666666667,44.8,90.1,14.999999999999991
2013,83,Santa Barbara,21000.0,4.16,87400.0,1869.13,163362000,3.94,58.975,36.2,83.0,40.7,0.25,64.91666666666667,44.6,83.0,10.800000000000004
2013,97,Sonoma,59800.0,4.53,271000.0,2232.72,605068000,10.12,57.50000000000001,34.5,78.9,37.99999999999999,3.89,63.29999999999999,45.5,78.9,7.099999999999994
2013,113,Yolo,13000.0,7.77,101000.0,688.05,69493000,5.789999999999999,62.458333333333336,32.9,95.6,63.7,2.06,71.91666666666667,49.9,95.6,15.299999999999995
2014,19,Fresno,58700.0,11.24,660000.0,391.95,258688000,12.44,59.01666666666666,34.4,90.3,61.59999999999999,2.59,67.65,41.7,90.3,20.39999999999999
2014,39,Madera,40300.0,9.73,392000.0,336.81,132031000,13.96,59.30833333333333,33.8,90.9,61.2,2.6500000000000004,67.93333333333334,41.5,90.9,20.999999999999982
2014,53,Monterey,46000.0,4.35,200000.0,1236.79,247357000,19.93,61.65833333333335,39.2,87.7,42.90000000000001,1.64,67.05000000000001,44.0,87.7,11.000000000000014
2014,55,Napa,43600.0,4.04,176000.0,4061.43,714811000,33.28,62.03333333333333,39.0,89.4,47.3,2.56,68.64999999999999,46.0,89.4,12.0
2014,67,Sacramento,30000.0,7.5,225000.0,581.62,130864000,18.89,64.89166666666667,38.4,95.1,53.4,2.52,72.81666666666666,48.6,95.1,13.899999999999991
2014,77,San Joaquin,102000.0,8.0,816000.0,590.0,481440000,14.4,64.45833333333334,37.9,94.0,51.79999999999998,1.5699999999999998,72.03333333333332,48.3,94.0,13.499999999999986
2014,79,San Luis Obispo,37400.0,3.82,143000.0,1425.07,203785000,12.18,62.71666666666668,39.0,88.7,44.5,0.93,68.68333333333332,44.8,88.7,12.200000000000015
2014,83,Santa Barbara,21100.0,4.29,90600.0,1713.64,155256000,13.21,61.8,41.7,84.4,39.69999999999998,0.7000000000000001,66.36666666666666,45.0,84.4,8.799999999999997
2014,97,Sonoma,58300.0,4.39,256000.0,2315.62,592798000,44.19,59.71666666666667,39.8,80.5,34.7,2.8800000000000003,64.13333333333334,45.3,80.5,7.899999999999999
2014,113,Yolo,12600.0,7.37,92800.0,743.1,68960000,21.62,64.70833333333333,38.2,95.9,53.19999999999999,2.3200000000000003,72.76666666666667,48.2,95.9,14.499999999999986
2015,19,Fresno,60200.0,12.79,770000.0,312.55,240662000,12.23,57.625,29.0,87.5,64.7,2.9500000000000006,66.36666666666666,40.1,87.5,19.500000000000007
2015,39,Madera,39000.0,11.44,446000.0,302.0,134694000,14.419999999999998,58.38333333333333,29.8,89.0,64.9,3.55,67.26666666666667,40.1,89.0,19.800000000000004
2015,53,Monterey,44300.0,3.16,140000.0,1328.04,185925000,11.239999999999998,60.8,35.5,88.2,48.3,1.89,66.33333333333333,42.1,88.2,14.500000000000009
2015,55,Napa,43000.0,2.88,124000.0,4410.76,546934000,13.88,61.55833333333334,37.5,89.4,50.400000000000006,2.24,68.23333333333333,44.7,89.4,14.199999999999996
2015,67,Sacramento,31200.0,7.12,222000.0,577.18,128134000,9.56,64.14166666666667,37.7,93.9,58.49999999999999,2.26,72.23333333333333,47.7,93.9,16.0
2015,77,San Joaquin,97900.0,6.23,610000.0,576.15,351453000,7.689999999999999,63.85833333333333,38.0,92.8,57.29999999999999,1.35,71.66666666666666,47.8,92.8,15.299999999999985
2015,79,San Luis Obispo,39000.0,2.53,98800.0,1482.14,146435000,6.65,61.43333333333333,35.1,88.8,50.99999999999999,1.15,67.51666666666667,43.0,88.8,15.999999999999986
2015,83,Santa Barbara,21300.0,3.12,66400.0,1599.37,106198000,5.050000000000001,61.225,38.2,85.6,43.6,1.15,65.78333333333332,44.4,85.6,14.100000000000009
2015,97,Sonoma,58200.0,3.14,183000.0,2440.1,446539000,21.43,59.39166666666667,39.3,82.0,40.900000000000006,3.1900000000000004,63.9,43.7,82.0,12.100000000000009
2015,113,Yolo,13300.0,6.84,91000.0,774.31,70462000,9.189999999999998,63.875,38.0,94.0,59.09999999999999,1.5400000000000005,72.08333333333333,47.5,94.0,17.299999999999983
2016,19,Fresno,75500.0,10.0,755000.0,382.85,289053000,19.6,57.30833333333333,31.0,90.2,66.5,2.92,66.68333333333332,41.9,90.2,22.999999999999982
2016,39,Madera,37300.0,11.23,419000.0,314.01,131571000,24.08,57.875,31.6,91.0,65.39999999999999,3.5,67.13333333333334,42.5,91.0,21.9
2016,53,Monterey,44800.0,3.84,172000.0,1388.91,238892000,20.86,60.04166666666666,37.2,86.7,42.89999999999999,1.02,65.85,44.4,86.7,10.899999999999991
2016,55,Napa,43400.0,3.53,153000.0,4768.02,729507000,36.010000000000005,60.4,36.1,89.2,52.400000000000006,1.68,67.96666666666667,47.0,89.2,11.6
2016,67,Sacramento,33900.0,8.5,288000.0,639.59,184202000,22.67,63.46666666666667,36.9,95.2,59.6,1.99,72.33333333333333,50.1,95.2,14.200000000000005
2016,77,San Joaquin,98000.0,7.31,716000.0,594.67,425781000,18.33,63.3,37.4,94.5,57.4,2.44,71.60000000000001,49.9,94.5,14.700000000000005
2016,79,San Luis Obispo,40300.0,3.87,156000.0,1557.05,242900000,16.060000000000002,61.12499999999999,37.9,89.8,48.0,0.6,67.63333333333333,44.5,89.8,16.000000000000007
2016,83,Santa Barbara,21300.0,3.87,82500.0,1837.94,151630000,15.99,60.40833333333333,39.6,83.8,42.1,0.98,65.43333333333332,46.3,83.8,12.800000000000011
2016,97,Sonoma,60000.0,3.77,226000.0,2595.21,586518000,49.56,58.15833333333333,37.2,80.9,42.89999999999999,2.12,63.46666666666667,46.4,80.9,8.199999999999989
2016,113,Yolo,14500.0,7.1,103000.0,788.97,81264000,22.92,63.06666666666666,36.5,95.2,59.70000000000001,1.31,72.10000000000001,49.6,95.2,13.800000000000011
2017,19,Fresno,59700 ,13.32 ,795000 ,361.02 ,287013000,27.16,57.34166666666667,31.2,91.9,69.29999999999998,4.299999999999999,66.91666666666666,39.7,91.9,25.799999999999983
2017,39,Madera,36800 ,10.65 ,392000 ,304.11 ,119212000,29.76,57.8,31.3,92.7,69.1,4.94,67.35000000000001,40.2,92.7,25.5
2017,53,Monterey,44300 ,3.86 ,171000 ,1397.82 ,239027000,25.02,60.44166666666667,35.1,89.3,46.2,2.02,66.83333333333333,43.5,89.3,13.099999999999994
2017,55,Napa,43600 ,3.26 ,142000 ,5287.55 ,750832000,43.3,60.833333333333336,37.0,92.2,55.10000000000001,4.13,68.85000000000001,45.2,92.2,13.600000000000025
2017,67,Sacramento,35300 ,7.79 ,275000 ,618.84 ,170181000,27.87,63.68333333333333,37.4,98.2,65.10000000000002,3.72,72.9,48.3,98.2,18.10000000000001
2017,77,San Joaquin,98100 ,6.79 ,666000 ,593.91 ,395541000,19.08,63.74166666666667,35.6,98.0,63.400000000000006,2.32,72.71666666666667,48.0,98.0,16.700000000000003
2017,79,San Luis Obispo,42200 ,3.89 ,164000 ,1632.09 ,267662000,20.890000000000004,61.71666666666666,36.1,92.4,51.5,2.08,68.76666666666667,44.5,92.4,19.6
2017,83,Santa Barbara,21600 ,3.37 ,72700 ,2010.04 ,146130000,20.52,60.66666666666666,39.2,85.2,41.40000000000001,1.43,66.06666666666666,45.2,85.2,15.400000000000006
2017,97,Sonoma,60000 ,3.43 ,206000 ,2807.34 ,578313000,52.76,58.475,37.6,83.5,42.69999999999999,5.919999999999999,64.38333333333334,44.1,83.5,8.899999999999991
2017,113,Yolo,14800 ,6.89 ,102000 ,843.25 ,86012000,30.74000000000001,63.13333333333333,36.2,97.1,62.8,3.3,72.38333333333334,48.0,97.1,15.599999999999994
2018,19,Fresno,59500 ,12.92 ,769000 ,373.14 ,286941000,16.869999999999997,57.35833333333333,31.0,92.1,71.19999999999999,2.24,67.0,40.9,92.1,26.999999999999996
2018,39,Madera,34800 ,11.15 ,388000 ,323.02 ,125331000,20.72,57.708333333333336,31.2,92.5,70.19999999999999,2.72,67.2,40.9,92.5,26.499999999999996
2018,53,Monterey,44900 ,4.01 ,180000 ,1376.43 ,247758000,19.21,59.866666666666674,35.8,90.3,49.89999999999999,1.31,65.73333333333333,42.7,90.3,20.39999999999999
2018,55,Napa,43400 ,4.26 ,185000 ,5614.05 ,1038600000,24.56,60.44166666666666,38.2,91.5,53.50000000000001,3.3,67.55,44.0,91.5,18.60000000000001
2018,67,Sacramento,36400 ,8.79 ,320000 ,583.68 ,186777000,18.950000000000003,62.850000000000016,38.2,97.2,60.30000000000001,3.07,71.35000000000001,47.1,97.2,21.0
2018,77,San Joaquin,97200 ,7.73 ,751000 ,573.23 ,430492000,14.35,63.31666666666666,39.3,97.2,58.1,2.28,71.45,47.7,97.2,21.200000000000003
2018,79,San Luis Obispo,42900 ,4.13 ,177000 ,1559.33 ,276002000,14.400000000000002,61.116666666666674,35.3,92.8,57.900000000000006,0.35,67.89999999999999,43.9,92.8,23.599999999999994
2018,83,Santa Barbara,16200 ,3.65 ,59100 ,2052.57 ,121307000,12.72,60.23333333333334,37.5,87.2,50.0,0.34,65.53333333333333,44.5,87.2,20.8
2018,97,Sonoma,59900 ,4.61 ,276000 ,2817.66 ,777675000,36.02,58.05833333333334,38.6,82.5,40.39999999999999,6.92,63.133333333333326,43.4,82.5,13.099999999999994
2018,113,Yolo,14800 ,6.53 ,96600 ,865.38 ,83596000,17.84,62.425,38.4,96.9,61.1,2.28,70.83333333333333,45.8,96.9,21.3
2019,19,Fresno,53500,13.83,740000,343.65,254300000,25.12,55.78333333333333,29.2,88.7,74.49999999999999,4.3100000000000005,65.46666666666665,43.0,88.7,26.89999999999999
2019,39,Madera,34100,11.26,384000,340.01,130562000,25.3,56.24999999999999,30.3,89.0,72.19999999999999,4.74,65.8,42.9,89.0,25.999999999999996
2019,53,Monterey,44700,2.95,132000,1409.82,186096000,30.5,59.133333333333326,36.5,88.2,54.59999999999998,2.43,65.88333333333333,45.5,88.2,16.999999999999986
2019,55,Napa,44200,3.62,160000,5862.26,937962000,43.5,59.99166666666667,37.3,90.4,61.30000000000001,4.52,68.05,48.4,90.4,19.90000000000001
2019,67,Sacramento,35500,8.9,316000,555.13,175422000,25.880000000000003,62.85833333333334,39.6,95.2,62.89999999999999,4.34,71.85000000000001,51.1,95.2,21.599999999999987
2019,77,San Joaquin,95900,7.11,682000,546.14,372467000,17.6,63.09166666666668,39.7,94.7,60.7,2.96,71.85,50.4,94.7,20.8
2019,79,San Luis Obispo,48400,3.1,150000,1695.15,254273000,23.65,59.73333333333334,36.0,89.5,59.2,1.65,66.93333333333334,45.9,89.5,19.10000000000001
2019,83,Santa Barbara,14900,3.37,50200,2113.13,106079000,26.65,58.55833333333334,36.6,83.1,52.69999999999998,1.79,64.43333333333332,46.2,83.1,14.499999999999991
2019,97,Sonoma,57500,4,230000,2843.57,654021000,57.85,57.89166666666666,38.1,83.5,52.7,7.29,63.88333333333335,47.3,83.5,16.499999999999986
2019,113,Yolo,19100,7.17,137000,789.36,108143000,33.14,62.4,38.6,95.1,64.10000000000001,3.810000000000001,71.58333333333334,50.9,95.1,20.900000000000013
2020,19,Fresno,56900,12.13,690000,362.14,249877000,0.7,41.8,31.7,51.9,0.0,0.0,,,,0.0
2020,39,Madera,33000,11.82,390000,348.98,136101000,0.92,42.4,32.5,52.3,0.0,0.0,,,,0.0
2020,53,Monterey,44900,2.1,94300,1123.98,105991000,1.25,49.1,37.5,60.7,0.0,0.0,,,,0.0
2020,55,Napa,45200,2.2,99300,4646.48,461395000,2.71,48.2,39.2,57.3,0.0,0.0,,,,0.0
2020,67,Sacramento,36000,8.19,295000,528.73,155975000,1.28,48.8,40.1,57.6,0.0,0.0,,,,0.0
2020,77,San Joaquin,91200,6.67,608000,560.71,340913000,1.05,49.7,41.0,58.4,0.0,0.0,,,,0.0
2020,79,San Luis Obispo,43800,3.04,133000,1640.89,218238000,0.61,48.9,37.8,60.0,0.0,0.0,,,,0.0
2020,83,Santa Barbara,14400,2.97,42800,2192.43,93836000,0.63,50.5,39.3,61.6,0.0,0.0,,,,0.0
2020,97,Sonoma,56800,2.61,148000,2375.08,351512000,3.92,49.2,41.0,57.3,0.0,0.0,,,,0.0
2020,113,Yolo,19200,7.81,150000,699.67,104951000,1.45,48.5,39.3,57.7,0.0,0.0,,,,0.0
