,year,county,annual_precip,annual_tavg,annual_tmin,annual_tmax,annual_var,season_precip,season_tavg,season_tmin,season_tmax,season_var
0,2000,Fresno,20.720000000000006,55.708333333333336,31.4,87.1,59.40000000000001,3.4400000000000004,65.41666666666667,41.1,87.1,17.700000000000003
1,2000,Madera,25.889999999999997,56.51666666666668,31.8,88.9,60.9,4.01,66.16666666666667,41.0,88.9,18.199999999999996
2,2000,Monterey,22.95,58.63333333333333,35.9,86.2,41.40000000000002,2.5099999999999993,65.2,43.0,86.2,9.300000000000011
3,2000,Napa,31.240000000000002,59.26666666666667,38.1,88.6,49.0,4.21,67.18333333333332,45.2,88.6,12.199999999999996
4,2000,Sacramento,23.98,61.741666666666674,38.8,91.8,56.49999999999999,3.45,70.71666666666665,48.3,91.8,14.799999999999997
5,2000,San Joaquin,17.569999999999997,61.63333333333333,38.1,91.6,55.10000000000001,2.2199999999999998,70.39999999999999,47.8,91.6,13.799999999999997
6,2000,San Luis Obispo,17.950000000000003,59.375,36.4,88.1,45.70000000000002,2.9199999999999995,66.55000000000001,44.1,88.1,12.300000000000011
7,2000,Santa Barbara,20.589999999999996,58.50833333333335,38.3,82.8,38.60000000000001,4.27,64.25,44.5,82.8,10.400000000000006
8,2000,Sonoma,39.18,56.99166666666667,38.8,79.9,34.60000000000001,5.71,62.583333333333336,44.5,79.9,7.300000000000011
9,2000,Yolo,22.229999999999997,61.61666666666665,38.2,93.3,57.00000000000003,3.1300000000000003,70.78333333333332,47.8,93.3,15.000000000000028
10,2001,Fresno,23.210000000000004,56.36666666666665,28.4,88.6,69.6,3.7199999999999993,66.28333333333332,35.7,88.6,10.799999999999997
11,2001,Madera,27.11,56.949999999999996,29.0,89.8,69.69999999999999,3.77,66.78333333333335,36.3,89.8,10.899999999999977
12,2001,Monterey,25.650000000000006,58.75833333333333,34.2,86.1,47.800000000000004,1.9800000000000002,65.08333333333333,39.1,86.1,6.0
13,2001,Napa,37.82,60.07500000000001,35.0,89.2,55.69999999999999,1.5699999999999998,67.75,40.7,89.2,6.900000000000006
14,2001,Sacramento,22.089999999999996,62.73333333333333,36.0,93.4,59.69999999999999,2.2600000000000002,71.45,44.1,93.4,6.599999999999994
15,2001,San Joaquin,16.970000000000002,62.45000000000001,35.5,92.7,59.3,1.77,71.10000000000001,43.6,92.7,6.900000000000006
16,2001,San Luis Obispo,22.700000000000006,59.39166666666667,34.0,87.8,52.400000000000006,1.62,66.63333333333334,40.2,87.8,7.0
17,2001,Santa Barbara,26.94,58.06666666666666,36.8,81.8,44.2,1.74,63.73333333333333,40.8,81.8,7.299999999999997
18,2001,Sonoma,48.8,57.574999999999996,35.7,81.4,44.300000000000004,2.06,63.03333333333334,39.8,81.4,5.400000000000006
19,2001,Yolo,25.4,62.78333333333333,35.6,94.6,60.9,1.5,71.65,43.5,94.6,7.299999999999997
20,2002,Fresno,15.549999999999997,55.88333333333333,29.0,90.2,69.79999999999998,1.82,65.61666666666666,39.8,90.2,23.0
21,2002,Madera,18.619999999999997,56.45833333333334,29.7,91.2,69.39999999999999,2.52,66.06666666666666,40.0,91.2,23.19999999999999
22,2002,Monterey,16.86,58.37500000000001,33.9,86.9,46.10000000000001,1.02,64.64999999999999,42.3,86.9,12.70000000000001
23,2002,Napa,31.669999999999995,59.458333333333336,35.8,89.4,53.0,1.5499999999999998,67.05,44.2,89.4,14.399999999999999
24,2002,Sacramento,16.71,61.96666666666667,36.6,94.9,60.40000000000001,1.71,70.81666666666666,47.2,94.9,15.40000000000002
25,2002,San Joaquin,13.07,61.65833333333333,36.6,93.6,59.300000000000004,0.73,70.41666666666667,46.9,93.6,14.600000000000009
26,2002,San Luis Obispo,12.02,59.00000000000001,34.0,88.7,51.999999999999986,0.78,66.1,42.5,88.7,15.099999999999994
27,2002,Santa Barbara,11.939999999999998,57.875,36.6,82.5,42.9,0.53,63.21666666666667,43.0,82.5,12.599999999999994
28,2002,Sonoma,39.61,57.09166666666667,38.1,80.6,38.4,1.68,62.366666666666674,43.8,80.6,10.699999999999989
29,2002,Yolo,19.700000000000003,62.00833333333335,36.5,95.3,60.79999999999999,1.21,71.0,46.6,95.3,16.099999999999994
30,2003,Fresno,16.46,56.491666666666674,31.9,91.8,74.40000000000002,5.77,65.5,36.1,91.8,23.70000000000001
31,2003,Madera,19.439999999999998,57.041666666666664,31.9,92.6,74.20000000000002,7.049999999999999,66.05,36.5,92.6,22.900000000000006
32,2003,Monterey,16.409999999999997,59.29166666666666,37.5,89.4,53.100000000000016,3.92,65.15,39.9,89.4,13.500000000000014
33,2003,Napa,30.450000000000003,59.88333333333333,38.1,92.7,62.80000000000001,6.789999999999999,66.96666666666668,40.7,92.7,16.900000000000006
34,2003,Sacramento,16.52,62.54166666666666,40.0,97.5,64.6,4.89,70.8,44.2,97.5,20.30000000000001
35,2003,San Joaquin,11.82,62.53333333333334,39.9,96.5,60.3,3.09,70.64999999999999,45.1,96.5,18.799999999999997
36,2003,San Luis Obispo,12.49,60.06666666666666,37.9,91.5,60.0,3.12,66.61666666666666,40.2,91.5,16.699999999999996
37,2003,Santa Barbara,13.94,58.824999999999996,39.2,84.2,48.80000000000001,3.8399999999999994,63.66666666666668,41.1,84.2,14.100000000000009
38,2003,Sonoma,41.95,57.43333333333334,39.0,83.8,50.19999999999999,8.48,62.333333333333336,40.3,83.8,12.199999999999989
39,2003,Yolo,19.09,62.416666666666664,39.3,98.4,68.0,4.379999999999999,70.81666666666666,43.0,98.4,20.200000000000003
40,2004,Fresno,18.64,55.82500000000001,30.9,88.6,66.20000000000002,0.91,65.8,41.0,88.6,20.000000000000014
41,2004,Madera,21.169999999999998,56.458333333333336,31.3,89.9,65.99999999999999,1.1400000000000001,66.48333333333333,41.3,89.9,20.199999999999996
42,2004,Monterey,21.9,58.78333333333333,37.2,85.9,43.9,0.1,65.28333333333333,41.8,85.9,11.0
43,2004,Napa,31.229999999999997,60.07500000000001,38.5,89.2,53.09999999999999,0.58,67.81666666666668,45.0,89.2,11.999999999999986
44,2004,Sacramento,18.11,62.416666666666664,39.2,92.8,58.90000000000001,0.5700000000000001,71.51666666666667,48.9,92.8,12.500000000000014
45,2004,San Joaquin,14.620000000000001,62.19166666666666,39.1,91.9,58.199999999999996,0.6499999999999999,71.23333333333333,48.8,91.9,12.0
46,2004,San Luis Obispo,18.59,59.31666666666666,36.4,87.6,48.500000000000014,0.03,66.64999999999999,42.3,87.6,12.900000000000006
47,2004,Santa Barbara,19.96,58.341666666666676,37.9,82.1,41.2,0.01,64.25,43.5,82.1,9.20000000000001
48,2004,Sonoma,41.62,57.833333333333336,40.3,82.4,42.30000000000001,1.4300000000000002,63.583333333333336,43.9,82.4,9.5
49,2004,Yolo,21.200000000000003,62.449999999999996,38.6,94.0,58.89999999999999,0.42000000000000004,71.53333333333335,47.9,94.0,12.59999999999998
50,2005,Fresno,24.860000000000003,55.66666666666666,32.6,91.8,68.80000000000001,4.949999999999999,64.0,36.2,91.8,31.1
51,2005,Madera,30.060000000000002,56.25,33.5,92.9,68.3,5.77,64.53333333333335,36.5,92.9,30.900000000000006
52,2005,Monterey,24.619999999999997,59.01666666666666,39.3,88.5,45.00000000000002,2.6900000000000004,64.2,39.8,88.5,17.900000000000013
53,2005,Napa,43.13,59.35833333333334,37.7,92.1,55.89999999999999,6.23,66.01666666666667,41.9,92.1,22.099999999999987
54,2005,Sacramento,24.21,62.241666666666674,39.5,97.4,64.49999999999999,3.7600000000000002,70.14999999999999,45.5,97.4,24.799999999999983
55,2005,San Joaquin,17.88,62.12500000000001,39.9,96.5,63.099999999999994,2.76,69.93333333333334,46.0,96.5,23.799999999999997
56,2005,San Luis Obispo,19.76,59.63333333333335,39.2,91.4,49.5,2.33,65.53333333333332,40.4,91.4,22.799999999999997
57,2005,Santa Barbara,24.540000000000003,58.63333333333333,41.2,83.7,37.20000000000001,1.85,63.116666666666674,41.2,83.7,16.400000000000006
58,2005,Sonoma,55.599999999999994,57.00833333333333,39.3,82.6,42.8,9.18,61.51666666666667,41.5,82.6,15.800000000000011
59,2005,Yolo,28.080000000000002,62.06666666666666,38.2,98.4,65.5,3.61,70.10000000000001,44.7,98.4,25.10000000000001
60,2006,Fresno,23.48,55.449999999999996,29.8,92.2,81.9,6.83,65.91666666666667,38.9,92.2,25.999999999999993
61,2006,Madera,27.380000000000003,56.125,30.3,93.5,80.4,8.0,66.5,39.6,93.5,26.400000000000006
62,2006,Monterey,23.080000000000002,58.216666666666676,35.5,91.1,58.2,5.8100000000000005,65.13333333333333,43.2,91.1,19.39999999999999
63,2006,Napa,34.07,59.13333333333335,36.9,93.6,65.60000000000002,7.08,67.51666666666667,44.8,93.6,20.30000000000001
64,2006,Sacramento,19.67,61.93333333333333,37.5,97.8,70.60000000000002,5.05,71.45,48.1,97.8,22.0
65,2006,San Joaquin,15.639999999999997,61.800000000000004,37.2,97.7,68.0,4.01,71.13333333333334,48.1,97.7,22.10000000000001
66,2006,San Luis Obispo,18.210000000000004,58.99166666666665,35.2,92.6,65.6,5.199999999999999,66.60000000000001,43.5,92.6,21.80000000000001
67,2006,Santa Barbara,18.820000000000004,58.43333333333333,36.9,87.2,54.399999999999984,6.449999999999999,64.48333333333333,43.5,87.2,18.69999999999999
68,2006,Sonoma,48.17,56.76666666666666,38.3,85.1,51.600000000000016,9.52,62.93333333333334,44.3,85.1,15.900000000000006
69,2006,Yolo,21.43,61.74999999999999,37.5,98.4,71.30000000000001,5.02,71.41666666666667,47.3,98.4,21.700000000000003
70,2007,Fresno,10.329999999999998,55.85,25.4,88.9,71.89999999999999,1.71,65.58333333333334,40.0,88.9,22.499999999999993
71,2007,Madera,11.560000000000002,56.599999999999994,26.0,90.3,71.6,1.7100000000000002,66.3,40.2,90.3,22.29999999999999
72,2007,Monterey,9.709999999999999,58.09166666666667,31.0,87.3,50.20000000000001,1.5,64.58333333333333,41.0,87.3,14.800000000000011
73,2007,Napa,17.53,59.433333333333316,33.0,89.5,54.9,2.44,67.13333333333334,43.8,89.5,14.599999999999987
74,2007,Sacramento,12.52,62.00833333333332,32.3,93.7,63.000000000000014,2.2399999999999998,70.81666666666668,47.3,93.7,16.500000000000014
75,2007,San Joaquin,8.860000000000001,62.033333333333324,32.6,92.8,62.39999999999999,1.65,70.76666666666667,47.9,92.8,15.399999999999991
76,2007,San Luis Obispo,7.75,59.24166666666667,31.2,88.7,54.99999999999999,0.7100000000000001,66.41666666666667,42.2,88.7,17.199999999999996
77,2007,Santa Barbara,8.01,58.225,34.1,83.2,44.30000000000001,0.87,63.61666666666667,43.1,83.2,14.600000000000009
78,2007,Sonoma,26.799999999999997,56.975,34.4,81.6,43.09999999999999,3.1599999999999997,62.71666666666666,42.7,81.6,12.199999999999989
79,2007,Yolo,12.11,62.04999999999999,32.6,94.4,61.79999999999999,2.12,70.91666666666667,47.0,94.4,15.899999999999991
80,2008,Fresno,16.06,56.183333333333344,29.2,89.8,71.6,0.97,66.16666666666667,37.2,89.8,21.0
81,2008,Madera,18.57,56.65,30.0,90.4,70.80000000000001,0.9400000000000001,66.63333333333333,37.2,90.4,20.0
82,2008,Monterey,17.769999999999996,58.583333333333336,34.5,87.8,48.49999999999999,0.47,64.9,38.7,87.8,13.599999999999994
83,2008,Napa,25.130000000000003,59.625,34.9,91.2,58.900000000000006,0.29000000000000004,67.7,40.5,91.2,13.900000000000013
84,2008,Sacramento,14.739999999999998,62.17500000000001,36.1,94.6,64.7,0.16,71.39999999999999,43.8,94.6,13.799999999999997
85,2008,San Joaquin,10.05,62.06666666666667,36.5,94.2,64.29999999999998,0.07,71.2,44.2,94.2,13.999999999999986
86,2008,San Luis Obispo,14.310000000000002,59.76666666666666,35.0,89.6,54.1,0.46,66.96666666666665,40.3,89.6,16.900000000000013
87,2008,Santa Barbara,20.42,58.92499999999999,38.5,83.6,43.30000000000001,0.35,64.31666666666666,41.0,83.6,13.900000000000006
88,2008,Sonoma,30.88,57.14166666666666,36.2,83.4,46.800000000000004,0.43,63.099999999999994,39.6,83.4,12.0
89,2008,Yolo,17.310000000000002,62.06666666666666,35.3,95.9,66.19999999999999,0.1,71.46666666666667,42.9,95.9,15.099999999999994
90,2009,Fresno,16.71,55.86666666666665,29.8,90.9,70.6,2.0999999999999996,66.33333333333333,37.2,90.9,16.10000000000001
91,2009,Madera,19.62,56.48333333333333,30.2,91.6,68.09999999999998,2.62,66.83333333333333,37.6,91.6,15.099999999999994
92,2009,Monterey,18.419999999999998,58.666666666666664,36.6,87.5,45.49999999999999,0.9500000000000001,65.46666666666665,40.1,87.5,7.699999999999989
93,2009,Napa,25.599999999999998,59.39166666666666,36.5,89.7,53.59999999999999,2.84,67.53333333333332,42.2,89.7,8.399999999999977
94,2009,Sacramento,17.4,62.025,37.0,94.4,60.30000000000001,2.44,71.53333333333335,45.7,94.4,8.700000000000017
95,2009,San Joaquin,11.700000000000001,61.85833333333334,37.1,93.6,58.800000000000004,1.42,71.18333333333332,45.8,93.6,7.700000000000003
96,2009,San Luis Obispo,13.510000000000002,59.65,36.8,90.4,53.00000000000001,0.7200000000000001,67.25,40.1,90.4,10.099999999999994
97,2009,Santa Barbara,13.14,58.53333333333333,38.6,83.2,45.800000000000026,0.56,64.23333333333333,40.6,83.2,8.700000000000031
98,2009,Sonoma,29.53,56.975,38.0,83.4,42.40000000000001,4.2700000000000005,62.88333333333333,41.5,83.4,7.600000000000001
99,2009,Yolo,18.45,62.025,36.6,95.7,60.10000000000001,2.19,71.61666666666666,45.1,95.7,9.5
100,2010,Fresno,29.56,54.60833333333333,32.6,88.9,63.4,4.409999999999999,63.1,35.0,88.9,26.799999999999997
101,2010,Madera,32.82,55.20000000000001,33.8,89.9,62.19999999999999,5.3999999999999995,63.56666666666666,35.4,89.9,26.299999999999997
102,2010,Monterey,29.000000000000007,57.86666666666667,38.4,84.8,36.5,4.409999999999999,63.00000000000001,39.9,84.8,12.300000000000004
103,2010,Napa,42.589999999999996,58.35,39.7,86.8,48.39999999999998,6.76,64.86666666666666,40.8,86.8,15.399999999999977
104,2010,Sacramento,24.619999999999997,61.15000000000001,41.6,92.7,53.0,4.209999999999999,68.63333333333334,44.6,92.7,16.300000000000004
105,2010,San Joaquin,18.96,61.050000000000004,41.7,92.0,51.500000000000014,3.03,68.41666666666667,44.5,92.0,15.300000000000018
106,2010,San Luis Obispo,27.449999999999996,58.56666666666667,39.0,85.9,40.89999999999999,2.68,64.41666666666667,40.8,85.9,14.399999999999991
107,2010,Santa Barbara,30.250000000000004,57.525000000000006,40.2,80.9,33.90000000000001,3.02,61.88333333333333,41.0,80.9,10.400000000000006
108,2010,Sonoma,56.92999999999999,56.13333333333333,39.6,81.2,35.099999999999994,9.69,60.583333333333336,40.6,81.2,11.899999999999991
109,2010,Yolo,27.71,60.95833333333332,41.0,93.6,54.699999999999996,4.430000000000001,68.56666666666668,44.0,93.6,17.599999999999994
110,2011,Fresno,17.619999999999997,54.291666666666664,26.5,87.7,65.20000000000002,3.4899999999999998,63.56666666666666,37.3,87.7,20.5
111,2011,Madera,20.050000000000004,54.84166666666667,26.9,89.1,65.30000000000001,3.8899999999999997,64.03333333333333,37.6,89.1,20.300000000000004
112,2011,Monterey,20.300000000000008,57.525,31.4,84.6,48.699999999999996,1.96,63.53333333333334,40.7,84.6,13.0
113,2011,Napa,27.529999999999998,58.15833333333333,35.0,88.3,50.80000000000002,3.49,65.5,43.2,88.3,14.90000000000002
114,2011,Sacramento,17.389999999999997,60.50833333333333,34.2,92.4,57.90000000000001,2.5699999999999994,69.11666666666667,46.1,92.4,13.800000000000004
115,2011,San Joaquin,11.609999999999998,60.4,33.8,91.6,57.90000000000001,1.68,69.00000000000001,46.5,91.6,13.300000000000011
116,2011,San Luis Obispo,15.48,58.36666666666665,31.4,87.1,52.6,1.56,65.11666666666666,42.2,87.1,14.300000000000004
117,2011,Santa Barbara,16.36,57.599999999999994,34.8,81.8,46.500000000000014,1.1400000000000001,62.833333333333336,43.0,81.8,12.900000000000006
118,2011,Sonoma,32.85,55.91666666666668,35.1,82.3,41.9,4.729999999999999,61.166666666666664,42.2,82.3,12.100000000000001
119,2011,Yolo,18.919999999999998,60.46666666666666,33.8,92.5,59.7,2.6,69.26666666666667,45.9,92.5,15.500000000000007
120,2012,Fresno,16.34,56.71666666666667,31.5,90.8,68.50000000000001,3.049999999999999,66.51666666666667,39.8,90.8,20.000000000000007
121,2012,Madera,20.75,57.30833333333334,31.5,92.5,68.39999999999999,3.04,67.06666666666666,39.9,92.5,20.299999999999997
122,2012,Monterey,19.94,58.791666666666664,35.7,87.9,46.3,2.9199999999999995,64.8,42.6,87.9,14.799999999999983
123,2012,Napa,39.43,59.45000000000001,35.9,90.3,51.6,2.9899999999999998,66.85000000000001,44.4,90.3,13.400000000000006
124,2012,Sacramento,22.580000000000002,62.44166666666667,36.5,95.8,59.80000000000001,3.0399999999999996,71.28333333333335,47.5,95.8,13.700000000000017
125,2012,San Joaquin,15.68,62.19166666666666,36.3,94.5,58.1,2.4299999999999993,70.73333333333333,48.3,94.5,13.200000000000003
126,2012,San Luis Obispo,13.899999999999999,60.225,35.5,91.9,52.80000000000001,2.7599999999999993,67.28333333333332,43.7,91.9,16.10000000000001
127,2012,Santa Barbara,12.51,58.958333333333336,39.0,84.5,44.3,2.84,64.2,43.3,84.5,13.299999999999997
128,2012,Sonoma,51.029999999999994,56.85833333333334,37.4,80.9,39.900000000000006,3.1899999999999995,61.96666666666667,43.6,80.9,9.799999999999997
129,2012,Yolo,25.720000000000002,62.19166666666667,35.8,96.4,59.499999999999986,2.369999999999999,71.05,47.3,96.4,13.899999999999977
130,2013,Fresno,5.289999999999999,56.75,28.1,91.0,72.20000000000002,1.3399999999999999,66.91666666666667,42.1,91.0,25.40000000000002
131,2013,Madera,6.640000000000001,57.16666666666668,28.0,92.0,72.39999999999999,1.8400000000000003,67.38333333333334,41.7,92.0,25.099999999999994
132,2013,Monterey,4.18,59.14166666666667,33.2,86.9,45.99999999999999,0.43,66.16666666666667,43.3,86.9,11.599999999999994
133,2013,Napa,6.72,60.09166666666667,33.6,89.4,53.69999999999999,2.5,68.18333333333334,47.4,89.4,12.499999999999986
134,2013,Sacramento,6.409999999999999,62.699999999999996,33.5,95.0,63.79999999999999,2.04,72.15,50.0,95.0,14.899999999999991
135,2013,San Joaquin,5.06,62.17499999999999,33.1,94.2,63.599999999999994,1.19,71.61666666666666,49.9,94.2,14.700000000000003
136,2013,San Luis Obispo,3.12,60.625,34.7,90.1,51.9,0.26,68.26666666666667,44.8,90.1,14.999999999999993
137,2013,Santa Barbara,3.94,58.974999999999994,36.2,83.0,40.7,0.25,64.91666666666667,44.6,83.0,10.800000000000004
138,2013,Sonoma,10.12,57.50000000000001,34.5,78.9,37.99999999999999,3.8899999999999997,63.29999999999999,45.5,78.9,7.099999999999994
139,2013,Yolo,5.789999999999999,62.458333333333336,32.9,95.6,63.699999999999996,2.06,71.91666666666667,49.9,95.6,15.299999999999997
140,2014,Fresno,12.440000000000001,59.01666666666666,34.4,90.3,61.59999999999999,2.59,67.65,41.7,90.3,20.39999999999999
141,2014,Madera,13.96,59.30833333333333,33.8,90.9,61.199999999999996,2.6500000000000004,67.93333333333334,41.5,90.9,20.999999999999986
142,2014,Monterey,19.93,61.65833333333335,39.2,87.7,42.90000000000001,1.6400000000000001,67.05000000000001,44.0,87.7,11.000000000000014
143,2014,Napa,33.28,62.03333333333333,39.0,89.4,47.300000000000004,2.5599999999999996,68.64999999999999,46.0,89.4,12.0
144,2014,Sacramento,18.889999999999997,64.89166666666667,38.4,95.1,53.4,2.5199999999999996,72.81666666666666,48.6,95.1,13.899999999999991
145,2014,San Joaquin,14.4,64.45833333333334,37.9,94.0,51.79999999999998,1.5699999999999998,72.03333333333332,48.3,94.0,13.499999999999986
146,2014,San Luis Obispo,12.18,62.716666666666676,39.0,88.7,44.5,0.93,68.68333333333332,44.8,88.7,12.200000000000017
147,2014,Santa Barbara,13.21,61.800000000000004,41.7,84.4,39.69999999999998,0.7000000000000001,66.36666666666666,45.0,84.4,8.799999999999997
148,2014,Sonoma,44.19,59.71666666666667,39.8,80.5,34.699999999999996,2.8800000000000003,64.13333333333334,45.3,80.5,7.899999999999999
149,2014,Yolo,21.619999999999997,64.70833333333333,38.2,95.9,53.19999999999999,2.3200000000000003,72.76666666666667,48.2,95.9,14.499999999999986
150,2015,Fresno,12.23,57.625,29.0,87.5,64.7,2.9500000000000006,66.36666666666666,40.1,87.5,19.500000000000007
151,2015,Madera,14.419999999999998,58.38333333333333,29.8,89.0,64.9,3.55,67.26666666666667,40.1,89.0,19.800000000000004
152,2015,Monterey,11.239999999999998,60.800000000000004,35.5,88.2,48.3,1.8900000000000001,66.33333333333333,42.1,88.2,14.500000000000007
153,2015,Napa,13.88,61.55833333333334,37.5,89.4,50.400000000000006,2.24,68.23333333333333,44.7,89.4,14.199999999999996
154,2015,Sacramento,9.559999999999999,64.14166666666667,37.7,93.9,58.49999999999999,2.26,72.23333333333333,47.7,93.9,16.0
155,2015,San Joaquin,7.6899999999999995,63.85833333333333,38.0,92.8,57.29999999999999,1.35,71.66666666666666,47.8,92.8,15.299999999999983
156,2015,San Luis Obispo,6.6499999999999995,61.43333333333333,35.1,88.8,50.999999999999986,1.1500000000000001,67.51666666666667,43.0,88.8,15.999999999999986
157,2015,Santa Barbara,5.050000000000001,61.224999999999994,38.2,85.6,43.6,1.15,65.78333333333332,44.4,85.6,14.100000000000009
158,2015,Sonoma,21.43,59.39166666666667,39.3,82.0,40.900000000000006,3.1900000000000004,63.9,43.7,82.0,12.100000000000009
159,2015,Yolo,9.189999999999998,63.875,38.0,94.0,59.09999999999999,1.5400000000000003,72.08333333333333,47.5,94.0,17.299999999999983
160,2016,Fresno,19.6,57.30833333333333,31.0,90.2,66.5,2.92,66.68333333333332,41.9,90.2,22.999999999999986
161,2016,Madera,24.080000000000002,57.875,31.6,91.0,65.39999999999999,3.4999999999999996,67.13333333333334,42.5,91.0,21.9
162,2016,Monterey,20.86,60.041666666666664,37.2,86.7,42.89999999999999,1.02,65.85,44.4,86.7,10.899999999999991
163,2016,Napa,36.010000000000005,60.4,36.1,89.2,52.400000000000006,1.68,67.96666666666667,47.0,89.2,11.600000000000001
164,2016,Sacramento,22.669999999999998,63.46666666666667,36.9,95.2,59.6,1.99,72.33333333333333,50.1,95.2,14.200000000000003
165,2016,San Joaquin,18.33,63.300000000000004,37.4,94.5,57.4,2.44,71.60000000000001,49.9,94.5,14.700000000000003
166,2016,San Luis Obispo,16.060000000000002,61.12499999999999,37.9,89.8,48.0,0.6,67.63333333333333,44.5,89.8,16.000000000000007
167,2016,Santa Barbara,15.99,60.40833333333333,39.6,83.8,42.1,0.98,65.43333333333332,46.3,83.8,12.800000000000011
168,2016,Sonoma,49.56,58.15833333333333,37.2,80.9,42.89999999999999,2.1199999999999997,63.46666666666667,46.4,80.9,8.199999999999989
169,2016,Yolo,22.92,63.06666666666666,36.5,95.2,59.70000000000001,1.31,72.10000000000001,49.6,95.2,13.800000000000011
170,2017,Fresno,27.16,57.34166666666667,31.2,91.9,69.29999999999998,4.299999999999999,66.91666666666666,39.7,91.9,25.799999999999983
171,2017,Madera,29.76,57.800000000000004,31.3,92.7,69.1,4.94,67.35000000000001,40.2,92.7,25.5
172,2017,Monterey,25.019999999999996,60.44166666666667,35.1,89.3,46.2,2.02,66.83333333333333,43.5,89.3,13.099999999999994
173,2017,Napa,43.3,60.833333333333336,37.0,92.2,55.10000000000001,4.13,68.85000000000001,45.2,92.2,13.600000000000023
174,2017,Sacramento,27.87,63.68333333333333,37.4,98.2,65.10000000000002,3.7199999999999998,72.9,48.3,98.2,18.10000000000001
175,2017,San Joaquin,19.08,63.74166666666667,35.6,98.0,63.400000000000006,2.32,72.71666666666667,48.0,98.0,16.700000000000003
176,2017,San Luis Obispo,20.890000000000004,61.71666666666666,36.1,92.4,51.5,2.08,68.76666666666667,44.5,92.4,19.6
177,2017,Santa Barbara,20.52,60.666666666666664,39.2,85.2,41.40000000000001,1.43,66.06666666666666,45.2,85.2,15.400000000000006
178,2017,Sonoma,52.76,58.475,37.6,83.5,42.69999999999999,5.919999999999999,64.38333333333334,44.1,83.5,8.899999999999991
179,2017,Yolo,30.740000000000006,63.13333333333333,36.2,97.1,62.8,3.3,72.38333333333334,48.0,97.1,15.599999999999994
180,2018,Fresno,16.869999999999997,57.35833333333333,31.0,92.1,71.19999999999999,2.2399999999999998,67.0,40.9,92.1,26.999999999999993
181,2018,Madera,20.720000000000002,57.708333333333336,31.2,92.5,70.19999999999999,2.7199999999999998,67.2,40.9,92.5,26.499999999999993
182,2018,Monterey,19.21,59.866666666666674,35.8,90.3,49.89999999999999,1.31,65.73333333333333,42.7,90.3,20.39999999999999
183,2018,Napa,24.560000000000002,60.44166666666666,38.2,91.5,53.50000000000001,3.3,67.55,44.0,91.5,18.60000000000001
184,2018,Sacramento,18.950000000000003,62.850000000000016,38.2,97.2,60.30000000000001,3.07,71.35000000000001,47.1,97.2,21.0
185,2018,San Joaquin,14.35,63.31666666666666,39.3,97.2,58.099999999999994,2.28,71.45,47.7,97.2,21.200000000000003
186,2018,San Luis Obispo,14.400000000000002,61.116666666666674,35.3,92.8,57.900000000000006,0.35000000000000003,67.89999999999999,43.9,92.8,23.599999999999994
187,2018,Santa Barbara,12.72,60.23333333333334,37.5,87.2,50.0,0.34,65.53333333333333,44.5,87.2,20.799999999999997
188,2018,Sonoma,36.02,58.05833333333334,38.6,82.5,40.39999999999999,6.92,63.133333333333326,43.4,82.5,13.099999999999994
189,2018,Yolo,17.84,62.425000000000004,38.4,96.9,61.1,2.28,70.83333333333333,45.8,96.9,21.299999999999997
190,2019,Fresno,25.12,55.78333333333333,29.2,88.7,74.49999999999999,4.3100000000000005,65.46666666666665,43.0,88.7,26.89999999999999
191,2019,Madera,25.3,56.24999999999999,30.3,89.0,72.19999999999999,4.74,65.8,42.9,89.0,25.999999999999993
192,2019,Monterey,30.5,59.133333333333326,36.5,88.2,54.59999999999998,2.4299999999999997,65.88333333333333,45.5,88.2,16.999999999999986
193,2019,Napa,43.5,59.99166666666667,37.3,90.4,61.30000000000001,4.52,68.05,48.4,90.4,19.900000000000006
194,2019,Sacramento,25.880000000000003,62.85833333333334,39.6,95.2,62.89999999999999,4.34,71.85000000000001,51.1,95.2,21.599999999999987
195,2019,San Joaquin,17.6,63.091666666666676,39.7,94.7,60.7,2.96,71.85,50.4,94.7,20.799999999999997
196,2019,San Luis Obispo,23.650000000000002,59.73333333333334,36.0,89.5,59.2,1.65,66.93333333333334,45.9,89.5,19.10000000000001
197,2019,Santa Barbara,26.650000000000002,58.55833333333334,36.6,83.1,52.69999999999998,1.79,64.43333333333332,46.2,83.1,14.499999999999993
198,2019,Sonoma,57.85,57.89166666666666,38.1,83.5,52.699999999999996,7.29,63.88333333333335,47.3,83.5,16.499999999999986
199,2019,Yolo,33.14,62.4,38.6,95.1,64.10000000000001,3.8100000000000005,71.58333333333334,50.9,95.1,20.900000000000013
200,2020,Fresno,0.7,41.8,31.7,51.9,0.0,0.0,,,,0.0
201,2020,Madera,0.92,42.4,32.5,52.3,0.0,0.0,,,,0.0
202,2020,Monterey,1.25,49.1,37.5,60.7,0.0,0.0,,,,0.0
203,2020,Napa,2.71,48.2,39.2,57.3,0.0,0.0,,,,0.0
204,2020,Sacramento,1.28,48.8,40.1,57.6,0.0,0.0,,,,0.0
205,2020,San Joaquin,1.05,49.7,41.0,58.4,0.0,0.0,,,,0.0
206,2020,San Luis Obispo,0.61,48.9,37.8,60.0,0.0,0.0,,,,0.0
207,2020,Santa Barbara,0.63,50.5,39.3,61.6,0.0,0.0,,,,0.0
208,2020,Sonoma,3.92,49.2,41.0,57.3,0.0,0.0,,,,0.0
209,2020,Yolo,1.45,48.5,39.3,57.7,0.0,0.0,,,,0.0
