,Alameda County Precip,Kings County Precip,Placer County Precip,Sierra County Precip,Alpine County Precip,Lake County Precip,Plumas County Precip,Siskiyou County Precip,Amador County Precip,Lassen County Precip,Riverside County Precip,Solano County Precip,Butte County Precip,Los Angeles County Precip,Sacramento County Precip,Sonoma County Precip,Calaveras County Precip,Madera County Precip,San Benito County Precip,Stanislaus County Precip,Colusa County Precip,Marin County Precip,San Bernardino County Precip,Sutter County Precip,Contra Costa County Precip,Mariposa County Precip,San Diego County Precip,Tehama County Precip,Del Norte County Precip,Mendocino County Precip,San Francisco County Precip,Trinity County Precip,El Dorado County Precip,Merced County Precip,San Joaquin County Precip,Tulare County Precip,Fresno County Precip,Modoc County Precip,San Luis Obispo County Precip,Tuolumne County Precip,Glenn County Precip,Mono County Precip,San Mateo County Precip,Ventura County Precip,Humboldt County Precip,Monterey County Precip,Santa Barbara County Precip,Yolo County Precip,Imperial County Precip,Napa County Precip,Santa Clara County Precip,Yuba County Precip,year
3,5.94,1.39,13.47,12.84,10.06,9.42,11.8,10.72,11.28,5.05,0.2,5.57,9.81,1.01,6.23,8.33,11.57,6.98,4.66,4.3,5.36,8.33,0.15,5.03,6.09,10.33,0.56,8.25,21.32,11.62,7.22,14.47,13.36,3.45,4.57,4.27,5.2,4.24,3.35,12.63,5.77,2.96,8.91,2.05,15.67,6.39,1.87,5.29,0.0,6.94,7.5,9.21,200001.0
4,7.24,2.75,16.02,14.43,9.57,14.08,13.26,8.2,12.87,4.04,1.81,8.29,16.67,5.79,8.62,15.29,12.91,9.17,6.23,5.87,7.31,13.28,1.68,7.88,7.31,12.19,3.87,11.37,13.79,15.23,10.14,16.34,14.59,4.36,6.26,8.49,7.24,2.57,8.29,13.68,8.05,3.17,12.07,9.0,13.7,8.62,9.83,8.25,0.22,11.3,8.64,16.13,200002.0
5,1.92,0.95,2.67,2.52,1.67,3.53,2.66,2.69,2.04,1.58,0.86,2.12,4.81,2.12,1.83,3.28,2.33,1.81,1.4,1.06,2.32,2.9,0.63,2.04,1.99,2.42,1.34,3.38,4.85,3.1,2.45,4.22,2.3,0.88,1.02,3.1,1.67,1.88,1.61,2.69,2.59,0.91,2.61,2.78,3.76,2.04,2.28,2.12,0.21,3.13,2.38,3.78,200003.0
6,1.09,0.97,2.55,2.58,1.78,3.52,2.91,4.25,2.42,1.59,0.37,1.34,3.05,2.03,1.65,3.1,2.5,2.02,1.15,1.48,1.87,2.4,0.28,1.52,1.25,3.04,0.78,3.36,4.34,3.25,1.89,4.98,2.53,1.41,1.21,1.7,1.79,1.51,2.56,3.35,2.53,1.12,2.21,3.4,3.8,1.68,4.1,1.59,0.0,2.21,1.24,2.55,200004.0
7,1.0,0.17,3.4,2.48,2.35,2.97,1.84,1.43,3.5,1.49,0.02,1.0,1.76,0.05,1.48,1.86,3.11,0.78,0.27,0.83,1.81,1.7,0.01,1.2,0.98,1.7,0.06,1.75,4.91,2.25,1.43,2.69,4.12,0.43,0.81,1.02,0.7,1.22,0.13,2.73,2.09,0.48,1.4,0.02,2.64,0.35,0.02,1.15,0.02,1.5,0.81,1.94,200005.0
8,0.25,0.24,0.6,0.5,0.76,0.8,0.36,0.45,0.65,0.4,0.02,0.2,0.58,0.01,0.14,0.37,0.56,0.62,0.25,0.23,0.68,0.22,0.07,0.19,0.17,0.79,0.03,0.57,1.47,0.59,0.21,0.46,0.77,0.19,0.09,0.42,0.53,0.26,0.13,1.12,0.57,0.57,0.31,0.04,0.73,0.23,0.11,0.23,0.03,0.26,0.33,0.39,200006.0
9,0.0,0.0,0.01,0.01,0.04,0.0,0.01,0.49,0.0,0.18,0.0,0.0,0.0,0.0,0.0,0.0,0.0,0.0,0.0,0.0,0.0,0.0,0.0,0.0,0.0,0.01,0.0,0.19,0.22,0.02,0.02,0.18,0.01,0.0,0.0,0.01,0.0,0.36,0.0,0.01,0.01,0.02,0.01,0.0,0.05,0.01,0.0,0.0,0.0,0.0,0.01,0.0,200007.0
10,0.02,0.0,0.06,0.04,0.78,0.03,0.02,0.11,0.09,0.06,0.79,0.0,0.0,0.15,0.0,0.01,0.07,0.11,0.06,0.03,0.0,0.02,0.8,0.0,0.01,0.06,0.41,0.11,0.08,0.09,0.02,0.04,0.14,0.01,0.01,0.24,0.19,0.05,0.01,0.28,0.0,1.01,0.04,0.05,0.02,0.07,0.0,0.0,0.28,0.0,0.06,0.0,200008.0
11,0.22,0.01,1.08,0.94,0.95,0.43,0.62,0.83,1.03,0.61,0.09,0.12,0.59,0.11,0.18,0.37,0.91,0.48,0.04,0.1,0.29,0.24,0.03,0.24,0.16,0.56,0.19,0.86,1.0,0.42,0.28,0.6,1.41,0.08,0.1,0.17,0.23,0.96,0.09,0.95,0.48,0.16,0.32,0.05,0.54,0.17,0.04,0.16,0.01,0.24,0.21,0.78,200009.0
12,2.64,1.08,4.54,3.92,2.74,3.61,3.55,2.97,4.53,2.01,0.49,2.43,5.56,1.15,2.51,3.63,4.65,3.08,2.65,2.44,2.66,3.3,0.58,2.18,2.37,3.92,0.87,4.17,6.81,4.85,2.96,4.34,4.85,2.68,2.57,2.51,2.67,1.9,1.64,4.13,2.91,1.09,3.51,1.53,4.9,2.83,2.22,2.06,0.44,3.35,3.38,4.06,200010.0
13,0.73,0.01,1.94,2.08,1.61,2.07,1.75,1.88,1.7,1.17,0.06,0.82,1.69,0.03,0.76,1.6,1.3,0.44,0.3,0.38,0.95,1.49,0.04,0.75,0.76,0.81,0.35,1.51,4.85,2.64,0.97,2.71,2.09,0.24,0.53,0.22,0.25,1.14,0.04,1.28,1.06,0.35,1.16,0.0,4.25,0.22,0.0,0.86,0.01,1.29,0.97,1.5,200011.0
14,0.64,0.04,2.02,2.17,1.05,1.59,1.53,2.14,1.41,0.74,0.0,0.66,1.82,0.01,0.58,1.34,1.24,0.4,0.37,0.35,0.6,1.26,0.01,0.43,0.68,0.64,0.02,1.25,5.74,2.62,0.86,3.67,1.87,0.21,0.4,0.21,0.25,0.89,0.1,1.12,0.61,0.24,0.9,0.03,3.94,0.34,0.12,0.52,0.0,1.02,0.66,1.65,200012.0
15,2.93,2.04,4.38,3.48,3.86,8.25,3.0,2.69,4.48,1.14,1.56,3.3,6.74,4.55,3.69,7.26,4.95,4.59,4.54,3.29,4.89,5.82,1.64,3.76,3.19,5.47,2.52,6.14,4.77,6.92,4.16,6.27,4.55,2.89,2.87,4.49,4.03,0.81,5.28,5.58,6.11,2.33,5.26,6.81,5.9,5.95,6.98,3.75,0.54,5.67,4.53,5.08,200101.0
16,4.7,1.86,6.82,5.91,5.3,9.96,5.82,3.5,6.01,1.47,2.65,5.55,9.27,7.19,4.58,9.22,5.85,5.05,3.92,2.66,5.3,8.18,2.35,4.5,4.96,5.94,3.8,6.68,5.61,9.91,7.56,7.91,6.55,2.15,2.77,4.86,4.37,1.09,5.59,6.36,5.61,2.54,7.34,7.86,7.49,5.38,6.05,5.68,0.9,8.0,5.87,7.82,200102.0
17,1.64,1.38,3.12,3.1,2.66,4.98,3.34,3.04,2.57,1.46,1.02,1.7,3.33,1.69,1.99,2.85,2.93,2.79,2.92,2.11,3.02,2.03,0.72,1.86,1.6,3.31,1.31,3.72,4.28,4.39,1.63,5.22,2.89,1.63,1.66,1.13,2.66,1.15,3.82,3.86,3.61,1.9,2.34,5.23,4.62,3.31,5.51,2.38,0.86,2.74,2.37,2.85,200103.0
18,1.74,1.04,4.41,3.71,4.42,1.43,2.57,2.41,4.1,1.54,0.47,0.98,3.31,1.4,1.87,1.31,4.0,3.16,1.5,1.37,1.05,1.39,0.35,1.31,1.23,3.93,1.3,2.37,3.99,1.81,1.82,2.57,5.09,1.22,1.48,3.53,2.9,1.9,1.56,5.49,1.19,2.08,2.25,1.84,3.21,1.87,1.67,1.09,0.02,1.04,2.02,2.76,200104.0
19,0.0,0.0,0.16,0.15,0.37,0.0,0.07,0.78,0.08,0.04,0.02,0.0,0.04,0.01,0.0,0.0,0.05,0.09,0.0,0.0,0.0,0.0,0.01,0.0,0.0,0.07,0.09,0.06,2.55,0.1,0.0,0.62,0.15,0.0,0.0,0.26,0.15,0.11,0.0,0.17,0.0,0.23,0.0,0.02,1.06,0.0,0.02,0.0,0.0,0.0,0.0,0.03,200105.0
20,0.14,0.0,0.15,0.18,0.01,0.41,0.3,0.99,0.07,0.26,0.0,0.11,0.35,0.0,0.1,0.53,0.08,0.0,0.0,0.02,0.23,0.32,0.0,0.12,0.12,0.0,0.0,0.67,1.77,1.01,0.16,1.39,0.12,0.0,0.07,0.0,0.0,0.46,0.0,0.03,0.51,0.01,0.14,0.0,1.13,0.01,0.0,0.14,0.0,0.18,0.08,0.21,200106.0
21,0.0,0.04,0.05,0.1,0.43,0.0,0.09,0.71,0.04,0.24,0.47,0.0,0.02,0.09,0.0,0.0,0.04,0.33,0.0,0.01,0.0,0.0,0.37,0.0,0.0,0.22,0.17,0.05,0.37,0.02,0.01,0.15,0.07,0.01,0.0,0.58,0.47,0.29,0.05,0.5,0.0,1.12,0.04,0.06,0.13,0.02,0.05,0.0,0.2,0.0,0.01,0.0,200107.0
22,0.01,0.0,0.01,0.0,0.14,0.0,0.0,0.08,0.0,0.0,0.09,0.0,0.0,0.0,0.0,0.0,0.0,0.05,0.0,0.0,0.0,0.01,0.14,0.0,0.0,0.01,0.0,0.0,0.73,0.03,0.03,0.03,0.01,0.0,0.0,0.0,0.07,0.03,0.0,0.04,0.0,0.16,0.05,0.0,0.2,0.01,0.0,0.0,0.07,0.0,0.01,0.0,200108.0
23,0.15,0.0,0.57,0.62,0.55,0.5,0.59,1.38,0.4,0.54,0.04,0.23,0.53,0.03,0.29,0.22,0.35,0.14,0.11,0.14,0.42,0.16,0.07,0.32,0.13,0.32,0.04,0.68,0.77,0.27,0.18,1.24,0.56,0.14,0.22,0.0,0.13,0.84,0.01,0.54,0.58,0.25,0.18,0.0,0.49,0.07,0.0,0.27,0.0,0.35,0.14,0.48,200109.0
24,0.4,0.16,1.22,1.4,1.16,1.75,1.38,1.07,0.97,0.45,0.01,0.44,2.29,0.18,0.41,1.77,0.93,0.76,0.2,0.2,1.12,0.94,0.07,0.98,0.38,1.03,0.0,1.44,4.07,1.35,0.49,1.77,1.04,0.26,0.33,0.69,0.67,0.46,0.42,1.32,1.24,0.4,0.55,0.34,1.99,0.32,0.61,0.57,0.01,0.92,0.37,1.71,200110.0
25,3.42,1.31,7.77,7.6,5.99,11.7,6.48,8.0,5.04,2.87,0.44,4.1,8.73,1.82,3.01,10.66,5.16,4.25,2.89,2.21,6.69,8.73,0.46,3.71,3.72,6.2,0.89,8.46,15.02,13.9,5.89,15.4,7.16,1.87,2.3,3.85,3.39,3.28,3.37,6.99,7.57,2.5,6.4,3.39,14.04,3.77,3.78,4.05,0.05,7.06,4.08,6.74,200111.0
26,7.14,1.55,12.57,11.76,9.19,14.96,10.13,8.75,9.65,3.85,0.46,8.11,12.55,1.27,6.15,14.98,9.62,5.9,4.09,4.58,8.04,14.29,0.35,5.73,7.47,8.53,0.96,10.11,17.97,15.91,11.24,15.61,11.73,2.93,5.27,5.06,4.37,3.12,2.6,10.73,8.65,2.9,10.57,1.85,16.71,4.94,2.27,7.47,0.06,11.86,7.62,10.9,200112.0
27,1.31,0.68,4.95,4.51,2.43,6.64,4.12,4.9,3.39,1.74,0.15,2.31,5.82,0.82,2.18,5.85,3.09,1.83,1.0,1.55,3.62,4.09,0.14,2.82,1.56,2.45,0.38,4.32,12.51,7.27,2.11,8.22,4.39,1.13,1.59,1.58,1.59,1.54,1.05,2.98,3.92,0.6,2.12,1.12,9.89,1.36,1.09,2.61,0.02,4.27,1.64,4.65,200201.0
28,1.28,0.21,3.65,2.83,1.89,2.24,2.22,3.54,3.19,1.32,0.03,1.11,2.59,0.23,1.18,2.7,2.81,1.13,0.85,0.85,0.85,2.56,0.02,0.85,1.28,1.87,0.13,2.2,9.44,5.24,2.37,6.56,3.59,0.64,0.91,0.62,0.71,1.79,0.5,2.7,1.1,0.58,2.22,0.35,7.71,1.15,0.33,1.01,0.0,1.72,1.52,2.72,200202.0
29,2.51,0.76,7.06,5.63,4.81,2.86,4.23,2.39,5.59,1.61,0.25,2.05,4.79,0.44,2.8,3.59,5.38,2.56,1.63,1.69,1.58,3.35,0.17,2.72,2.35,3.41,0.94,2.85,7.08,3.99,2.61,3.31,6.73,1.21,2.06,2.32,2.09,1.38,1.27,5.27,1.25,1.26,3.29,0.4,5.66,1.67,0.64,2.12,0.02,2.79,2.84,5.56,200203.0
30,0.28,0.14,2.19,2.24,1.94,0.75,1.97,2.87,1.45,1.8,0.3,0.16,1.43,0.12,0.28,0.64,1.38,1.03,0.62,0.18,0.21,0.55,0.09,0.2,0.21,1.38,0.47,1.51,4.16,1.25,0.43,2.14,2.01,0.18,0.18,0.7,0.87,1.85,0.54,2.1,0.32,0.88,0.55,0.13,2.78,0.55,0.32,0.17,0.01,0.35,0.53,1.04,200204.0
31,0.85,0.08,1.79,1.4,0.95,1.1,1.16,1.08,1.78,0.43,0.01,0.9,1.8,0.13,1.43,1.03,1.62,1.07,0.48,0.31,0.95,1.0,0.01,1.27,0.81,1.45,0.02,1.05,1.54,1.08,0.89,1.44,1.82,0.45,0.55,0.67,0.76,0.44,0.21,1.72,0.87,0.26,0.9,0.14,1.17,0.44,0.14,1.04,0.0,1.2,1.03,1.79,200205.0
32,0.0,0.06,0.01,0.07,0.07,0.0,0.14,0.45,0.01,0.15,0.0,0.0,0.0,0.01,0.0,0.0,0.01,0.13,0.0,0.0,0.0,0.01,0.0,0.0,0.0,0.07,0.0,0.02,0.75,0.0,0.02,0.09,0.01,0.01,0.0,0.16,0.05,0.26,0.0,0.1,0.0,0.09,0.05,0.01,0.18,0.01,0.0,0.0,0.0,0.0,0.01,0.0,200206.0
33,0.0,0.0,0.07,0.11,0.33,0.0,0.09,0.12,0.03,0.09,0.01,0.0,0.02,0.01,0.0,0.0,0.01,0.06,0.0,0.0,0.0,0.0,0.18,0.0,0.0,0.02,0.03,0.02,0.01,0.0,0.0,0.12,0.15,0.0,0.0,0.01,0.04,0.09,0.0,0.1,0.01,0.38,0.01,0.0,0.04,0.0,0.0,0.0,0.0,0.0,0.0,0.0,200207.0
34,0.01,0.0,0.03,0.03,0.06,0.0,0.01,0.01,0.01,0.01,0.0,0.0,0.0,0.0,0.0,0.01,0.0,0.01,0.0,0.0,0.0,0.01,0.0,0.0,0.0,0.0,0.0,0.0,0.01,0.0,0.02,0.01,0.02,0.0,0.0,0.0,0.01,0.01,0.0,0.02,0.0,0.09,0.02,0.0,0.01,0.01,0.0,0.0,0.0,0.0,0.02,0.0,200208.0
35,0.0,0.0,0.05,0.04,0.3,0.0,0.01,0.18,0.05,0.02,0.32,0.0,0.0,0.05,0.0,0.0,0.03,0.22,0.0,0.0,0.0,0.0,0.16,0.0,0.0,0.28,0.43,0.0,0.36,0.01,0.01,0.05,0.05,0.01,0.0,0.02,0.09,0.07,0.03,0.35,0.01,0.37,0.01,0.06,0.09,0.01,0.07,0.0,0.37,0.0,0.01,0.0,200209.0
36,0.01,0.01,0.05,0.05,0.21,0.0,0.06,0.05,0.04,0.07,0.04,0.0,0.0,0.02,0.0,0.03,0.03,0.07,0.0,0.0,0.0,0.03,0.17,0.0,0.01,0.11,0.04,0.0,0.04,0.01,0.03,0.01,0.06,0.0,0.0,0.08,0.1,0.14,0.01,0.17,0.0,0.16,0.04,0.01,0.05,0.01,0.01,0.0,0.01,0.01,0.01,0.0,200210.0
37,2.78,0.99,6.48,7.51,5.74,5.37,6.58,5.04,4.42,2.88,0.71,3.05,4.73,1.93,2.39,4.4,4.76,4.5,3.09,2.39,2.76,3.69,0.72,2.19,2.6,6.31,1.51,4.33,7.37,6.3,2.93,7.58,5.86,1.89,2.16,5.73,4.35,1.96,3.18,6.92,2.7,3.4,3.59,4.46,6.13,3.67,3.78,2.85,0.14,3.86,3.8,4.26,200211.0
38,9.31,1.57,14.32,16.35,10.54,25.78,16.89,17.16,10.55,4.94,1.03,10.66,19.96,2.67,6.45,21.36,9.79,6.01,7.29,4.81,11.39,20.07,0.68,6.93,9.47,9.1,2.05,16.86,28.02,27.66,13.49,31.21,13.14,3.8,5.62,4.66,4.89,2.78,5.23,11.73,12.82,4.26,14.84,4.05,33.21,7.98,5.56,9.9,0.05,17.47,10.74,14.55,200212.0
39,0.99,0.3,3.27,3.93,1.46,5.71,4.54,5.05,1.37,2.07,0.24,1.87,6.39,0.01,1.52,6.31,1.27,0.7,0.79,0.71,3.29,4.2,0.13,2.32,1.28,1.0,0.17,6.31,13.2,7.01,1.85,7.74,2.28,0.72,0.56,0.32,0.43,1.8,0.34,1.19,4.05,0.23,1.58,0.02,9.18,1.15,0.07,2.13,0.07,3.44,1.13,4.04,200301.0
40,1.65,1.26,2.84,2.53,2.17,2.84,2.12,2.28,2.45,1.05,2.67,1.5,3.25,6.08,1.42,2.47,2.4,2.39,1.99,1.11,2.21,2.63,2.34,1.72,1.44,2.66,4.23,2.52,6.3,3.94,2.38,3.79,2.84,1.17,1.12,3.64,2.7,1.2,2.71,2.69,2.28,1.48,2.75,6.86,5.55,2.45,3.55,1.59,1.3,2.2,2.02,2.74,200302.0
41,1.49,0.86,4.65,4.69,2.73,5.16,5.19,6.03,3.2,3.0,1.79,2.16,4.79,3.06,2.11,3.62,2.75,1.93,1.51,1.34,2.5,2.43,1.23,2.28,1.65,2.66,2.06,5.02,12.24,6.14,1.71,8.06,4.09,0.99,1.59,2.02,1.97,2.8,1.78,3.26,2.67,1.17,1.79,3.68,8.66,1.6,2.6,2.46,0.41,3.07,1.71,4.09,200303.0
42,3.63,0.97,9.27,8.72,6.67,9.27,7.66,6.95,8.05,3.6,0.65,2.9,9.14,1.68,3.58,7.17,7.42,4.51,2.29,1.79,3.79,5.0,0.81,3.28,3.08,6.92,1.56,7.15,15.21,12.82,3.82,13.02,9.85,1.27,2.43,3.29,3.18,3.16,1.77,8.86,4.09,1.91,5.59,2.04,14.94,2.43,2.15,3.15,0.02,5.17,4.13,7.17,200304.0
43,0.93,0.78,2.02,1.96,1.61,1.83,1.78,1.11,1.39,1.46,0.11,0.85,2.16,1.19,1.09,1.14,1.27,1.85,1.31,0.51,1.37,1.41,0.12,1.0,0.86,2.42,0.74,1.95,1.91,1.11,1.02,1.43,2.13,0.75,0.53,2.1,1.74,2.19,1.25,2.44,2.09,0.69,1.13,1.92,1.74,1.36,1.61,0.99,0.01,1.19,1.2,2.05,200305.0
44,0.0,0.0,0.12,0.16,0.12,0.0,0.1,0.11,0.03,0.16,0.01,0.0,0.01,0.03,0.0,0.01,0.01,0.01,0.0,0.0,0.0,0.0,0.01,0.0,0.0,0.01,0.05,0.01,0.13,0.0,0.0,0.02,0.09,0.0,0.0,0.02,0.01,0.19,0.0,0.04,0.0,0.09,0.02,0.03,0.06,0.01,0.01,0.0,0.0,0.0,0.01,0.0,200306.0
45,0.0,0.02,0.14,0.27,0.95,0.02,0.11,0.46,0.06,0.26,0.14,0.0,0.01,0.08,0.0,0.03,0.03,0.26,0.01,0.0,0.01,0.02,0.19,0.0,0.0,0.26,0.37,0.03,0.01,0.02,0.0,0.12,0.24,0.0,0.0,0.52,0.41,0.34,0.08,0.47,0.04,1.0,0.0,0.04,0.01,0.04,0.07,0.01,0.11,0.0,0.0,0.0,200307.0
46,0.1,0.06,0.89,1.43,0.96,0.41,1.27,0.77,0.39,1.12,0.79,0.25,0.62,0.05,0.21,0.07,0.42,0.35,0.1,0.13,0.31,0.14,0.82,0.28,0.11,0.46,0.67,0.71,0.29,0.33,0.05,1.27,0.75,0.09,0.13,0.78,0.34,0.7,0.02,0.71,0.52,0.7,0.02,0.02,0.54,0.08,0.0,0.22,0.66,0.41,0.22,0.61,200308.0
47,0.01,0.01,0.17,0.11,0.35,0.11,0.1,0.41,0.07,0.22,0.17,0.01,0.01,0.03,0.01,0.06,0.04,0.07,0.0,0.01,0.02,0.03,0.19,0.0,0.01,0.1,0.13,0.09,0.7,0.26,0.01,0.44,0.28,0.01,0.0,0.28,0.09,0.52,0.0,0.22,0.08,0.37,0.04,0.02,0.52,0.0,0.0,0.01,0.1,0.02,0.02,0.01,200309.0
48,0.04,0.04,0.51,0.45,0.37,0.07,0.12,0.12,0.1,0.03,0.0,0.02,0.18,0.18,0.1,0.04,0.06,0.04,0.11,0.07,0.12,0.06,0.01,0.04,0.02,0.03,0.01,0.07,0.94,0.06,0.04,0.06,0.32,0.07,0.02,0.02,0.09,0.04,0.13,0.12,0.17,0.08,0.1,0.18,0.33,0.19,0.23,0.03,0.0,0.04,0.15,0.29,200310.0
49,2.04,0.38,3.36,2.93,2.94,6.27,2.88,4.47,3.19,1.9,1.18,1.71,4.78,0.89,1.81,4.15,2.99,1.44,0.77,1.03,2.93,2.81,1.01,2.13,1.72,2.39,0.88,4.97,9.16,6.87,2.05,8.36,3.48,0.78,1.61,1.61,1.43,2.39,1.38,3.52,3.86,1.34,2.65,1.44,7.83,1.0,1.48,1.93,0.22,3.19,2.37,3.88,200311.0
50,5.55,1.7,12.6,13.02,10.1,20.13,11.53,8.92,10.33,4.88,0.46,6.33,13.5,1.57,4.67,16.88,10.31,5.89,4.79,3.83,10.32,12.53,0.72,5.24,5.84,8.46,1.11,12.07,23.13,18.35,8.34,16.32,11.94,3.31,3.83,4.97,4.07,4.25,3.03,11.52,11.39,3.26,9.31,2.17,18.49,6.1,2.17,6.57,0.04,11.72,7.4,10.72,200312.0
51,2.48,0.76,4.32,4.5,3.06,5.56,4.01,4.99,3.75,1.63,0.24,2.74,5.63,0.38,2.26,5.49,3.44,1.9,1.77,1.35,3.3,4.62,0.12,2.63,2.69,2.54,0.48,4.2,12.37,6.94,3.55,8.75,4.13,1.12,1.9,1.91,1.66,1.79,0.98,3.38,3.55,0.97,3.84,0.76,10.24,1.63,0.63,2.51,0.13,3.83,2.74,4.65,200401.0
52,4.77,2.24,9.98,10.05,7.48,14.48,10.93,8.67,7.67,4.24,2.47,6.09,11.63,5.19,5.18,12.37,7.25,4.78,5.54,3.6,7.79,9.22,2.33,5.68,5.04,7.03,3.73,10.71,14.35,14.34,6.35,16.36,9.38,3.18,3.67,5.37,4.42,3.27,4.89,8.64,8.46,3.04,7.18,6.89,14.71,6.31,5.92,6.7,1.26,9.34,5.91,9.52,200402.0
53,0.64,0.36,1.71,1.76,1.36,2.29,1.39,2.25,1.41,0.64,0.53,0.82,1.98,0.78,0.67,1.81,1.26,1.16,0.48,0.46,1.3,1.28,0.55,1.06,0.69,1.68,0.47,1.97,5.13,2.5,1.0,3.15,1.69,0.5,0.61,1.04,1.01,0.77,0.52,1.67,1.74,0.56,1.07,0.73,3.53,0.54,0.43,0.83,0.35,1.37,0.79,1.81,200403.0
54,0.19,0.03,0.99,1.13,0.57,1.2,0.79,1.78,0.41,0.6,0.62,0.18,0.83,0.32,0.2,1.24,0.3,0.37,0.05,0.09,0.28,0.7,0.57,0.21,0.18,0.36,0.76,0.94,6.1,1.67,0.26,2.38,0.79,0.04,0.21,0.36,0.43,1.09,0.03,0.51,0.38,0.39,0.33,0.17,2.61,0.04,0.01,0.23,0.36,0.41,0.35,0.74,200404.0
55,0.1,0.0,0.94,1.18,0.9,0.18,1.3,1.96,0.44,1.59,0.0,0.06,0.71,0.04,0.1,0.08,0.42,0.41,0.03,0.15,0.1,0.09,0.0,0.07,0.07,0.64,0.0,1.08,1.65,0.26,0.1,1.05,0.71,0.15,0.15,0.03,0.22,2.08,0.0,0.9,0.22,0.52,0.1,0.0,1.31,0.01,0.0,0.09,0.0,0.06,0.12,0.41,200405.0
56,0.0,0.0,0.14,0.31,0.14,0.03,0.38,0.31,0.03,0.39,0.0,0.0,0.05,0.0,0.0,0.01,0.02,0.05,0.0,0.0,0.03,0.0,0.0,0.0,0.0,0.07,0.02,0.09,0.29,0.04,0.0,0.29,0.09,0.0,0.0,0.0,0.04,0.37,0.0,0.14,0.01,0.24,0.02,0.0,0.09,0.02,0.0,0.0,0.0,0.03,0.0,0.02,200406.0
57,0.0,0.0,0.02,0.06,0.06,0.0,0.13,0.25,0.01,0.17,0.04,0.0,0.0,0.0,0.0,0.01,0.0,0.08,0.0,0.0,0.0,0.01,0.09,0.0,0.0,0.04,0.03,0.02,0.1,0.01,0.0,0.03,0.01,0.0,0.0,0.04,0.06,0.14,0.0,0.09,0.0,0.3,0.03,0.0,0.04,0.01,0.0,0.0,0.06,0.0,0.0,0.0,200407.0
58,0.01,0.0,0.05,0.09,0.31,0.0,0.06,0.35,0.02,0.21,0.18,0.0,0.01,0.01,0.0,0.0,0.01,0.11,0.0,0.0,0.0,0.02,0.53,0.0,0.0,0.03,0.06,0.0,1.19,0.01,0.04,0.08,0.05,0.0,0.0,0.08,0.11,0.53,0.0,0.14,0.0,0.55,0.07,0.0,0.33,0.0,0.0,0.0,0.13,0.0,0.01,0.0,200408.0
59,0.29,0.01,0.29,0.34,0.2,0.06,0.35,0.21,0.42,0.19,0.17,0.16,0.18,0.01,0.27,0.09,0.27,0.12,0.03,0.16,0.07,0.23,0.13,0.05,0.19,0.15,0.12,0.26,0.97,0.2,0.11,0.1,0.37,0.12,0.29,0.02,0.05,0.27,0.0,0.24,0.03,0.1,0.1,0.01,0.44,0.02,0.0,0.1,0.08,0.08,0.16,0.23,200409.0
60,3.25,1.81,6.74,6.44,5.64,5.59,6.03,5.29,5.88,3.12,2.06,2.68,6.56,3.79,2.9,4.8,5.91,5.31,3.97,2.22,3.87,4.24,1.8,2.9,3.11,7.97,3.38,4.66,8.62,5.19,3.4,6.62,6.84,2.65,2.55,3.76,4.36,2.89,3.95,8.26,4.18,2.87,4.17,4.36,7.61,4.26,4.2,2.68,1.14,3.89,4.04,5.43,200410.0
61,1.46,0.46,4.09,3.01,3.5,3.04,2.45,2.26,3.68,1.92,1.14,2.46,2.4,0.78,2.53,2.76,3.2,1.68,1.01,1.41,2.21,2.77,1.2,2.49,1.79,2.58,1.14,2.55,2.7,2.13,1.84,2.79,3.91,1.16,1.95,1.4,1.46,1.96,1.58,3.47,2.69,2.31,1.7,0.23,2.21,1.32,0.61,2.82,0.57,2.77,1.42,3.21,200411.0
62,5.16,2.17,8.86,8.63,6.64,14.32,8.83,8.56,7.15,2.37,2.82,5.73,9.33,6.06,4.0,12.96,7.29,5.2,5.59,3.69,8.17,12.15,2.09,3.65,5.21,6.07,3.7,8.46,15.49,13.17,7.77,12.11,8.42,3.3,3.29,4.24,4.82,1.75,6.64,8.06,8.85,3.59,9.03,8.97,13.42,7.74,8.16,5.24,1.18,9.45,6.73,7.14,200412.0
63,3.72,2.66,8.91,7.67,8.19,9.06,6.46,3.97,9.35,2.39,4.64,4.41,7.45,9.55,4.1,6.65,10.11,6.89,5.0,3.48,5.51,5.98,3.88,4.18,4.24,10.62,5.6,6.46,8.1,8.36,4.3,7.0,10.05,3.38,3.36,7.93,6.38,1.31,6.35,11.98,6.82,4.86,5.57,14.18,7.77,5.85,9.4,4.62,1.36,6.13,5.21,6.53,200501.0
64,4.01,1.71,4.53,3.21,4.32,5.91,3.14,1.71,4.34,1.33,5.28,3.7,4.06,10.31,2.71,5.27,4.73,4.4,4.86,3.21,4.19,5.77,4.13,2.65,3.7,5.47,6.02,3.82,2.28,5.04,4.97,4.16,4.89,2.71,2.51,3.97,3.64,1.02,4.74,6.1,4.76,2.13,5.59,10.63,3.38,5.88,6.61,3.57,1.79,4.53,5.05,4.0,200502.0
65,4.06,1.54,8.72,8.12,6.5,7.77,7.24,4.41,9.01,2.67,0.46,3.62,6.92,1.94,3.61,7.64,8.71,5.05,3.66,2.93,3.93,6.8,0.78,2.5,3.65,8.17,1.65,4.97,10.83,9.31,5.03,10.19,9.18,2.62,2.85,4.68,4.05,1.98,3.05,9.3,4.26,2.3,6.31,2.76,9.75,3.96,3.17,3.19,0.23,5.56,5.34,6.43,200503.0
66,1.85,0.88,3.28,3.0,2.5,2.91,2.85,4.03,2.41,1.87,0.4,1.2,2.95,1.09,1.32,2.66,2.14,1.28,1.58,1.2,1.27,2.49,0.2,0.9,1.55,1.88,1.1,2.82,10.23,4.48,2.22,5.43,3.29,1.04,1.38,1.73,1.42,2.41,1.12,2.89,1.64,0.93,2.54,1.29,7.45,1.56,0.85,0.96,0.07,1.67,2.14,2.12,200504.0
67,1.4,1.16,6.42,5.99,4.33,5.74,5.72,5.65,4.15,3.82,0.09,1.49,6.39,0.52,1.71,5.51,3.77,3.67,0.78,1.06,2.54,3.51,0.09,1.96,1.34,4.38,0.18,5.59,8.15,5.99,1.77,7.94,5.87,1.05,0.94,2.57,2.7,4.73,1.12,5.24,3.22,1.56,1.97,1.0,6.75,0.87,0.9,1.98,0.0,3.82,1.28,4.93,200505.0
68,0.35,0.0,1.91,1.81,0.86,1.53,2.21,1.62,1.25,1.73,0.0,0.43,2.19,0.0,0.61,1.0,0.83,0.12,0.2,0.19,1.07,0.87,0.0,0.82,0.33,0.11,0.03,1.45,3.66,2.34,0.81,2.58,2.04,0.11,0.31,0.0,0.06,0.65,0.02,0.67,1.01,0.16,0.78,0.0,3.6,0.14,0.01,0.64,0.0,0.73,0.51,1.63,200506.0
69,0.01,0.01,0.02,0.04,0.3,0.0,0.01,0.13,0.02,0.02,0.55,0.0,0.0,0.05,0.0,0.0,0.01,0.02,0.02,0.0,0.0,0.0,0.48,0.0,0.0,0.01,0.39,0.0,0.1,0.01,0.03,0.03,0.02,0.0,0.0,0.02,0.01,0.04,0.0,0.04,0.0,0.2,0.02,0.01,0.03,0.06,0.0,0.0,0.28,0.0,0.01,0.0,200507.0
70,0.0,0.01,0.12,0.12,0.42,0.0,0.01,0.01,0.05,0.0,0.55,0.0,0.0,0.11,0.0,0.01,0.03,0.31,0.01,0.02,0.0,0.01,0.75,0.0,0.0,0.27,0.58,0.0,0.03,0.0,0.02,0.0,0.18,0.03,0.0,0.46,0.34,0.0,0.03,0.34,0.0,0.73,0.02,0.04,0.01,0.02,0.0,0.0,0.87,0.0,0.01,0.0,200508.0
71,0.12,0.21,0.57,0.47,0.61,0.03,0.67,0.24,0.64,0.39,0.18,0.03,0.16,0.41,0.12,0.0,0.78,0.37,0.03,0.2,0.01,0.02,0.41,0.05,0.05,0.52,0.11,0.16,0.48,0.05,0.04,0.03,0.73,0.16,0.13,0.65,0.42,0.4,0.04,0.77,0.11,0.41,0.14,0.26,0.11,0.04,0.09,0.03,0.09,0.01,0.05,0.23,200509.0
72,0.22,0.09,1.4,1.52,1.01,1.03,1.09,1.31,0.67,0.81,1.33,0.2,1.84,1.99,0.17,1.42,0.73,0.37,0.06,0.11,0.64,0.8,1.15,0.52,0.21,0.73,1.19,0.78,4.71,1.35,0.45,1.34,1.19,0.13,0.11,1.01,0.34,0.84,0.26,1.12,0.52,0.49,0.47,1.86,2.88,0.06,0.56,0.23,0.68,0.68,0.15,1.34,200510.0
73,1.05,0.13,3.85,4.15,2.74,5.9,4.39,8.55,2.13,2.87,0.01,1.48,5.35,0.23,1.05,3.55,2.07,0.67,0.54,0.46,3.03,2.68,0.02,2.15,1.13,1.38,0.07,6.42,13.98,7.61,2.09,9.37,3.36,0.27,0.49,0.29,0.57,3.83,0.65,2.57,3.38,0.66,1.79,0.87,10.71,0.83,1.58,1.84,0.0,2.53,0.96,3.88,200511.0
74,7.73,0.85,23.47,24.65,16.2,23.03,20.84,16.96,15.05,7.34,0.05,11.66,20.29,0.62,8.81,21.89,13.91,6.91,4.29,4.0,11.14,18.87,0.05,8.33,9.05,11.03,0.15,15.62,25.53,26.28,12.08,27.73,21.19,2.81,5.8,4.31,4.93,5.71,2.38,17.08,12.22,5.85,12.3,1.28,23.32,5.35,1.37,11.02,0.0,17.47,8.27,17.41,200512.0
75,3.14,3.27,8.61,8.09,7.36,7.46,7.32,10.23,7.02,3.38,0.34,3.2,7.53,2.14,3.18,7.35,7.2,5.76,4.18,2.94,3.09,5.97,0.35,2.39,3.05,7.18,0.94,6.56,20.44,10.95,3.81,13.59,8.83,2.54,3.07,6.18,5.38,3.27,5.1,9.03,3.61,3.88,4.86,3.78,16.34,4.91,4.88,2.92,0.02,5.07,4.48,5.76,200601.0
76,1.8,0.47,6.39,6.07,4.78,5.78,6.38,5.08,3.61,2.87,0.81,2.71,6.37,2.53,1.9,5.89,3.58,2.4,1.68,1.19,3.23,4.38,0.39,2.57,1.99,3.12,1.57,5.07,8.62,7.06,3.06,7.42,5.63,0.92,1.16,2.0,2.27,1.99,1.34,4.58,3.24,2.11,3.09,3.21,8.62,1.95,2.14,2.73,0.02,4.67,2.29,4.79,200602.0
77,6.79,2.44,11.57,11.2,7.97,13.79,9.94,6.26,10.34,3.63,1.33,6.32,13.57,3.21,5.35,12.82,10.85,6.61,5.18,4.23,7.41,11.29,0.8,5.38,6.38,8.21,3.09,9.7,15.79,15.33,9.3,12.66,11.84,3.39,4.01,5.74,5.75,2.59,4.45,10.93,7.83,2.59,10.83,4.25,15.51,6.04,3.79,5.96,0.4,9.27,8.25,11.21,200603.0
78,4.0,2.24,10.8,10.63,6.79,10.85,10.29,4.09,9.94,4.11,0.84,4.18,9.89,2.69,4.51,8.9,8.86,6.75,3.03,2.71,5.39,7.43,0.52,3.88,4.02,9.21,1.74,8.1,6.62,9.07,5.0,7.48,11.66,2.31,3.26,5.08,5.39,2.79,3.96,9.81,6.75,2.57,5.96,4.58,6.48,4.4,5.27,4.35,0.01,6.24,4.99,8.3,200604.0
79,0.62,0.53,1.25,1.28,0.89,1.47,1.07,1.16,1.29,0.89,0.09,0.75,0.9,0.56,0.54,0.6,1.53,1.12,1.2,0.87,0.81,0.52,0.03,0.5,0.63,1.11,0.46,1.06,3.26,0.87,0.51,1.89,1.18,0.95,0.74,0.51,1.14,0.73,1.23,1.68,1.29,0.73,0.57,1.05,2.02,1.38,1.16,0.66,0.02,0.83,0.63,0.78,200605.0
80,0.0,0.0,0.21,0.31,0.06,0.05,0.3,0.81,0.03,0.29,0.03,0.0,0.17,0.03,0.0,0.01,0.01,0.03,0.0,0.0,0.06,0.01,0.05,0.0,0.01,0.03,0.04,0.37,1.78,0.11,0.0,0.6,0.12,0.0,0.0,0.14,0.03,0.35,0.0,0.08,0.24,0.11,0.02,0.01,0.45,0.0,0.0,0.01,0.02,0.01,0.0,0.05,200606.0
81,0.0,0.0,0.05,0.09,0.38,0.0,0.04,0.06,0.03,0.05,0.11,0.0,0.0,0.1,0.0,0.01,0.01,0.1,0.06,0.01,0.0,0.01,0.36,0.0,0.0,0.04,0.27,0.0,0.05,0.0,0.0,0.02,0.04,0.0,0.01,0.22,0.27,0.09,0.01,0.24,0.0,0.56,0.01,0.06,0.03,0.03,0.0,0.0,0.04,0.0,0.0,0.0,200607.0
82,0.0,0.0,0.02,0.01,0.22,0.0,0.01,0.26,0.01,0.04,0.34,0.0,0.01,0.0,0.0,0.0,0.0,0.0,0.0,0.0,0.0,0.0,0.05,0.0,0.0,0.0,0.09,0.01,0.14,0.0,0.0,0.13,0.02,0.0,0.0,0.0,0.0,0.22,0.0,0.03,0.0,0.04,0.0,0.01,0.05,0.0,0.01,0.0,0.2,0.0,0.0,0.0,200608.0
83,0.0,0.0,0.05,0.04,0.17,0.01,0.01,0.05,0.03,0.02,0.26,0.0,0.0,0.01,0.0,0.0,0.04,0.0,0.0,0.0,0.0,0.0,0.17,0.01,0.0,0.01,0.03,0.0,0.38,0.01,0.0,0.03,0.05,0.0,0.0,0.03,0.0,0.07,0.0,0.07,0.0,0.05,0.01,0.01,0.15,0.0,0.01,0.0,0.24,0.0,0.0,0.01,200609.0
84,0.36,0.19,0.68,0.69,0.96,0.32,0.53,0.62,0.72,0.55,0.09,0.18,0.22,0.18,0.21,0.5,0.92,0.67,0.38,0.3,0.19,0.65,0.5,0.1,0.27,0.95,0.3,0.22,1.2,0.36,0.63,0.41,0.84,0.31,0.29,0.58,0.54,0.7,0.36,1.2,0.13,0.71,0.57,0.27,0.65,0.37,0.28,0.12,0.1,0.31,0.39,0.3,200610.0
85,1.83,0.17,4.39,4.95,2.89,3.65,4.0,6.99,2.87,2.14,0.02,1.84,4.53,0.11,1.25,4.18,2.86,0.93,0.87,1.04,1.94,4.21,0.01,1.75,1.67,1.99,0.12,3.81,20.86,6.46,2.95,8.75,4.19,0.68,1.18,0.23,0.52,2.49,0.32,2.82,1.85,0.46,2.43,0.17,12.12,1.14,0.26,1.73,0.0,2.62,1.71,3.76,200611.0
86,2.81,0.53,5.89,5.69,3.7,7.87,5.24,8.42,4.81,1.43,0.26,2.84,7.28,0.76,2.73,7.91,4.75,3.01,2.54,2.16,3.85,6.54,0.19,2.9,2.61,3.92,0.83,6.04,19.38,9.68,5.04,11.47,5.73,1.6,1.92,2.57,2.19,1.48,1.44,4.79,4.03,1.21,4.47,1.31,13.14,2.86,1.02,2.95,0.02,5.05,3.57,6.35,200612.0
87,0.67,0.45,1.69,1.38,1.53,0.48,0.75,2.21,1.52,0.49,0.22,0.26,0.5,0.58,0.3,0.64,1.51,0.86,1.06,0.57,0.51,0.83,0.14,0.13,0.52,1.16,0.74,0.41,5.15,1.25,0.84,1.66,1.93,0.58,0.43,0.95,0.93,0.7,1.1,1.62,0.13,0.66,1.18,2.08,2.45,1.09,1.73,0.11,0.06,0.38,1.07,0.62,200701.0
88,4.29,0.89,11.4,10.8,7.5,10.09,10.41,7.73,9.02,3.6,0.4,3.96,11.06,1.3,4.74,11.19,9.09,3.96,2.69,2.67,5.0,8.01,0.22,3.99,3.93,6.44,2.03,7.76,14.69,11.79,5.16,11.9,10.59,1.65,2.8,3.56,3.31,2.77,2.59,9.2,5.26,2.26,6.3,1.81,15.69,3.48,2.43,4.1,0.04,6.9,5.12,9.65,200702.0
89,0.36,0.3,1.51,1.41,1.47,0.62,1.48,1.6,1.4,0.79,0.32,0.2,1.04,0.19,0.49,0.42,1.14,1.0,0.43,0.47,0.6,0.37,0.11,0.26,0.27,1.23,0.37,1.23,5.79,1.17,0.46,1.45,1.96,0.36,0.37,1.36,0.97,0.9,0.22,1.48,0.36,0.54,0.7,0.27,3.25,0.5,0.13,0.23,0.14,0.26,0.5,0.77,200703.0
90,1.04,0.3,3.13,2.82,1.94,2.43,2.39,1.97,2.74,1.72,0.39,1.45,2.95,0.55,1.64,2.44,2.43,0.91,0.97,0.88,1.39,2.14,0.19,1.41,1.18,1.63,0.52,2.26,5.25,3.28,1.46,3.45,3.12,0.62,1.34,1.34,0.85,1.51,0.55,2.55,1.49,0.79,1.33,0.84,4.16,1.0,0.59,1.53,0.09,1.79,1.15,2.84,200704.0
91,0.21,0.01,1.11,1.16,0.71,0.56,1.04,0.92,0.69,0.41,0.0,0.31,0.82,0.01,0.37,0.53,0.85,0.23,0.04,0.11,0.37,0.55,0.0,0.35,0.24,0.56,0.02,0.77,1.36,0.92,0.42,1.11,0.96,0.04,0.12,0.07,0.1,0.46,0.02,1.05,0.43,0.14,0.4,0.07,1.03,0.06,0.01,0.32,0.0,0.43,0.16,0.82,200705.0
92,0.0,0.0,0.33,0.69,0.19,0.0,0.46,0.56,0.08,0.45,0.0,0.0,0.28,0.0,0.0,0.0,0.09,0.02,0.0,0.0,0.05,0.0,0.0,0.05,0.0,0.01,0.0,0.19,1.34,0.03,0.0,0.13,0.21,0.0,0.0,0.0,0.01,0.7,0.0,0.09,0.1,0.13,0.01,0.0,0.37,0.01,0.0,0.0,0.0,0.0,0.01,0.32,200706.0
93,0.02,0.0,0.03,0.09,0.08,0.13,0.34,0.83,0.05,0.23,0.11,0.03,0.17,0.04,0.04,0.09,0.03,0.07,0.01,0.01,0.11,0.04,0.25,0.02,0.02,0.02,0.04,0.39,1.2,0.17,0.06,0.48,0.04,0.01,0.03,0.01,0.07,0.17,0.0,0.11,0.19,0.45,0.06,0.01,0.65,0.01,0.0,0.05,0.03,0.05,0.03,0.04,200707.0
94,0.0,0.05,0.06,0.06,0.42,0.0,0.01,0.14,0.02,0.06,0.11,0.0,0.0,0.03,0.0,0.0,0.01,0.19,0.03,0.0,0.0,0.01,0.18,0.0,0.0,0.12,0.16,0.0,0.35,0.01,0.0,0.04,0.05,0.0,0.0,0.19,0.27,0.14,0.09,0.29,0.0,0.75,0.01,0.01,0.09,0.06,0.04,0.0,0.1,0.0,0.0,0.0,200708.0
95,0.22,0.27,1.02,0.99,0.79,0.2,0.78,0.5,0.4,0.58,0.54,0.2,0.89,0.7,0.19,0.1,0.31,0.29,0.51,0.16,0.22,0.1,0.77,0.31,0.12,0.39,0.23,0.67,0.91,0.22,0.16,0.2,0.84,0.38,0.16,0.51,0.41,0.83,0.05,0.6,0.46,0.55,0.3,0.61,0.35,0.36,0.23,0.22,0.44,0.17,0.38,0.75,200709.0
96,1.55,0.42,3.14,3.25,1.31,2.33,2.84,5.45,1.58,1.55,0.02,1.54,2.58,0.33,1.0,3.62,1.47,0.59,0.78,0.86,1.86,3.05,0.02,1.53,1.54,1.11,0.15,2.67,10.45,3.96,2.58,6.27,2.38,0.74,0.77,1.05,0.52,2.44,0.61,1.35,1.24,0.44,2.13,0.33,6.9,0.92,0.43,1.43,0.01,2.2,1.4,2.68,200710.0
97,0.73,0.08,1.38,1.18,0.74,0.75,0.97,2.23,1.16,0.59,1.13,0.73,1.23,0.79,0.89,0.76,1.1,0.21,0.41,0.45,0.78,1.04,0.66,0.67,0.69,0.26,1.02,0.84,8.09,1.19,1.07,1.83,1.25,0.34,0.65,0.3,0.18,0.96,0.11,0.69,0.42,0.3,0.85,0.32,3.22,0.22,0.23,0.75,0.9,0.76,0.74,1.14,200711.0
98,2.48,1.14,6.44,5.77,4.14,7.21,4.44,6.1,5.17,1.89,1.49,3.08,6.59,1.66,2.86,7.01,5.33,3.23,1.49,1.74,3.47,5.53,1.11,3.0,2.75,4.35,2.15,4.93,13.13,9.13,3.89,9.6,5.67,1.26,2.19,3.26,2.71,1.85,2.41,5.57,3.7,1.81,3.39,1.96,12.12,2.0,2.19,3.37,0.18,4.59,2.28,6.1,200712.0
99,6.93,2.48,12.52,11.67,10.05,17.35,10.48,10.02,10.01,4.33,2.9,8.6,11.0,7.87,8.01,15.81,9.89,6.93,7.54,5.23,10.17,13.66,2.11,7.58,7.53,10.17,5.44,10.77,15.79,16.56,9.89,16.19,11.96,4.22,5.4,6.5,6.27,3.52,8.3,12.14,11.41,5.25,10.67,10.04,17.21,10.28,12.59,9.23,0.87,12.92,8.92,10.09,200801.0
100,2.35,0.79,5.94,5.4,5.71,5.69,5.33,3.16,4.45,2.08,0.79,2.57,5.8,1.55,2.03,4.69,4.71,4.03,2.57,2.15,3.55,4.14,0.45,2.49,2.14,5.69,2.51,4.22,6.35,6.02,2.73,7.11,5.99,1.73,1.39,4.32,3.61,1.38,2.19,7.5,4.12,2.73,4.07,1.89,6.27,2.87,2.18,2.83,0.04,4.17,3.71,4.85,200802.0
101,0.2,0.0,1.47,1.31,1.14,0.62,1.29,2.18,0.66,0.83,0.07,0.13,0.77,0.09,0.15,0.37,0.64,0.33,0.24,0.07,0.34,0.39,0.03,0.16,0.17,0.44,0.16,0.83,8.08,1.54,0.29,1.88,1.35,0.04,0.09,0.32,0.32,1.24,0.06,0.91,0.12,0.36,0.29,0.05,4.36,0.24,0.08,0.08,0.0,0.2,0.22,0.8,200803.0
102,0.1,0.01,0.42,0.45,0.39,0.46,0.54,1.18,0.25,0.55,0.0,0.07,0.62,0.04,0.04,0.31,0.23,0.02,0.15,0.02,0.25,0.21,0.0,0.11,0.07,0.06,0.02,0.45,3.49,0.99,0.17,1.37,0.37,0.01,0.03,0.0,0.02,0.77,0.38,0.32,0.26,0.06,0.21,0.11,2.83,0.42,0.13,0.05,0.0,0.16,0.14,0.37,200804.0
103,0.01,0.21,1.07,1.24,1.82,0.2,1.16,1.64,0.81,1.23,0.32,0.03,0.22,0.43,0.12,0.05,0.83,0.84,0.17,0.07,0.12,0.06,0.24,0.05,0.01,1.12,0.54,0.41,0.32,0.31,0.03,1.06,1.31,0.12,0.04,0.72,0.71,2.61,0.07,1.58,0.47,1.25,0.02,0.22,0.2,0.04,0.19,0.05,0.08,0.12,0.01,0.25,200805.0
104,0.0,0.0,0.0,0.0,0.0,0.01,0.02,0.11,0.0,0.07,0.0,0.0,0.02,0.0,0.0,0.0,0.0,0.0,0.0,0.0,0.01,0.0,0.0,0.0,0.0,0.0,0.01,0.01,0.5,0.04,0.0,0.14,0.01,0.0,0.0,0.0,0.0,0.22,0.0,0.01,0.01,0.0,0.0,0.0,0.24,0.0,0.0,0.0,0.0,0.0,0.0,0.0,200806.0
105,0.0,0.01,0.02,0.03,0.24,0.0,0.02,0.01,0.01,0.02,0.3,0.0,0.0,0.08,0.0,0.0,0.0,0.05,0.0,0.0,0.0,0.0,0.43,0.0,0.0,0.02,0.02,0.0,0.05,0.0,0.01,0.0,0.02,0.0,0.0,0.23,0.2,0.03,0.0,0.09,0.0,0.23,0.01,0.0,0.05,0.01,0.0,0.0,0.32,0.0,0.0,0.0,200807.0
106,0.0,0.0,0.0,0.01,0.08,0.0,0.0,0.19,0.0,0.07,0.39,0.0,0.02,0.0,0.0,0.0,0.0,0.0,0.0,0.0,0.01,0.04,0.36,0.01,0.0,0.0,0.24,0.02,0.87,0.0,0.04,0.05,0.01,0.0,0.0,0.03,0.0,0.12,0.01,0.03,0.01,0.05,0.01,0.05,0.24,0.0,0.03,0.0,0.46,0.0,0.01,0.0,200808.0
107,0.0,0.0,0.01,0.01,0.0,0.15,0.02,0.0,0.0,0.04,0.1,0.0,0.0,0.02,0.0,0.07,0.0,0.03,0.0,0.0,0.01,0.02,0.05,0.0,0.0,0.01,0.01,0.03,0.03,0.28,0.0,0.06,0.0,0.0,0.0,0.02,0.04,0.05,0.0,0.0,0.05,0.08,0.01,0.01,0.06,0.0,0.0,0.0,0.07,0.01,0.0,0.0,200809.0
108,0.37,0.09,1.7,2.35,1.82,2.03,1.97,1.29,1.12,0.53,0.0,0.46,2.58,0.06,0.58,1.46,0.95,0.75,0.16,0.44,0.92,1.02,0.01,0.8,0.32,1.08,0.04,2.0,3.06,2.07,0.52,2.85,1.5,0.2,0.37,0.2,0.49,0.63,0.19,1.63,0.87,0.74,0.64,0.07,2.2,0.17,0.14,0.63,0.0,1.06,0.47,1.82,200810.0
109,2.0,0.64,4.52,4.72,4.07,3.94,4.75,3.89,3.2,1.9,0.84,2.15,4.07,2.4,1.94,3.99,3.25,2.73,1.3,1.04,2.84,3.77,1.08,2.14,2.0,3.66,1.58,3.2,10.11,3.7,2.83,5.62,4.56,0.79,1.17,2.7,1.95,1.58,1.39,4.61,2.75,1.87,3.14,2.78,7.36,1.51,2.94,2.3,0.4,3.12,2.13,3.53,200811.0
110,2.22,0.94,6.03,5.6,5.25,4.61,4.49,4.9,4.52,1.86,2.83,2.12,4.68,2.58,1.87,4.13,4.82,2.86,2.04,1.62,2.31,3.73,1.78,1.87,2.05,4.5,4.44,3.71,18.73,5.79,3.1,6.24,5.9,1.56,1.56,2.77,2.45,2.22,1.72,5.86,1.9,1.58,3.33,2.73,10.16,2.23,2.14,2.14,1.12,3.37,2.88,4.42,200812.0
111,1.31,0.72,3.6,2.6,3.77,1.07,2.39,1.51,3.8,1.09,0.11,1.19,3.11,0.58,1.8,0.78,3.7,2.99,2.3,1.54,0.93,1.02,0.1,1.13,1.16,4.3,0.19,1.76,3.75,1.44,1.01,2.03,4.19,1.69,1.49,1.79,2.28,1.21,0.84,4.9,0.78,1.37,1.47,0.82,2.37,2.23,0.55,1.16,0.01,0.86,1.96,2.66,200901.0
112,5.51,1.4,8.41,8.81,5.7,11.45,8.08,5.36,6.86,1.87,1.92,6.45,12.01,4.75,4.99,10.85,6.6,4.42,4.08,3.13,6.34,10.68,1.42,4.61,5.79,6.18,3.49,9.91,10.29,9.65,8.57,9.84,7.86,2.28,3.52,4.5,3.93,1.81,4.37,7.52,7.99,2.08,9.32,5.55,10.32,5.87,5.44,6.36,0.58,10.1,6.9,9.01,200902.0
113,2.53,0.24,7.02,7.5,6.2,4.55,6.92,4.89,5.13,2.5,0.05,2.09,4.83,0.46,2.16,3.63,5.2,2.09,1.91,1.13,2.37,3.07,0.05,1.8,2.44,3.79,0.14,4.1,10.06,5.45,3.05,6.15,7.4,0.82,1.4,1.2,1.39,1.53,1.27,6.6,2.34,1.94,3.34,0.56,7.88,2.3,0.79,2.15,0.0,3.19,3.1,4.59,200903.0
114,0.47,0.08,1.65,1.21,1.44,0.67,0.77,0.88,1.62,1.18,0.04,0.77,0.66,0.06,0.98,0.78,1.47,0.82,0.28,0.46,0.42,0.79,0.03,0.44,0.66,1.04,0.18,0.69,1.48,0.75,0.4,1.15,1.93,0.39,0.54,0.68,0.76,1.81,0.3,1.78,0.39,0.59,0.44,0.18,1.16,0.42,0.19,0.78,0.0,0.73,0.55,0.8,200904.0
115,0.67,0.31,4.51,4.18,3.04,2.89,3.81,2.5,2.65,1.39,0.01,0.93,3.06,0.02,1.1,3.25,2.57,1.01,0.36,0.53,0.91,2.02,0.03,1.22,0.74,2.01,0.03,2.05,5.94,4.0,1.07,4.89,4.02,0.39,0.55,0.82,0.62,0.94,0.23,3.44,1.04,0.82,1.12,0.06,4.23,0.32,0.13,1.01,0.0,1.95,0.67,3.37,200905.0
116,0.08,0.12,0.81,1.19,1.03,0.32,1.32,2.28,0.32,1.96,0.01,0.09,0.75,0.09,0.25,0.04,0.23,0.57,0.09,0.16,0.41,0.04,0.04,0.33,0.04,0.56,0.03,1.69,0.99,0.45,0.03,2.18,0.56,0.16,0.14,0.67,0.57,2.11,0.13,0.89,1.25,1.06,0.11,0.13,0.37,0.05,0.17,0.27,0.0,0.06,0.05,0.61,200906.0
117,0.0,0.0,0.05,0.06,0.3,0.0,0.11,0.06,0.01,0.05,0.02,0.0,0.0,0.0,0.0,0.01,0.0,0.02,0.0,0.0,0.0,0.01,0.08,0.0,0.0,0.01,0.0,0.01,0.19,0.0,0.02,0.06,0.03,0.0,0.0,0.04,0.02,0.02,0.0,0.06,0.0,0.26,0.02,0.0,0.05,0.01,0.0,0.0,0.01,0.0,0.01,0.0,200907.0
118,0.01,0.0,0.12,0.24,0.53,0.01,0.17,0.28,0.03,0.18,0.06,0.0,0.04,0.01,0.0,0.0,0.02,0.14,0.02,0.01,0.01,0.0,0.1,0.0,0.0,0.14,0.01,0.18,0.1,0.25,0.01,0.62,0.07,0.0,0.0,0.09,0.08,0.42,0.02,0.31,0.04,0.43,0.03,0.02,0.12,0.03,0.05,0.0,0.01,0.0,0.04,0.02,200908.0
119,0.27,0.24,0.07,0.06,0.15,0.06,0.06,0.11,0.14,0.01,0.09,0.13,0.59,0.0,0.11,0.19,0.21,0.06,0.1,0.17,0.11,0.29,0.01,0.19,0.18,0.05,0.03,0.18,0.6,0.16,0.41,0.21,0.1,0.09,0.19,0.03,0.05,0.03,0.04,0.14,0.12,0.09,0.27,0.01,0.47,0.12,0.02,0.13,0.18,0.1,0.19,0.23,200909.0
120,3.49,0.72,4.22,4.37,4.73,4.23,3.74,2.67,3.04,2.04,0.06,3.99,3.41,1.1,2.47,4.25,3.24,3.16,2.75,2.12,2.38,5.91,0.04,2.22,3.79,2.95,0.09,3.13,4.73,3.88,4.26,4.77,3.89,1.62,1.66,2.59,3.02,1.07,2.76,4.51,2.8,2.46,4.38,2.35,4.43,3.78,2.43,3.61,0.0,4.7,4.06,2.97,200910.0
121,0.4,0.2,1.75,2.11,1.9,1.97,2.2,2.96,1.17,1.29,0.18,0.46,2.05,0.06,0.6,1.59,0.93,0.33,0.17,0.25,0.85,0.9,0.14,0.76,0.47,0.63,0.54,1.8,9.17,3.14,0.55,3.75,1.61,0.22,0.3,0.3,0.25,1.6,0.08,1.26,0.95,0.63,0.49,0.1,5.93,0.19,0.05,0.51,0.01,0.91,0.31,1.89,200911.0
122,2.58,1.53,6.83,6.03,5.1,5.16,4.95,3.48,5.83,2.7,1.91,2.06,5.18,2.98,2.94,4.16,5.45,4.01,2.71,2.1,3.79,3.95,1.14,2.2,2.56,5.46,3.52,4.62,8.07,5.9,3.15,6.43,6.85,2.21,1.91,4.79,3.74,1.48,3.47,6.73,3.73,2.36,3.43,3.52,6.33,3.1,3.32,2.47,0.45,3.0,3.62,4.5,200912.0
123,5.38,2.69,8.66,9.11,7.14,17.08,9.85,8.15,7.61,3.27,5.3,7.24,12.99,6.45,4.86,14.86,6.72,4.58,6.51,4.09,9.8,11.66,3.71,6.23,6.2,5.86,5.7,11.19,14.69,15.65,7.94,15.28,8.14,3.34,3.38,5.71,4.53,2.12,6.68,7.75,10.96,3.19,8.14,7.15,15.05,7.61,8.31,7.32,2.84,11.35,6.97,9.36,201001.0
124,2.73,2.11,5.79,4.97,4.71,6.85,4.76,3.78,4.78,1.5,1.42,3.18,5.89,4.37,2.97,6.41,5.03,4.64,3.56,3.04,4.73,5.86,1.9,2.54,2.82,5.88,3.56,6.04,9.35,6.39,3.86,8.21,5.48,2.64,2.61,5.35,4.21,0.76,3.78,6.49,4.75,2.63,4.38,4.77,7.91,4.67,4.36,3.39,0.67,4.98,3.92,4.44,201002.0
125,2.2,0.39,5.38,5.61,3.71,5.09,4.88,4.69,4.7,2.08,0.65,1.92,3.96,0.59,2.25,4.32,4.24,2.22,1.5,1.4,2.0,4.24,0.46,1.63,2.19,3.09,0.8,3.14,10.89,6.87,3.24,5.82,5.84,0.96,1.64,1.53,1.69,1.87,0.9,4.72,1.71,1.13,3.47,0.58,7.85,1.9,0.58,1.95,0.79,3.08,2.75,3.53,201003.0
126,3.12,1.32,7.23,6.78,4.83,8.36,5.74,6.3,6.65,2.5,0.5,3.25,7.83,1.66,3.13,6.9,6.66,4.47,4.01,2.44,4.24,5.45,0.3,3.03,3.1,6.52,1.92,5.88,12.22,9.09,3.81,10.26,7.44,2.82,2.46,4.21,3.75,2.04,2.48,7.24,5.09,2.29,4.48,2.14,10.51,3.88,2.91,3.43,0.14,4.98,4.47,6.62,201004.0
127,0.72,0.34,3.36,3.1,2.28,3.09,2.78,2.06,3.02,1.51,0.03,0.82,2.35,0.07,1.04,2.58,2.82,0.86,0.47,0.61,1.21,1.65,0.03,0.98,0.79,1.44,0.03,1.89,5.38,3.01,1.03,3.64,3.95,0.38,0.56,0.42,0.58,1.68,0.16,2.66,1.18,0.48,1.29,0.16,4.18,0.46,0.09,0.88,0.0,1.72,0.82,2.33,201005.0
128,0.01,0.0,0.29,0.35,0.19,0.19,0.18,1.38,0.1,0.5,0.0,0.0,0.12,0.0,0.02,0.08,0.06,0.01,0.0,0.02,0.04,0.05,0.02,0.01,0.01,0.01,0.01,0.2,5.35,0.59,0.05,0.99,0.15,0.01,0.01,0.0,0.02,1.01,0.0,0.05,0.07,0.01,0.05,0.01,2.21,0.01,0.0,0.0,0.0,0.01,0.01,0.07,201006.0
129,0.0,0.01,0.02,0.08,0.22,0.0,0.25,0.19,0.01,0.22,0.02,0.0,0.01,0.04,0.0,0.01,0.0,0.06,0.01,0.0,0.0,0.01,0.06,0.0,0.0,0.01,0.14,0.03,0.01,0.0,0.0,0.04,0.03,0.0,0.0,0.08,0.06,0.09,0.04,0.08,0.0,0.55,0.0,0.02,0.02,0.03,0.02,0.0,0.04,0.0,0.0,0.0,201007.0
130,0.0,0.0,0.1,0.13,0.26,0.0,0.19,0.16,0.04,0.45,0.11,0.0,0.05,0.01,0.0,0.01,0.02,0.0,0.0,0.0,0.0,0.02,0.2,0.0,0.0,0.01,0.01,0.09,0.1,0.01,0.02,0.16,0.1,0.0,0.0,0.02,0.0,0.44,0.0,0.04,0.02,0.04,0.03,0.0,0.1,0.02,0.0,0.0,0.23,0.0,0.03,0.04,201008.0
131,0.01,0.0,0.03,0.02,0.03,0.26,0.05,0.65,0.01,0.38,0.03,0.03,0.13,0.01,0.02,0.11,0.0,0.0,0.0,0.0,0.25,0.08,0.01,0.07,0.01,0.0,0.15,0.34,2.49,0.46,0.03,0.79,0.02,0.0,0.0,0.01,0.0,0.55,0.0,0.0,0.43,0.0,0.04,0.01,1.06,0.01,0.0,0.12,0.03,0.05,0.01,0.03,201009.0
132,1.07,0.59,8.07,7.92,7.55,7.19,5.5,5.07,5.55,3.36,1.03,1.64,5.12,1.88,1.73,5.43,5.54,2.56,1.02,1.13,2.77,4.0,1.17,1.56,1.24,4.21,2.62,4.69,8.22,9.35,1.93,7.9,8.22,0.83,1.27,1.92,1.9,2.53,1.51,7.42,4.23,3.38,1.5,2.44,7.52,1.06,2.14,1.6,0.89,3.49,1.33,5.09,201010.0
133,2.52,1.19,7.32,7.11,6.54,4.49,5.94,4.26,7.27,2.03,0.37,2.35,6.11,1.0,3.13,4.18,7.41,3.17,2.27,2.39,3.51,4.1,0.26,2.58,2.32,4.9,1.31,3.51,10.49,5.63,3.49,6.41,7.99,1.91,2.45,2.63,2.68,1.89,1.78,7.55,2.11,1.95,3.66,1.36,7.43,2.46,1.54,2.54,0.01,3.37,3.21,5.91,201011.0
134,5.41,4.74,15.49,15.55,12.03,11.76,13.12,10.04,12.33,5.28,4.31,6.22,13.34,9.77,5.47,12.04,12.24,10.25,5.75,4.31,7.06,10.63,3.95,5.8,5.76,12.21,7.53,9.5,20.33,13.18,8.24,15.42,15.04,3.86,4.58,13.19,10.14,4.62,10.12,15.29,6.4,6.89,8.42,10.98,17.54,6.89,10.3,6.48,0.73,9.56,6.55,12.32,201012.0
135,1.04,1.22,2.04,1.52,1.69,3.14,1.22,1.9,2.89,0.55,0.27,1.52,2.21,0.67,1.54,2.4,2.9,2.23,2.44,1.31,2.14,2.18,0.13,1.49,1.28,2.71,0.96,1.79,4.73,2.77,1.45,2.51,2.39,1.24,1.02,1.78,2.07,0.78,1.88,3.07,1.7,0.75,1.64,0.86,2.69,2.6,1.24,1.76,0.01,2.17,1.85,2.12,201101.0
136,3.47,1.04,6.59,7.61,6.5,7.4,7.99,3.61,6.73,2.76,2.01,4.0,8.18,2.67,3.89,6.78,6.44,3.54,4.02,2.77,5.62,5.9,0.91,4.11,3.75,5.54,3.73,4.67,7.06,6.28,5.09,5.27,7.41,2.01,2.79,3.16,3.13,1.82,2.82,7.37,3.95,2.46,5.94,3.54,6.49,4.7,3.63,4.46,0.95,6.3,4.76,6.85,201102.0
137,5.65,2.47,16.05,15.44,11.59,13.49,11.87,10.72,11.73,4.41,0.78,6.88,13.31,4.57,6.74,13.06,12.04,7.9,6.21,4.25,6.96,11.83,0.53,6.59,6.39,10.93,1.95,9.91,20.31,16.51,8.11,17.27,16.7,3.72,4.04,6.27,6.43,3.56,5.74,14.69,7.96,4.71,8.42,7.38,17.65,7.09,6.69,7.48,0.03,11.4,7.6,12.93,201103.0
138,0.26,0.23,2.89,2.58,2.35,1.13,2.27,3.15,1.72,2.18,0.14,0.24,1.25,0.12,0.19,0.71,1.15,0.84,0.4,0.16,0.84,0.83,0.14,0.45,0.32,1.01,0.37,1.44,8.06,1.79,0.59,4.22,2.63,0.19,0.2,0.8,0.78,3.3,0.27,1.94,0.41,0.86,0.61,0.14,5.47,0.46,0.18,0.25,0.02,0.43,0.33,1.44,201104.0
139,0.81,0.3,3.52,3.2,2.61,2.62,4.01,2.66,2.85,2.41,0.17,1.03,4.77,0.45,1.43,2.61,2.63,1.48,0.82,0.79,1.63,1.73,0.18,1.97,0.83,2.44,0.78,3.14,4.9,2.66,1.19,3.31,3.73,0.61,0.86,1.37,1.35,2.02,0.97,3.22,1.84,0.78,1.14,0.72,2.52,1.12,0.61,1.38,0.01,1.96,1.08,3.17,201105.0
140,0.71,0.3,2.71,3.37,3.42,1.73,3.48,1.66,2.12,1.84,0.04,0.77,2.76,0.05,0.94,1.38,1.97,1.2,0.33,0.5,1.52,1.24,0.0,1.1,0.67,1.81,0.05,2.0,1.6,1.69,1.02,2.76,2.82,0.42,0.61,0.59,0.87,0.93,0.25,3.06,1.96,1.25,1.07,0.18,1.76,0.36,0.27,0.95,0.0,1.09,0.76,1.92,201106.0
141,0.01,0.0,0.09,0.18,0.75,0.01,0.06,0.52,0.07,0.02,0.47,0.0,0.0,0.1,0.0,0.02,0.03,0.1,0.0,0.0,0.0,0.01,0.51,0.0,0.01,0.02,0.25,0.02,0.52,0.06,0.03,0.21,0.05,0.0,0.0,0.34,0.27,0.04,0.01,0.2,0.0,0.52,0.03,0.01,0.22,0.01,0.03,0.0,0.38,0.0,0.0,0.0,201107.0
142,0.0,0.01,0.03,0.02,0.11,0.0,0.0,0.02,0.01,0.0,0.13,0.0,0.0,0.0,0.0,0.0,0.0,0.04,0.0,0.0,0.0,0.02,0.3,0.0,0.0,0.03,0.12,0.0,0.07,0.01,0.02,0.01,0.01,0.0,0.0,0.25,0.07,0.02,0.01,0.06,0.0,0.18,0.01,0.01,0.06,0.0,0.0,0.0,0.02,0.0,0.0,0.0,201108.0
143,0.0,0.01,0.4,0.54,1.17,0.02,0.32,0.18,0.39,0.23,0.62,0.01,0.14,0.15,0.01,0.01,0.2,0.23,0.01,0.01,0.04,0.01,0.79,0.02,0.01,0.36,0.27,0.09,0.29,0.14,0.0,0.19,0.41,0.0,0.01,0.08,0.15,0.19,0.05,0.65,0.06,0.86,0.01,0.02,0.34,0.01,0.05,0.02,0.27,0.01,0.0,0.24,201109.0
144,1.32,0.36,3.48,3.33,1.97,3.76,2.86,2.22,3.09,1.16,0.26,1.16,3.55,0.8,1.47,2.46,3.02,1.41,1.08,1.15,1.62,2.25,0.28,1.28,1.19,2.06,0.62,2.79,4.78,5.57,1.72,5.19,3.7,0.87,1.01,1.68,1.28,0.63,0.97,3.05,2.09,1.17,2.02,0.95,5.47,1.5,0.78,1.09,0.03,1.58,1.59,2.99,201110.0
145,1.15,1.03,2.19,2.14,1.38,3.54,1.67,2.86,1.42,0.91,0.94,1.33,2.24,1.67,1.02,3.14,1.63,1.05,1.89,0.83,1.81,2.34,0.53,1.02,1.1,1.26,2.73,3.46,8.9,4.39,1.8,4.54,1.72,0.88,0.91,1.49,1.2,1.0,2.34,1.56,2.44,0.37,1.81,2.19,5.98,2.28,2.5,1.26,0.32,2.3,1.6,1.75,201111.0
146,0.11,0.01,0.15,0.14,0.04,0.45,0.23,1.54,0.11,0.21,0.51,0.22,0.32,0.78,0.16,0.28,0.1,0.03,0.21,0.12,0.17,0.15,0.47,0.14,0.14,0.02,0.95,0.27,6.13,1.03,0.14,1.29,0.1,0.1,0.16,0.13,0.02,0.32,0.17,0.05,0.14,0.01,0.24,0.52,2.52,0.17,0.38,0.27,0.49,0.29,0.14,0.21,201112.0
147,2.08,0.52,6.86,6.83,4.98,8.16,6.44,6.69,4.88,2.6,0.2,3.41,7.48,0.85,2.6,8.08,4.55,2.81,1.89,1.42,4.66,6.35,0.15,3.61,2.75,3.82,0.72,6.17,15.85,8.28,3.14,10.69,6.61,0.99,1.69,3.44,2.39,1.67,2.4,6.25,4.64,2.11,3.43,1.37,11.05,2.65,1.64,3.42,0.02,5.42,3.07,5.98,201201.0
148,0.84,0.26,2.85,2.52,1.82,2.71,2.29,2.55,1.92,1.14,0.79,1.05,2.66,0.49,1.0,2.3,2.02,0.86,0.88,0.87,1.56,1.77,0.27,1.05,1.04,1.12,1.37,2.26,4.84,3.27,1.11,3.74,2.56,0.47,0.67,0.85,0.77,1.41,0.41,1.72,1.6,0.46,1.53,0.31,4.37,0.93,0.28,1.15,0.19,1.78,1.34,2.39,201202.0
149,4.4,1.47,12.07,10.79,4.82,10.42,10.81,10.0,8.89,3.62,0.69,5.7,11.54,2.45,4.45,10.39,7.69,3.94,3.98,2.84,5.04,10.84,0.32,4.31,5.11,5.12,1.88,9.03,23.65,13.54,7.0,16.18,11.83,2.14,2.84,3.02,3.21,2.66,2.69,6.25,5.27,1.65,7.4,3.54,16.98,3.89,2.95,4.96,0.05,8.84,5.07,10.52,201203.0
150,2.73,1.28,5.72,4.89,2.34,3.29,5.1,3.9,5.21,2.25,0.91,2.29,4.99,1.97,2.9,2.9,4.87,2.58,2.32,2.02,2.7,2.65,0.58,2.44,2.64,3.48,1.73,3.73,8.86,3.34,2.99,5.04,5.92,1.49,2.28,4.1,2.63,2.26,2.72,4.4,2.05,0.83,3.75,2.57,5.81,2.75,2.77,2.3,0.08,2.84,3.22,5.42,201204.0
151,0.03,0.01,0.47,0.68,0.38,0.23,0.31,0.73,0.24,0.54,0.01,0.02,0.14,0.03,0.02,0.24,0.13,0.06,0.03,0.07,0.02,0.13,0.01,0.01,0.03,0.11,0.05,0.36,1.87,0.37,0.03,0.44,0.4,0.02,0.05,0.03,0.07,1.07,0.01,0.25,0.06,0.11,0.07,0.02,0.86,0.06,0.0,0.03,0.0,0.1,0.05,0.22,201205.0
152,0.14,0.01,0.78,0.95,0.6,0.09,0.8,1.44,0.56,0.79,0.0,0.05,0.59,0.0,0.06,0.04,0.51,0.22,0.09,0.09,0.11,0.07,0.0,0.06,0.09,0.52,0.0,0.49,3.03,0.26,0.16,0.89,0.78,0.23,0.08,0.04,0.09,0.72,0.0,0.73,0.09,0.21,0.25,0.0,1.75,0.09,0.0,0.03,0.0,0.05,0.2,0.56,201206.0
153,0.01,0.0,0.2,0.37,0.27,0.0,0.18,0.31,0.16,0.16,0.56,0.01,0.01,0.03,0.05,0.01,0.15,0.03,0.01,0.01,0.0,0.03,1.01,0.01,0.01,0.04,0.24,0.01,0.82,0.02,0.02,0.3,0.27,0.01,0.01,0.01,0.01,0.05,0.01,0.16,0.0,0.29,0.02,0.02,0.43,0.01,0.0,0.01,0.83,0.0,0.01,0.02,201207.0
154,0.0,0.0,0.2,0.3,0.64,0.01,0.05,0.06,0.05,0.05,1.12,0.0,0.01,0.09,0.0,0.0,0.02,0.14,0.0,0.0,0.0,0.0,0.88,0.0,0.0,0.05,0.39,0.01,0.16,0.01,0.01,0.01,0.11,0.0,0.0,0.08,0.24,0.1,0.01,0.26,0.01,0.92,0.01,0.02,0.05,0.01,0.01,0.0,0.5,0.0,0.01,0.01,201208.0
155,0.0,0.0,0.11,0.11,0.33,0.0,0.02,0.0,0.16,0.03,0.48,0.01,0.0,0.1,0.01,0.0,0.19,0.01,0.0,0.02,0.0,0.0,0.29,0.0,0.0,0.03,0.18,0.0,0.02,0.01,0.0,0.0,0.17,0.02,0.01,0.02,0.01,0.02,0.01,0.12,0.0,0.16,0.01,0.01,0.04,0.0,0.06,0.0,0.13,0.0,0.01,0.0,201209.0
156,0.79,0.26,2.48,2.6,1.27,2.03,2.27,1.87,1.55,0.95,0.13,1.08,2.18,0.22,1.06,2.0,1.21,0.6,0.28,0.36,1.47,1.89,0.33,1.38,1.01,0.79,0.41,1.34,6.97,2.88,1.64,2.46,2.51,0.25,0.43,0.74,0.53,0.94,0.43,1.2,0.82,0.74,1.52,0.26,3.84,0.46,0.19,1.05,0.05,1.44,0.66,2.35,201210.0
157,3.95,0.37,9.74,10.77,5.46,11.35,9.96,7.36,6.45,3.77,0.15,4.48,9.94,0.93,4.37,10.85,6.41,2.9,2.67,2.13,6.01,8.52,0.08,4.32,4.4,4.04,0.45,7.86,15.52,10.78,5.92,10.81,7.89,1.43,2.9,1.18,1.8,2.38,1.1,5.97,6.3,1.42,5.83,1.64,11.31,3.62,1.59,5.18,0.01,8.02,4.17,9.71,201211.0
158,5.81,1.42,13.49,14.16,12.74,15.62,14.05,10.25,10.53,5.74,1.17,6.78,13.92,2.15,6.06,14.22,10.04,6.6,4.55,4.37,8.38,12.01,1.14,5.59,6.17,10.87,2.38,11.83,21.03,16.82,8.85,18.44,13.83,3.11,4.72,4.78,4.59,4.33,4.11,14.8,8.09,5.28,9.35,2.58,18.01,5.47,3.02,7.59,0.62,10.94,7.35,11.53,201212.0
159,0.81,0.34,1.23,1.0,1.22,2.01,1.21,2.34,1.34,1.03,1.0,0.72,1.19,1.29,1.1,1.22,1.29,1.13,1.19,1.07,1.54,0.9,0.73,0.87,0.79,1.09,1.56,1.37,5.16,2.06,0.59,2.16,1.44,1.05,1.2,1.44,1.07,1.27,0.94,1.28,1.69,0.39,0.61,1.46,3.21,1.31,1.18,0.83,0.78,0.98,0.98,0.92,201301.0
160,0.47,0.46,0.59,0.5,0.37,1.06,0.55,0.99,0.71,0.3,0.43,0.28,0.87,0.48,0.35,0.56,0.83,0.79,0.56,0.37,0.82,0.53,0.25,0.47,0.4,0.76,0.89,0.68,3.62,1.1,0.81,1.16,0.8,0.35,0.27,1.08,0.76,0.62,0.49,0.76,0.46,0.17,0.72,0.37,1.89,0.58,0.54,0.39,0.02,0.49,0.54,0.74,201302.0
161,0.63,0.85,3.14,2.62,2.56,3.02,2.37,2.64,2.89,0.69,0.35,0.73,2.57,0.75,1.45,2.33,2.75,1.19,0.52,0.86,1.51,1.3,0.34,1.67,0.6,2.03,1.15,2.22,5.82,3.63,0.8,4.38,3.2,0.58,0.9,0.86,0.86,0.62,0.73,2.68,1.33,0.58,1.23,1.19,4.27,0.81,0.89,1.25,0.05,1.33,0.99,2.86,201303.0
162,0.69,0.06,1.33,1.14,1.63,1.5,1.09,1.69,1.56,0.92,0.01,0.84,0.93,0.03,0.8,1.67,1.54,0.87,0.24,0.47,0.82,1.52,0.02,0.7,0.78,1.14,0.05,1.37,4.01,2.18,1.14,2.53,1.85,0.41,0.57,0.3,0.42,1.54,0.09,1.69,1.06,0.5,0.92,0.08,2.86,0.3,0.08,0.76,0.0,1.05,0.68,1.11,201304.0
163,0.07,0.32,1.75,1.36,2.19,0.41,1.16,2.11,1.0,1.33,0.13,0.24,0.76,0.55,0.38,0.29,0.6,0.44,0.03,0.09,0.52,0.16,0.07,0.31,0.07,1.04,0.58,0.85,3.38,0.64,0.06,1.55,1.99,0.09,0.06,0.43,0.34,2.11,0.16,1.19,0.31,0.82,0.09,0.35,1.61,0.06,0.13,0.34,0.01,0.19,0.03,0.65,201305.0
164,0.12,0.0,1.45,1.15,0.38,1.11,0.94,0.82,0.74,1.06,0.0,0.24,1.42,0.0,0.27,1.21,0.59,0.05,0.01,0.06,0.45,0.95,0.0,0.56,0.2,0.12,0.0,1.17,1.33,1.33,0.28,1.08,1.21,0.05,0.12,0.0,0.03,0.92,0.0,0.39,0.4,0.08,0.17,0.02,0.86,0.01,0.01,0.36,0.0,0.65,0.04,1.25,201306.0
165,0.0,0.01,0.05,0.22,0.33,0.04,0.22,0.21,0.02,0.58,0.41,0.0,0.0,0.13,0.0,0.02,0.01,0.13,0.0,0.0,0.01,0.01,0.35,0.0,0.0,0.12,0.39,0.04,0.02,0.08,0.0,0.23,0.07,0.0,0.0,0.49,0.21,0.32,0.01,0.23,0.01,0.89,0.0,0.1,0.01,0.0,0.03,0.0,0.36,0.0,0.0,0.0,201307.0
166,0.0,0.0,0.06,0.17,0.46,0.01,0.27,0.55,0.02,0.67,0.94,0.0,0.03,0.04,0.0,0.01,0.0,0.07,0.0,0.0,0.0,0.05,0.94,0.0,0.01,0.02,0.67,0.04,0.54,0.06,0.06,0.61,0.15,0.0,0.0,0.42,0.18,0.6,0.0,0.1,0.0,0.48,0.01,0.0,0.36,0.01,0.0,0.0,0.97,0.01,0.02,0.01,201308.0
167,0.54,0.0,1.5,2.13,0.89,1.17,1.48,2.67,1.18,0.52,0.51,0.58,1.26,0.01,0.59,0.69,0.76,0.28,0.03,0.16,1.04,0.66,0.52,0.77,0.63,0.33,0.27,1.11,5.87,1.7,0.61,2.53,1.72,0.03,0.44,0.11,0.16,1.28,0.0,0.74,1.23,0.56,0.6,0.02,3.48,0.05,0.0,0.6,0.53,0.6,0.39,1.16,201309.0
168,0.01,0.01,0.8,0.84,1.01,0.0,0.78,0.19,0.28,0.41,0.26,0.0,0.45,0.23,0.02,0.0,0.31,0.4,0.08,0.04,0.01,0.0,0.09,0.03,0.0,0.7,1.05,0.27,0.11,0.01,0.01,0.1,0.77,0.05,0.01,0.46,0.38,0.35,0.18,0.91,0.02,0.57,0.05,0.13,0.05,0.22,0.2,0.0,0.04,0.0,0.04,0.29,201310.0
169,1.31,0.23,1.58,1.28,0.91,1.4,1.4,1.26,1.7,0.81,0.64,0.99,2.22,1.13,1.06,1.51,1.64,0.58,0.57,0.92,1.09,1.74,0.93,0.99,1.33,1.08,0.68,1.92,3.34,1.9,1.39,1.89,1.61,0.58,1.11,0.68,0.37,0.75,0.3,1.21,0.87,0.32,1.23,0.84,1.7,0.51,0.68,0.87,0.8,0.91,0.9,1.73,201311.0
170,0.43,0.09,1.12,1.16,1.6,0.62,0.59,0.65,0.81,0.23,0.19,0.48,0.49,0.31,0.39,0.61,0.82,0.71,0.3,0.33,0.41,0.58,0.13,0.2,0.46,0.96,0.57,0.38,1.8,0.81,0.46,0.89,1.25,0.31,0.38,0.6,0.51,0.43,0.22,1.46,0.21,0.72,0.56,0.37,1.0,0.32,0.2,0.39,0.04,0.51,0.51,0.43,201312.0
171,0.11,0.11,2.26,1.86,2.98,0.58,1.27,1.31,1.45,0.75,0.03,0.13,0.84,0.07,0.22,0.25,1.31,0.92,0.22,0.41,0.59,0.1,0.02,0.31,0.14,1.43,0.14,0.5,3.11,0.88,0.08,1.54,2.44,0.39,0.21,0.59,0.58,0.51,0.01,2.22,0.22,1.08,0.07,0.09,1.79,0.11,0.02,0.2,0.0,0.13,0.2,1.06,201401.0
172,3.83,1.36,11.55,10.29,8.22,11.62,7.51,6.28,8.87,3.08,0.62,5.7,10.04,2.76,4.39,12.65,8.13,2.87,3.53,2.84,6.19,11.33,0.44,4.55,4.68,3.9,1.29,8.55,11.58,11.76,6.25,10.34,11.43,1.95,2.97,2.18,2.62,2.87,3.02,7.45,5.93,2.2,5.98,4.33,9.16,4.69,3.48,5.33,0.02,9.65,4.6,10.35,201402.0
173,2.02,0.73,6.33,6.95,3.45,8.31,8.03,6.99,4.66,3.64,0.66,1.96,9.06,1.26,2.21,5.42,4.52,1.94,2.19,1.75,3.51,4.09,0.46,2.21,2.12,3.06,1.26,7.79,13.72,10.79,3.3,11.05,6.15,1.43,1.89,2.37,1.76,3.49,1.78,4.75,5.3,1.23,2.78,2.25,10.35,2.13,2.04,2.04,0.04,3.44,2.56,6.45,201403.0
174,1.36,0.24,2.53,2.0,1.54,2.04,1.55,1.22,2.6,1.32,0.27,1.88,1.36,0.51,1.99,1.84,2.37,1.59,1.19,0.89,1.34,2.05,0.25,1.21,1.72,2.01,0.71,1.3,2.91,2.09,1.74,1.58,2.63,0.63,1.13,1.55,1.51,1.1,0.9,2.9,1.36,0.5,1.83,0.53,1.93,1.46,0.64,1.84,0.01,2.0,1.7,1.64,201404.0
175,0.02,0.01,1.21,1.22,1.47,0.11,0.75,0.9,0.65,1.04,0.07,0.01,0.51,0.17,0.06,0.05,0.63,0.24,0.01,0.04,0.15,0.09,0.11,0.14,0.02,0.39,0.02,0.51,2.14,0.18,0.1,0.56,1.16,0.02,0.01,0.57,0.3,0.89,0.01,1.05,0.25,0.86,0.08,0.07,0.8,0.04,0.04,0.04,0.01,0.01,0.04,0.38,201405.0
176,0.01,0.0,0.01,0.0,0.1,0.0,0.02,0.32,0.03,0.22,0.0,0.0,0.0,0.0,0.0,0.0,0.01,0.02,0.0,0.0,0.01,0.01,0.0,0.0,0.01,0.05,0.0,0.04,0.95,0.04,0.01,0.13,0.02,0.0,0.01,0.0,0.01,0.47,0.0,0.1,0.0,0.04,0.01,0.0,0.38,0.0,0.0,0.0,0.0,0.0,0.01,0.0,201406.0
177,0.01,0.0,0.23,0.58,1.42,0.0,0.2,0.3,0.13,0.27,0.17,0.01,0.03,0.01,0.04,0.02,0.06,0.21,0.03,0.0,0.0,0.05,0.47,0.0,0.01,0.31,0.12,0.08,0.12,0.0,0.03,0.23,0.35,0.0,0.0,0.22,0.26,0.29,0.01,0.82,0.0,1.0,0.04,0.01,0.05,0.02,0.01,0.01,0.1,0.0,0.01,0.01,201407.0
178,0.01,0.0,0.47,1.37,1.15,0.2,1.21,0.31,0.07,0.8,0.9,0.04,0.49,0.14,0.01,0.08,0.04,0.12,0.0,0.0,0.08,0.09,1.06,0.04,0.03,0.08,0.56,0.4,0.15,0.18,0.01,0.15,0.32,0.0,0.0,0.36,0.19,0.54,0.0,0.35,0.24,0.94,0.02,0.12,0.01,0.0,0.01,0.02,0.93,0.05,0.01,0.17,201408.0
179,0.39,0.01,1.33,1.16,1.52,1.01,0.94,2.41,0.93,0.52,0.54,0.48,0.72,0.05,0.42,0.89,0.87,0.47,0.1,0.22,0.82,0.52,0.46,0.45,0.37,0.68,0.23,1.65,3.74,1.41,0.58,2.76,1.53,0.05,0.42,0.31,0.32,0.44,0.01,0.96,1.12,0.59,0.53,0.0,2.91,0.12,0.0,0.41,0.39,0.5,0.4,0.64,201409.0
180,0.47,0.34,1.35,2.03,0.76,1.52,1.54,4.54,0.72,1.11,0.01,0.48,1.88,0.1,0.43,1.05,0.68,0.14,0.25,0.51,0.68,0.9,0.03,0.45,0.47,0.12,0.0,2.05,8.17,3.19,0.61,6.07,1.09,0.26,0.41,0.06,0.12,1.9,0.29,0.35,0.49,0.06,0.74,0.29,7.58,0.57,0.36,0.42,0.01,0.84,0.75,1.55,201410.0
181,1.75,0.89,4.13,3.59,2.33,4.88,3.22,3.54,3.2,1.97,0.18,1.74,4.36,0.55,1.51,4.16,3.27,1.39,1.86,1.52,3.0,3.81,0.09,1.86,1.58,2.16,0.5,4.28,6.68,6.67,2.57,5.61,3.81,1.24,1.18,1.55,1.29,2.08,0.97,3.43,3.04,0.6,2.59,0.71,5.67,2.03,1.0,1.71,0.02,2.57,2.49,3.79,201411.0
182,9.9,2.46,10.63,10.83,4.44,18.23,12.81,8.5,7.98,5.58,1.78,9.61,14.43,4.7,7.61,17.78,7.67,4.05,6.33,6.24,12.3,17.2,1.43,8.81,9.92,5.25,3.24,15.19,13.89,18.24,13.46,15.28,8.98,4.15,6.17,4.71,3.48,3.63,5.18,6.04,13.73,1.58,13.88,6.46,13.96,8.76,5.61,9.6,0.53,14.09,11.62,12.57,201412.0
183,0.01,0.17,0.12,0.11,0.22,0.46,0.15,1.67,0.14,0.13,0.75,0.02,0.21,1.39,0.02,0.19,0.13,0.16,0.04,0.02,0.18,0.05,1.01,0.1,0.01,0.13,0.6,0.25,3.49,1.04,0.0,1.79,0.12,0.02,0.01,0.47,0.19,0.39,0.35,0.14,0.11,0.18,0.01,1.97,2.13,0.1,0.95,0.06,0.36,0.06,0.01,0.08,201501.0
184,2.25,0.72,6.73,6.91,5.53,6.44,5.64,7.72,5.36,2.57,0.37,2.54,4.58,0.78,2.59,5.47,5.26,1.82,1.54,1.96,3.66,3.53,0.52,2.49,2.34,2.46,0.75,4.29,11.17,7.23,2.11,11.74,6.96,1.2,1.68,2.29,1.89,1.66,1.87,5.12,3.84,1.5,3.26,0.88,10.79,2.19,0.7,3.2,0.05,4.33,2.87,4.42,201502.0
185,0.26,0.25,0.75,0.88,0.62,0.55,0.83,2.5,0.83,0.57,0.92,0.17,0.58,0.64,0.25,0.28,0.64,0.25,0.33,0.23,0.54,0.26,0.5,0.17,0.26,0.38,1.18,1.04,5.65,1.28,0.13,2.53,0.87,0.21,0.25,0.43,0.28,1.06,0.19,0.68,0.21,0.28,0.26,0.69,3.68,0.29,0.31,0.17,0.63,0.19,0.4,0.48,201503.0
186,1.15,0.48,3.23,2.6,2.52,2.52,1.86,1.15,3.09,0.91,0.2,1.18,2.24,0.23,1.94,2.07,2.64,1.69,0.95,0.77,1.78,1.88,0.19,1.52,1.09,2.11,0.31,1.76,4.36,3.08,1.54,2.03,3.41,0.66,1.04,0.87,1.01,0.77,0.72,3.29,1.7,0.77,1.51,0.32,3.29,1.24,0.37,1.31,0.02,1.63,1.28,2.75,201504.0
187,0.37,0.28,1.93,2.09,2.99,0.21,1.89,2.09,1.39,2.72,0.58,0.09,0.29,0.72,0.17,0.18,1.18,0.91,0.68,0.23,0.08,0.12,0.23,0.03,0.2,1.26,1.39,0.61,0.68,0.27,0.11,1.23,1.96,0.34,0.15,1.76,1.02,2.72,0.18,2.7,0.25,2.97,0.28,0.61,0.38,0.39,0.33,0.1,0.32,0.15,0.57,0.17,201505.0
188,0.27,0.03,0.77,0.76,1.0,0.08,0.65,0.52,0.27,0.74,0.05,0.15,0.22,0.04,0.1,0.18,0.2,0.14,0.02,0.02,0.02,0.27,0.06,0.03,0.27,0.23,0.09,0.33,0.45,0.07,0.23,0.58,0.85,0.0,0.1,0.09,0.18,0.54,0.07,0.71,0.07,0.88,0.19,0.19,0.17,0.05,0.21,0.04,0.06,0.11,0.07,0.07,201506.0
189,0.01,0.08,0.3,0.99,1.81,0.17,0.94,1.03,0.18,1.36,0.75,0.02,0.06,0.36,0.01,0.08,0.08,0.51,0.03,0.01,0.12,0.07,1.2,0.01,0.02,0.66,0.72,0.18,0.64,0.24,0.06,0.76,0.43,0.01,0.01,1.04,0.56,1.32,0.13,0.93,0.18,1.66,0.05,0.29,0.38,0.13,0.14,0.02,0.37,0.06,0.02,0.03,201507.0
190,0.02,0.01,0.06,0.18,0.23,0.15,0.12,0.15,0.02,0.05,0.06,0.01,0.07,0.01,0.02,0.06,0.01,0.02,0.06,0.01,0.06,0.03,0.1,0.01,0.01,0.02,0.05,0.04,0.86,0.25,0.02,0.15,0.05,0.03,0.04,0.0,0.02,0.12,0.0,0.09,0.02,0.24,0.01,0.0,0.47,0.04,0.0,0.01,0.02,0.01,0.1,0.03,201508.0
191,0.04,0.01,0.15,0.24,0.39,0.72,0.27,0.48,0.07,0.31,0.4,0.05,0.27,1.0,0.02,0.62,0.04,0.28,0.03,0.01,0.1,0.27,0.33,0.04,0.04,0.13,0.91,0.4,1.05,0.93,0.08,0.76,0.11,0.01,0.01,0.12,0.16,0.62,0.05,0.18,0.23,0.29,0.04,0.53,0.62,0.04,0.1,0.06,0.1,0.28,0.01,0.14,201509.0
192,0.08,0.58,1.83,1.81,2.4,0.26,1.73,0.86,1.89,1.08,0.76,0.21,0.64,0.6,0.3,0.18,1.8,1.22,0.52,0.39,0.07,0.06,0.9,0.08,0.07,1.72,0.63,0.62,2.04,0.3,0.02,0.92,2.07,0.42,0.22,2.45,1.16,0.91,0.14,2.34,0.11,1.43,0.1,0.29,1.1,0.43,0.18,0.18,0.17,0.21,0.28,0.49,201510.0
193,2.41,0.79,4.98,4.64,4.68,2.42,3.96,2.22,5.26,2.23,0.15,1.59,3.8,0.29,1.92,2.01,5.26,3.05,3.39,2.51,2.16,1.84,0.23,2.36,1.86,4.23,0.88,2.64,8.15,3.54,1.66,2.69,5.25,2.34,1.96,2.41,2.55,1.64,1.36,5.17,1.54,1.85,2.42,0.27,5.43,3.07,0.73,1.83,0.04,1.68,3.33,3.75,201511.0
194,3.52,1.18,10.15,9.88,7.97,11.38,8.19,11.95,8.16,4.56,0.44,2.71,7.78,1.05,2.22,10.11,8.02,4.37,2.53,2.47,3.15,7.55,0.27,2.03,3.11,6.67,1.57,7.4,30.81,17.19,5.19,18.03,10.41,1.74,2.22,3.34,3.21,5.1,1.59,8.66,4.1,2.03,5.94,0.78,22.11,3.27,1.03,2.21,0.07,5.17,4.79,7.11,201512.0
195,5.65,2.39,12.37,12.28,8.29,14.73,11.63,10.96,9.96,5.09,2.32,6.71,14.46,3.47,5.86,12.73,9.56,6.12,5.78,5.05,6.5,10.73,1.49,5.42,6.44,8.08,4.03,12.23,19.64,16.86,7.46,19.74,11.92,4.66,4.86,4.99,5.47,3.95,5.29,9.76,8.9,2.71,8.05,4.78,19.71,6.92,5.22,5.95,0.94,9.59,7.73,11.66,201601.0
196,0.84,0.35,2.12,2.38,1.82,2.02,2.35,3.01,1.61,1.07,0.17,0.62,1.94,0.84,0.89,1.33,1.4,1.13,0.74,0.63,0.83,1.17,0.25,0.72,0.8,1.39,0.4,1.6,5.76,2.85,1.03,3.28,2.18,0.42,0.68,1.95,1.2,0.89,0.63,1.84,0.7,1.01,1.23,1.2,4.29,1.1,0.91,0.69,0.01,1.15,1.24,1.67,201602.0
197,5.25,1.18,12.08,13.34,6.74,14.0,11.99,9.13,7.88,3.62,0.37,5.91,12.92,1.93,5.22,12.23,8.43,4.57,4.14,4.07,6.61,9.7,0.34,6.8,5.64,7.28,1.16,9.8,13.98,15.39,7.2,14.97,10.64,3.06,3.75,3.17,3.34,2.8,3.38,8.84,7.06,1.88,8.73,2.78,14.58,4.83,2.95,6.69,0.01,9.62,7.73,12.28,201603.0
198,1.94,0.48,3.4,3.17,3.1,1.35,2.68,2.06,3.38,1.79,0.74,1.0,1.92,0.43,1.51,1.57,3.09,2.53,1.29,1.94,0.79,1.51,0.83,0.59,1.65,3.31,0.84,2.07,4.37,2.04,1.48,2.92,3.9,1.79,2.15,1.75,1.94,1.3,0.42,3.61,0.88,1.98,2.15,0.56,3.52,0.77,0.63,0.75,0.26,1.31,2.14,1.44,201604.0
199,0.24,0.24,2.18,2.49,1.67,0.93,2.34,1.56,0.87,2.05,0.13,0.33,0.99,0.31,0.48,0.39,0.58,0.63,0.28,0.33,0.8,0.22,0.15,0.47,0.22,0.8,0.5,1.47,1.34,1.12,0.16,1.59,1.8,0.39,0.29,0.68,0.64,2.12,0.18,1.43,1.19,1.25,0.19,0.31,1.41,0.24,0.35,0.55,0.05,0.36,0.36,0.88,201605.0
200,0.0,0.03,0.08,0.25,0.05,0.26,0.62,1.15,0.01,0.56,0.0,0.0,0.52,0.01,0.0,0.15,0.01,0.23,0.0,0.0,0.13,0.03,0.03,0.01,0.0,0.18,0.0,1.21,0.61,0.46,0.01,0.89,0.03,0.0,0.0,0.15,0.25,0.85,0.0,0.2,0.45,0.6,0.01,0.0,0.3,0.01,0.0,0.01,0.0,0.01,0.0,0.09,201606.0
201,0.0,0.0,0.0,0.0,0.01,0.0,0.0,0.2,0.0,0.02,0.04,0.0,0.0,0.0,0.0,0.0,0.0,0.02,0.0,0.0,0.0,0.0,0.16,0.0,0.0,0.01,0.0,0.01,0.71,0.01,0.02,0.05,0.0,0.0,0.0,0.0,0.0,0.11,0.0,0.04,0.0,0.21,0.02,0.0,0.31,0.0,0.0,0.0,0.08,0.0,0.01,0.0,201607.0
202,0.0,0.0,0.04,0.08,0.12,0.0,0.05,0.01,0.02,0.04,0.08,0.0,0.0,0.0,0.0,0.01,0.0,0.01,0.01,0.0,0.0,0.01,0.3,0.0,0.0,0.0,0.0,0.0,0.0,0.01,0.01,0.01,0.05,0.0,0.0,0.03,0.02,0.02,0.0,0.02,0.0,0.05,0.01,0.0,0.01,0.0,0.0,0.0,0.03,0.0,0.02,0.0,201608.0
203,0.0,0.0,0.06,0.05,0.32,0.0,0.08,0.08,0.05,0.04,0.49,0.0,0.01,0.01,0.0,0.0,0.03,0.08,0.0,0.0,0.0,0.0,0.18,0.0,0.0,0.05,0.7,0.02,0.06,0.02,0.0,0.02,0.09,0.0,0.0,0.0,0.07,0.07,0.0,0.17,0.0,0.28,0.0,0.0,0.04,0.0,0.0,0.0,0.2,0.0,0.0,0.01,201609.0
204,3.65,0.74,10.95,11.85,8.87,7.48,8.86,10.35,7.44,3.71,0.37,2.94,9.1,0.48,3.91,8.13,7.31,2.44,2.0,2.54,2.73,6.33,0.53,2.65,3.05,4.5,0.17,7.15,22.7,9.32,3.63,14.03,10.29,1.63,2.86,1.29,1.78,2.61,1.74,8.02,2.94,2.53,4.78,0.71,15.75,2.31,1.11,2.93,0.06,5.39,3.96,7.42,201610.0
205,1.48,0.87,4.25,4.13,1.93,5.18,3.76,3.98,3.49,1.56,0.52,1.55,4.22,1.08,1.57,5.1,3.69,1.71,1.52,1.2,3.12,4.04,0.24,1.59,1.39,2.28,1.17,5.1,11.84,7.65,2.31,7.35,4.01,0.8,1.43,1.07,1.4,1.19,1.67,2.88,3.0,0.46,2.51,1.15,8.89,1.95,1.51,1.65,0.03,2.74,2.26,3.6,201611.0
206,3.5,1.33,9.75,10.55,6.71,9.39,8.39,6.44,6.3,4.08,2.81,3.8,9.88,4.03,3.23,7.92,6.39,4.61,1.89,2.28,3.98,7.07,2.1,3.14,3.36,6.82,4.2,7.33,16.58,10.19,5.54,10.07,8.23,1.71,2.31,4.65,3.49,3.26,2.75,8.33,4.49,2.26,5.4,4.65,11.05,2.73,3.31,3.7,1.39,5.84,4.19,7.68,201612.0
207,9.38,3.74,25.03,25.17,22.13,22.13,20.55,10.61,18.68,7.83,4.09,12.48,16.25,7.83,10.18,19.58,17.72,11.94,9.17,6.98,10.07,17.01,2.91,9.03,10.68,14.89,5.78,11.81,19.87,20.27,10.63,18.3,24.56,5.81,7.4,12.91,12.17,4.59,10.07,22.84,10.5,10.09,13.98,10.18,18.42,12.07,8.75,12.72,1.11,17.81,12.68,17.58,201701.0
208,7.41,2.57,21.21,22.8,15.58,17.09,19.04,11.9,16.23,7.03,2.23,9.13,15.79,4.64,8.19,15.74,15.63,8.14,5.06,4.92,8.79,13.84,1.3,7.47,7.61,11.57,4.78,11.25,22.11,17.66,9.26,18.77,20.83,3.73,5.52,7.37,7.34,4.44,6.91,17.66,9.55,5.85,10.91,9.24,20.69,7.6,9.26,9.34,0.94,13.0,9.68,16.43,201702.0
209,2.65,0.61,6.08,6.05,4.79,4.67,5.73,5.29,4.71,2.41,0.06,3.05,5.65,0.28,2.66,4.38,4.18,2.34,1.68,1.8,2.32,4.45,0.04,2.63,2.73,4.14,0.19,4.12,13.67,6.24,4.12,7.92,5.6,1.39,2.01,1.63,1.67,2.19,1.44,5.39,2.52,1.64,4.0,0.64,10.95,2.01,0.95,2.77,0.04,3.64,3.23,4.78,201703.0
210,2.5,0.7,7.91,9.47,6.95,5.61,8.73,4.81,5.82,3.78,0.01,2.86,6.4,0.11,3.4,5.3,5.63,3.25,1.22,1.55,2.48,4.65,0.02,2.62,2.57,4.76,0.01,5.04,11.46,5.88,2.9,8.72,7.45,1.02,2.15,2.35,3.01,2.51,1.45,7.64,2.67,2.88,3.28,0.24,8.43,1.74,0.58,2.9,0.0,3.68,2.79,6.06,201704.0
211,0.03,0.34,1.08,1.02,1.44,0.03,0.62,0.76,0.74,0.53,0.22,0.05,0.38,0.36,0.12,0.06,0.54,0.33,0.11,0.12,0.07,0.07,0.19,0.14,0.03,0.45,1.15,0.47,2.31,0.27,0.01,0.57,1.08,0.12,0.08,0.56,0.51,0.62,0.36,0.89,0.09,0.94,0.01,0.22,1.4,0.11,0.39,0.1,0.12,0.03,0.06,0.3,201705.0
212,0.04,0.01,0.56,0.64,0.7,0.28,0.61,0.89,0.69,0.66,0.0,0.26,0.92,0.03,0.19,0.42,0.39,0.14,0.03,0.02,0.63,0.3,0.0,0.47,0.08,0.29,0.01,0.47,1.64,0.26,0.19,1.04,0.56,0.02,0.06,0.14,0.09,0.96,0.0,0.42,0.17,0.12,0.09,0.01,0.79,0.05,0.0,0.29,0.0,0.38,0.08,0.56,201706.0
213,0.0,0.0,0.01,0.04,0.04,0.0,0.03,0.06,0.0,0.16,0.1,0.0,0.0,0.01,0.0,0.0,0.0,0.0,0.02,0.0,0.0,0.0,0.35,0.0,0.0,0.0,0.1,0.0,0.0,0.01,0.0,0.01,0.01,0.0,0.0,0.02,0.01,0.42,0.0,0.01,0.0,0.19,0.0,0.0,0.05,0.03,0.01,0.0,0.23,0.0,0.0,0.0,201707.0
214,0.01,0.0,0.27,0.34,1.34,0.0,0.36,0.46,0.14,0.79,0.57,0.01,0.01,0.09,0.0,0.01,0.04,0.44,0.01,0.0,0.0,0.0,0.36,0.0,0.01,0.5,0.49,0.05,0.1,0.01,0.01,0.25,0.2,0.0,0.02,0.33,0.23,0.49,0.01,0.56,0.0,0.91,0.01,0.1,0.36,0.02,0.01,0.0,0.18,0.0,0.0,0.01,201708.0
215,0.06,0.07,0.91,1.27,2.39,0.04,1.04,0.45,0.41,0.5,0.64,0.02,0.41,0.24,0.01,0.13,0.18,0.78,0.02,0.03,0.03,0.1,0.39,0.01,0.03,0.91,0.19,0.33,1.42,0.21,0.27,0.85,0.95,0.03,0.01,0.58,0.45,0.52,0.26,1.26,0.07,0.91,0.15,0.12,0.97,0.07,0.44,0.01,0.2,0.04,0.1,0.19,201709.0
216,0.21,0.03,0.85,0.87,0.57,0.42,0.76,1.07,0.53,0.58,0.0,0.17,0.7,0.02,0.2,0.44,0.54,0.21,0.09,0.12,0.24,0.24,0.0,0.29,0.25,0.4,0.02,0.78,2.75,0.86,0.28,1.28,0.78,0.12,0.14,0.05,0.15,0.73,0.07,0.61,0.34,0.17,0.37,0.02,1.87,0.15,0.03,0.19,0.0,0.21,0.22,0.6,201710.0
217,2.58,0.1,11.12,11.69,7.7,6.45,9.98,6.23,7.35,3.73,0.02,2.48,9.49,0.07,2.76,6.51,6.24,2.03,0.6,1.21,2.77,5.1,0.0,2.65,2.73,3.79,0.03,6.19,13.35,8.68,3.77,9.18,10.63,0.7,1.58,1.28,1.43,3.13,0.25,6.87,2.62,2.59,3.86,0.13,10.53,1.04,0.08,2.33,0.0,4.4,2.55,8.01,201711.0
218,0.1,0.04,0.81,0.84,0.61,0.27,0.89,1.09,0.64,0.47,0.0,0.06,0.41,0.01,0.16,0.19,0.46,0.16,0.1,0.07,0.04,0.09,0.0,0.1,0.12,0.29,0.04,0.33,3.88,0.69,0.15,0.87,0.87,0.08,0.11,0.11,0.1,0.52,0.07,0.43,0.03,0.16,0.13,0.01,2.26,0.13,0.02,0.09,0.0,0.11,0.14,0.49,201712.0
219,4.28,1.08,7.27,6.15,3.65,8.1,5.8,4.34,5.62,2.65,1.29,3.98,6.19,2.12,4.47,7.92,5.28,2.56,3.34,2.89,3.94,6.77,1.12,4.38,4.02,3.75,2.55,5.24,13.33,9.85,5.61,7.62,6.61,2.2,3.12,1.92,2.1,2.01,2.47,4.59,3.64,1.06,6.24,2.87,11.12,3.93,2.75,4.36,0.17,5.5,4.74,6.85,201801.0
220,0.57,0.17,1.36,1.77,1.56,0.56,0.89,1.22,1.0,0.48,0.18,0.29,0.62,0.37,0.54,0.59,0.83,0.59,0.29,0.49,0.19,0.37,0.12,0.43,0.6,0.91,0.64,0.32,2.9,0.89,0.4,1.34,1.31,0.37,0.62,0.77,0.49,0.95,0.24,1.07,0.08,0.48,0.47,0.21,3.08,0.35,0.18,0.35,0.03,0.31,0.51,1.1,201802.0
221,4.39,2.26,15.13,13.82,12.57,7.41,11.55,5.58,12.02,3.44,0.84,4.93,10.05,3.8,5.24,7.9,11.27,8.71,5.2,3.27,3.72,8.32,0.92,4.96,4.97,11.99,1.74,6.71,13.42,8.64,5.38,8.57,15.07,3.1,3.01,7.32,7.01,2.71,6.82,15.31,3.4,4.66,6.01,6.34,11.26,6.84,5.45,4.91,0.05,7.12,6.01,10.51,201803.0
222,2.44,0.34,5.05,4.53,3.18,5.53,4.47,3.66,4.16,3.69,0.0,2.3,5.39,0.06,2.67,6.49,4.16,2.18,1.04,1.77,2.82,5.04,0.0,2.37,2.39,3.4,0.03,5.36,7.41,7.38,4.12,6.18,4.76,1.06,2.13,1.62,1.71,3.1,0.33,4.33,3.33,1.45,3.13,0.1,6.23,1.24,0.19,2.08,0.03,3.1,2.68,4.58,201804.0
223,0.02,0.0,2.13,2.84,1.68,0.24,2.36,1.97,0.87,2.79,0.07,0.06,0.52,0.17,0.4,0.3,0.54,0.37,0.02,0.12,0.16,0.13,0.25,0.13,0.03,0.55,0.16,0.93,0.72,0.42,0.05,2.08,1.68,0.07,0.15,0.37,0.26,2.65,0.02,0.91,0.27,1.24,0.11,0.15,1.19,0.06,0.14,0.18,0.0,0.15,0.06,0.34,201805.0
224,0.0,0.0,0.06,0.31,0.02,0.01,0.33,0.34,0.01,0.32,0.0,0.0,0.02,0.0,0.0,0.0,0.0,0.0,0.0,0.0,0.0,0.0,0.0,0.0,0.0,0.0,0.0,0.17,1.34,0.1,0.0,0.14,0.02,0.0,0.0,0.0,0.0,0.44,0.0,0.0,0.01,0.01,0.01,0.01,0.42,0.0,0.01,0.0,0.0,0.0,0.0,0.02,201806.0
225,0.0,0.0,0.09,0.28,0.7,0.0,0.07,0.29,0.04,0.07,0.27,0.01,0.01,0.01,0.0,0.0,0.02,0.11,0.01,0.0,0.0,0.0,0.51,0.0,0.0,0.06,0.18,0.01,0.01,0.01,0.0,0.15,0.11,0.0,0.0,0.28,0.25,0.14,0.0,0.23,0.0,1.61,0.01,0.0,0.02,0.01,0.0,0.01,0.12,0.01,0.01,0.0,201807.0
226,0.0,0.0,0.01,0.0,0.11,0.0,0.0,0.0,0.02,0.01,0.22,0.0,0.0,0.0,0.0,0.01,0.0,0.01,0.0,0.0,0.0,0.02,0.15,0.0,0.0,0.01,0.02,0.0,0.0,0.01,0.01,0.0,0.02,0.0,0.0,0.0,0.0,0.02,0.0,0.06,0.0,0.15,0.0,0.0,0.02,0.0,0.0,0.0,0.11,0.0,0.0,0.0,201808.0
227,0.0,0.0,0.02,0.02,0.1,0.16,0.0,0.21,0.01,0.0,0.01,0.0,0.0,0.0,0.0,0.12,0.01,0.05,0.0,0.0,0.02,0.02,0.01,0.0,0.0,0.08,0.0,0.01,0.24,0.22,0.03,0.24,0.02,0.0,0.0,0.0,0.02,0.06,0.0,0.09,0.03,0.09,0.01,0.0,0.56,0.0,0.0,0.01,0.21,0.04,0.0,0.0,201809.0
228,0.14,0.08,0.9,0.74,0.76,1.41,0.87,0.97,0.6,1.08,1.21,0.2,0.99,0.4,0.21,1.54,0.66,0.5,0.17,0.16,0.68,1.29,0.81,0.24,0.22,0.87,0.51,0.9,1.85,1.59,0.31,0.81,0.91,0.05,0.59,0.71,0.49,1.25,0.39,0.79,1.06,0.51,0.12,0.22,1.29,0.27,0.54,0.22,0.4,0.78,0.1,0.65,201810.0
229,2.71,1.27,6.3,5.56,5.16,5.89,4.39,3.36,6.51,1.98,0.49,3.32,6.08,1.45,2.99,6.08,7.1,4.2,3.51,2.84,3.61,5.19,0.36,2.57,3.09,6.12,1.59,5.8,5.15,6.32,4.22,6.95,5.81,2.28,2.51,2.16,3.28,1.82,3.0,7.35,4.45,2.07,4.06,1.87,6.96,3.96,2.29,3.29,0.02,4.43,4.09,5.62,201811.0
230,2.02,0.41,4.1,3.25,2.71,5.06,4.63,4.29,3.18,2.37,1.24,2.25,4.64,2.41,2.43,5.07,2.76,1.44,2.2,2.03,2.94,3.34,0.86,2.53,2.2,2.43,2.27,5.13,8.09,6.29,2.38,5.68,3.97,1.37,2.22,1.2,1.26,2.14,1.13,2.67,2.68,0.75,2.56,2.47,6.47,2.55,1.17,2.43,0.93,3.12,2.9,3.99,201812.0
231,3.73,1.66,11.64,12.0,8.17,11.76,11.38,6.39,8.17,4.32,2.03,5.94,12.01,5.64,4.53,9.67,7.7,4.9,3.51,2.89,6.09,7.95,1.87,5.22,4.66,6.52,2.92,9.32,13.57,11.31,5.57,11.37,10.66,2.3,2.73,4.55,4.01,3.18,5.58,8.22,7.86,3.19,6.54,8.17,12.3,5.09,7.52,6.44,0.65,8.69,5.45,9.52,201901.0
232,6.83,2.21,20.49,19.94,15.25,20.47,17.35,11.59,14.48,6.4,4.4,8.8,19.53,6.38,8.31,19.45,14.16,6.9,6.75,4.82,11.1,15.07,2.9,9.07,7.21,11.35,7.34,14.32,21.02,20.92,9.46,20.41,19.5,3.59,5.05,8.13,7.15,4.27,6.38,16.31,14.32,6.02,10.48,7.38,22.52,8.85,6.68,10.76,0.59,14.41,9.47,17.61,201902.0
233,4.11,1.37,7.68,7.11,6.43,8.86,7.02,4.18,7.18,2.9,0.97,4.52,9.06,2.65,3.77,8.79,7.91,4.19,2.4,3.01,4.62,7.21,1.17,3.94,3.98,6.03,1.45,8.43,4.78,9.87,5.21,8.91,8.34,2.17,2.9,6.08,3.95,2.53,3.55,8.2,6.48,2.98,6.03,4.12,7.79,3.48,3.5,4.84,0.21,6.18,5.81,7.07,201903.0
234,0.47,0.29,2.71,3.19,1.74,1.9,2.79,3.5,2.14,2.15,0.11,0.34,2.64,0.14,0.76,2.4,1.83,0.86,0.37,0.35,0.43,1.13,0.18,0.57,0.39,1.18,0.29,1.99,10.27,2.22,0.47,5.2,2.81,0.12,0.59,0.84,0.63,2.64,0.17,1.64,0.49,0.36,0.87,0.11,4.03,0.38,0.18,0.45,0.07,0.96,0.74,2.26,201904.0
235,2.25,1.36,5.48,5.11,3.12,5.15,4.94,3.27,5.69,3.1,0.47,2.39,5.13,1.19,3.33,4.67,5.4,3.63,1.44,1.89,2.57,3.56,0.52,3.07,1.93,4.72,1.27,4.37,4.92,5.34,2.51,4.29,5.76,1.37,2.15,3.31,3.52,2.79,1.47,5.66,2.79,2.24,2.96,1.86,4.57,1.99,1.59,3.1,0.05,3.48,2.77,4.51,201905.0
236,0.0,0.09,0.23,0.54,0.55,0.01,0.5,0.13,0.08,0.46,0.0,0.0,0.12,0.03,0.01,0.0,0.04,0.12,0.03,0.0,0.0,0.01,0.01,0.02,0.0,0.17,0.06,0.05,0.01,0.02,0.0,0.13,0.18,0.0,0.0,0.14,0.08,0.18,0.01,0.28,0.0,0.23,0.03,0.04,0.01,0.03,0.01,0.0,0.0,0.0,0.02,0.21,201906.0
237,0.0,0.0,0.03,0.11,0.55,0.0,0.03,0.0,0.03,0.04,0.25,0.0,0.0,0.01,0.0,0.0,0.01,0.09,0.01,0.0,0.0,0.0,0.24,0.0,0.0,0.05,0.15,0.0,0.02,0.01,0.0,0.01,0.03,0.0,0.0,0.06,0.07,0.02,0.0,0.23,0.0,0.57,0.01,0.0,0.02,0.0,0.0,0.0,0.04,0.01,0.02,0.0,201907.0
238,0.0,0.0,0.01,0.04,0.03,0.26,0.11,0.78,0.0,0.22,0.0,0.0,0.01,0.0,0.0,0.02,0.0,0.0,0.0,0.0,0.03,0.0,0.06,0.0,0.0,0.0,0.0,0.24,0.93,0.35,0.0,0.61,0.01,0.0,0.0,0.0,0.0,0.36,0.0,0.0,0.07,0.03,0.01,0.0,0.35,0.0,0.01,0.0,0.0,0.0,0.01,0.0,201908.0
239,0.19,0.0,1.72,2.29,0.87,0.35,2.35,1.95,1.13,1.76,0.46,0.09,1.54,0.04,0.24,0.2,0.77,0.04,0.03,0.09,0.18,0.1,0.24,0.34,0.15,0.23,0.31,0.92,4.1,0.71,0.12,1.24,1.61,0.03,0.22,0.02,0.01,1.81,0.0,0.57,0.38,0.21,0.11,0.01,2.42,0.03,0.0,0.26,0.58,0.07,0.09,1.22,201909.0
240,0.0,0.0,0.13,0.16,0.08,0.07,0.16,0.94,0.03,0.17,0.0,0.0,0.06,0.0,0.0,0.05,0.01,0.01,0.0,0.0,0.01,0.02,0.0,0.0,0.0,0.02,0.0,0.16,2.81,0.37,0.0,0.65,0.1,0.0,0.0,0.0,0.0,0.46,0.0,0.02,0.02,0.01,0.01,0.0,1.88,0.0,0.0,0.0,0.0,0.0,0.01,0.05,201910.0
241,1.09,0.77,2.09,2.52,2.61,1.66,1.45,1.4,2.08,0.29,1.88,0.82,1.44,2.36,0.73,1.59,2.01,1.2,1.85,0.69,0.82,1.53,1.39,0.53,0.9,1.69,3.63,1.4,2.89,2.11,1.44,2.36,2.34,0.69,0.71,2.35,2.01,0.38,1.9,2.23,1.01,1.13,1.66,2.82,2.76,2.23,2.19,0.54,0.98,1.03,1.46,1.72,201911.0
242,3.62,1.94,9.61,7.81,7.81,10.46,8.06,5.36,7.64,3.76,2.21,5.89,8.56,4.96,4.2,11.01,8.41,3.36,6.58,4.03,7.04,10.12,2.21,5.47,4.07,6.1,3.75,7.24,14.33,9.17,4.78,10.96,9.18,3.58,3.25,4.05,3.69,2.6,4.59,8.76,5.7,2.15,5.62,6.5,12.83,8.42,4.97,6.75,0.59,8.67,6.32,7.98,201912.0
243,1.55,0.55,3.79,3.66,1.86,5.04,3.55,6.37,2.4,2.27,0.1,1.41,4.06,0.24,1.28,3.92,2.11,0.92,1.16,0.93,1.6,3.56,0.03,1.45,1.54,1.36,0.37,3.47,18.37,7.39,2.45,7.66,3.5,0.67,1.05,0.8,0.7,3.53,0.61,1.91,1.72,0.48,2.4,0.51,11.7,1.25,0.63,1.45,0.02,2.71,2.19,3.51,202001.0
