,Alameda County Tavg,Kings County Tavg,Placer County Tavg,Sierra County Tavg,Alpine County Tavg,Lake County Tavg,Plumas County Tavg,Siskiyou County Tavg,Amador County Tavg,Lassen County Tavg,Riverside County Tavg,Solano County Tavg,Butte County Tavg,Los Angeles County Tavg,Sacramento County Tavg,Sonoma County Tavg,Calaveras County Tavg,Madera County Tavg,San Benito County Tavg,Stanislaus County Tavg,Colusa County Tavg,Marin County Tavg,San Bernardino County Tavg,Sutter County Tavg,Contra Costa County Tavg,Mariposa County Tavg,San Diego County Tavg,Tehama County Tavg,Del Norte County Tavg,Mendocino County Tavg,San Francisco County Tavg,Trinity County Tavg,El Dorado County Tavg,Merced County Tavg,San Joaquin County Tavg,Tulare County Tavg,Fresno County Tavg,Modoc County Tavg,San Luis Obispo County Tavg,Tuolumne County Tavg,Glenn County Tavg,Mono County Tavg,San Mateo County Tavg,Ventura County Tavg,Humboldt County Tavg,Monterey County Tavg,Santa Barbara County Tavg,Yolo County Tavg,Imperial County Tavg,Napa County Tavg,Santa Clara County Tavg,Yuba County Tavg,year
3,49.9,50.0,40.1,33.9,31.7,44.0,34.3,34.7,44.3,31.9,55.3,49.5,45.5,52.3,48.9,49.0,44.9,43.4,47.4,49.3,46.7,50.0,51.8,48.6,49.4,42.2,54.3,43.6,40.8,45.0,51.1,39.5,40.9,50.3,49.8,41.8,43.0,31.6,50.1,38.4,45.9,30.9,50.5,49.9,43.7,50.0,51.5,48.7,59.2,47.8,48.8,46.4,200001.0
4,51.0,53.3,42.1,35.2,32.7,45.5,35.8,37.8,46.2,35.5,55.3,51.5,47.6,50.6,52.2,50.3,46.9,45.2,48.6,51.7,49.2,51.0,52.6,52.1,51.3,43.0,53.6,45.6,44.4,47.3,52.6,41.2,42.5,52.8,52.5,43.0,44.2,35.9,50.7,38.6,48.1,31.5,51.6,48.2,46.5,51.1,50.8,50.8,60.8,49.5,49.8,49.0,200002.0
5,53.5,55.9,45.6,38.9,35.2,49.2,39.5,39.8,49.5,38.8,58.8,55.4,51.7,53.8,55.7,52.1,49.8,47.9,50.6,54.1,53.9,52.1,56.9,55.8,54.8,46.7,54.4,50.0,43.8,48.6,53.6,43.8,45.5,55.3,55.5,45.5,47.0,38.0,51.8,41.4,51.9,34.9,52.4,50.0,46.9,51.7,51.6,55.4,64.2,53.4,51.6,52.9,200003.0
6,58.0,63.8,52.0,45.5,42.1,54.4,46.1,47.5,56.0,46.7,68.5,60.9,58.5,60.6,61.9,55.8,56.4,54.8,57.0,60.7,60.1,55.1,67.6,62.7,59.5,53.2,61.4,56.6,50.2,53.2,56.7,50.5,51.9,61.9,61.4,53.1,54.3,46.5,57.7,48.0,58.5,43.4,55.7,55.3,52.7,57.1,56.2,61.5,74.3,58.2,56.8,59.8,200004.0
7,62.1,70.8,57.0,50.5,47.7,59.2,51.1,51.0,60.7,51.1,76.1,65.8,63.4,66.0,66.8,59.3,61.3,61.4,62.9,66.2,65.8,57.2,76.1,68.3,63.7,59.6,67.0,61.2,53.7,56.5,58.4,54.1,56.8,67.8,66.7,60.0,61.2,50.8,63.2,53.7,63.5,50.9,58.3,61.1,55.4,62.2,60.8,67.1,82.3,63.1,61.2,64.8,200005.0
8,68.3,78.6,67.4,60.9,57.3,69.5,61.6,62.6,71.1,62.2,82.6,72.0,74.0,72.2,74.7,64.1,71.6,70.5,70.2,74.5,75.2,60.3,83.5,76.7,70.0,69.4,72.3,73.2,61.7,65.0,60.8,66.0,67.4,76.3,74.1,68.9,69.5,61.4,69.2,63.5,73.8,59.3,62.0,66.6,63.1,67.4,65.9,74.7,88.8,70.1,67.8,74.8,200006.0
9,67.5,77.7,67.6,62.3,59.6,70.2,62.7,64.6,71.1,64.0,85.5,70.5,72.8,74.0,73.4,64.3,71.6,70.6,70.1,73.7,74.3,59.4,86.4,75.3,68.6,69.8,75.0,72.6,64.7,65.8,60.1,67.1,68.0,75.0,73.1,69.7,69.8,64.4,69.1,64.7,73.0,62.2,61.2,68.2,65.4,67.3,66.8,73.6,92.0,69.8,67.6,73.8,200007.0
10,69.9,80.6,70.2,64.8,61.3,72.6,65.1,67.1,73.8,66.0,86.0,73.1,75.2,76.3,75.5,66.2,74.4,73.1,72.7,75.5,76.3,62.0,85.8,76.7,71.5,72.1,77.0,74.7,65.5,67.1,62.2,69.2,70.6,77.1,75.2,71.6,72.2,65.9,71.8,66.9,75.1,62.2,63.4,71.3,66.6,69.5,69.0,75.9,92.5,72.2,70.0,75.8,200008.0
11,68.8,73.8,63.5,57.5,54.1,67.5,57.6,59.1,67.6,56.7,79.8,70.9,69.8,71.1,72.0,65.8,68.0,66.6,68.6,71.5,71.2,63.6,78.8,72.3,70.0,65.7,72.5,69.1,63.5,65.4,64.6,63.7,64.0,72.3,71.9,64.9,65.5,55.8,68.3,60.3,70.4,55.1,64.6,67.0,64.7,67.7,66.8,71.9,86.4,69.7,67.9,70.3,200009.0
12,60.3,64.1,53.4,47.4,43.7,57.8,47.9,49.0,57.2,46.5,67.3,61.6,59.3,60.8,62.2,58.7,58.0,56.7,58.9,61.7,61.0,57.3,65.4,62.5,60.8,54.7,62.2,58.2,53.2,56.8,58.8,53.1,53.5,62.6,62.4,54.3,55.4,45.9,59.2,49.9,60.0,43.6,58.3,57.8,55.7,59.2,59.0,62.2,72.7,60.4,59.6,59.8,200010.0
13,49.7,49.6,41.7,35.4,32.6,45.9,35.2,36.6,45.3,33.5,54.4,49.9,46.3,51.7,49.4,49.5,45.4,43.3,47.9,48.9,48.4,50.4,50.8,49.4,50.0,42.9,53.2,45.2,42.8,46.6,51.8,40.6,41.9,49.4,49.5,41.7,42.8,33.2,49.8,38.4,47.2,31.6,50.6,49.6,45.2,49.4,51.0,49.3,58.0,48.8,48.7,47.5,200011.0
14,49.2,48.1,43.0,36.0,35.1,46.0,35.0,37.3,47.0,33.8,55.2,48.4,46.5,53.2,48.2,48.8,47.2,44.7,49.4,47.5,48.1,50.5,51.1,48.0,49.1,45.6,54.8,46.1,43.3,45.5,51.7,39.4,44.4,48.0,47.5,42.9,43.6,33.7,51.6,41.3,46.7,33.9,51.2,50.9,44.4,51.0,52.7,48.3,58.3,48.2,49.1,47.4,200012.0
15,46.4,46.1,38.7,31.7,28.6,42.2,31.4,35.2,42.9,29.2,49.8,46.2,44.0,47.3,46.0,45.8,43.1,40.0,44.4,45.3,44.9,47.7,46.0,46.5,46.3,39.9,48.9,42.8,41.4,42.8,49.0,37.4,39.6,45.9,45.7,38.3,39.2,30.9,46.4,35.3,43.8,26.2,48.2,45.8,42.8,46.8,48.1,46.0,54.3,45.5,45.6,44.9,200101.0
16,48.3,49.1,38.6,30.8,27.2,42.8,31.0,34.2,42.6,30.2,51.2,49.4,45.0,47.1,49.2,47.8,43.4,40.8,45.6,48.2,47.1,48.9,48.0,49.3,48.6,39.1,49.6,42.7,41.2,43.8,50.0,37.4,38.5,49.1,49.3,38.6,40.1,30.4,46.6,34.2,45.7,25.7,49.1,45.1,43.2,47.7,47.4,48.9,56.7,47.4,46.8,46.2,200102.0
17,55.6,58.9,48.4,41.9,38.7,52.5,42.0,42.9,52.2,41.2,60.5,57.8,54.6,55.4,57.8,54.0,52.3,50.3,53.3,56.5,57.0,54.0,59.2,58.6,56.9,49.4,55.9,53.3,46.6,51.2,54.9,47.0,48.2,57.6,57.6,48.0,49.5,40.4,54.2,44.2,55.0,37.7,54.1,52.0,49.7,54.2,53.0,57.7,66.2,55.4,53.9,56.0,200103.0
18,53.2,58.4,46.0,39.6,36.3,49.3,40.1,41.6,49.7,39.9,62.6,56.3,53.2,54.8,56.9,51.5,50.0,48.8,51.3,55.4,55.5,50.8,60.9,57.7,54.6,47.0,56.0,51.0,45.4,48.4,52.1,45.0,45.6,56.9,56.7,47.2,48.2,40.0,52.5,41.7,53.5,37.5,51.3,50.6,48.2,52.0,51.4,56.8,69.2,53.7,51.5,54.0,200104.0
19,67.5,76.5,64.4,57.5,53.2,67.1,57.9,58.1,69.3,57.8,78.0,71.6,71.1,68.5,73.3,64.0,69.4,67.4,67.6,72.2,73.4,61.7,78.8,75.1,70.2,66.4,68.1,70.2,56.8,62.2,61.2,60.9,64.5,73.8,72.6,65.4,66.8,56.7,67.0,60.3,71.3,54.3,61.7,62.9,59.7,65.6,62.7,73.6,84.4,69.3,65.7,72.8,200105.0
20,68.9,78.6,66.0,59.3,56.7,67.8,59.8,58.2,70.5,59.7,82.9,73.0,72.0,72.2,74.9,65.5,71.0,69.9,70.8,74.6,74.1,61.7,83.5,76.6,71.0,68.7,72.8,70.6,58.1,62.1,62.0,61.8,66.0,76.3,74.6,68.4,69.7,58.2,69.3,62.9,72.0,59.1,62.4,66.4,60.2,67.8,65.8,75.1,89.6,70.9,68.1,73.4,200106.0
21,69.2,80.5,69.8,64.6,60.8,72.7,65.3,66.4,73.2,66.3,84.2,72.1,75.2,73.4,75.2,65.6,74.0,72.1,71.6,75.7,76.4,60.8,85.0,77.0,70.3,71.3,74.2,75.4,65.3,67.6,61.4,69.4,70.0,76.7,75.1,71.0,71.6,65.8,70.5,66.1,75.6,61.7,62.5,68.2,66.1,68.8,67.6,75.5,91.5,71.3,69.3,76.1,200107.0
22,69.9,80.3,71.7,66.6,64.9,73.3,66.6,68.5,74.8,67.8,86.8,73.4,76.1,76.1,76.1,67.0,75.2,73.6,73.0,76.0,76.7,62.3,87.6,77.5,71.4,73.7,77.1,76.1,66.4,68.3,62.3,70.2,72.5,77.0,75.7,72.7,73.0,67.8,71.5,69.0,76.2,65.4,63.1,70.5,66.8,69.3,68.3,76.6,92.6,72.5,69.8,77.0,200108.0
23,67.5,76.2,66.8,61.3,58.0,69.2,61.3,62.4,70.0,60.4,82.6,69.9,72.1,72.7,72.3,64.6,70.5,68.9,69.3,72.3,72.5,60.9,81.9,73.3,68.8,68.6,73.7,71.6,62.7,65.9,61.3,65.6,67.4,73.5,71.9,67.7,68.4,59.7,69.0,63.4,72.1,58.0,62.5,67.8,64.0,67.0,66.6,72.3,88.9,68.8,67.3,72.4,200109.0
24,64.4,68.5,60.0,53.5,50.2,62.8,53.7,53.5,64.2,52.2,73.0,66.1,65.2,66.2,66.6,62.4,64.5,61.7,64.2,65.8,66.7,61.0,71.5,67.6,65.4,61.6,67.1,64.4,55.3,60.6,61.3,57.0,60.7,66.8,66.1,60.3,61.3,50.9,63.2,56.6,65.7,49.8,61.4,61.8,57.7,62.7,61.7,67.0,78.4,64.9,63.5,66.0,200110.0
25,55.4,56.4,47.0,40.2,37.0,49.7,40.2,40.4,50.9,38.6,61.6,56.0,52.2,56.2,56.2,53.8,51.5,49.4,53.6,55.4,53.4,54.8,57.9,56.1,55.4,48.4,58.1,49.9,46.4,50.0,56.0,43.9,46.8,55.8,55.9,47.9,48.8,37.9,54.9,43.6,52.3,36.4,55.0,53.7,48.3,54.8,55.3,55.8,67.1,54.0,54.1,53.6,200111.0
26,48.4,47.0,38.4,31.7,29.3,43.3,32.4,33.5,42.0,30.3,49.8,48.3,44.3,48.0,48.3,48.9,42.4,40.5,46.3,47.8,45.7,50.1,46.0,48.3,47.6,39.1,49.9,41.8,41.6,45.1,50.8,37.8,38.6,47.6,48.2,38.5,39.8,30.1,47.6,34.6,44.7,27.4,50.1,47.0,44.2,48.4,48.9,48.1,53.5,47.2,47.6,45.2,200112.0
27,46.1,44.6,37.2,30.5,28.4,42.3,31.0,32.6,41.0,28.4,51.6,45.8,42.6,48.8,45.0,46.6,41.6,39.5,43.9,44.7,44.3,47.3,47.6,45.3,46.0,39.3,50.7,41.5,40.3,43.4,48.5,37.2,38.0,44.9,45.1,38.1,38.6,29.0,45.7,35.0,43.8,27.0,47.4,46.6,42.4,45.5,48.0,45.4,55.5,45.1,45.1,43.3,200201.0
28,51.1,52.5,43.8,36.8,33.5,47.2,36.5,38.9,48.2,35.7,56.4,51.8,49.4,53.7,51.8,50.5,48.4,46.2,50.6,51.2,51.0,51.3,53.5,52.2,51.6,46.0,54.5,48.2,44.5,48.2,53.1,42.6,44.4,51.4,51.5,44.2,45.5,35.5,51.1,40.8,49.4,33.4,52.2,50.0,46.7,51.2,52.0,51.6,59.8,50.4,50.6,50.4,200202.0
29,51.9,55.1,43.3,36.1,31.9,47.2,36.8,38.7,47.9,35.9,57.5,53.6,49.6,52.8,53.6,50.3,48.3,46.2,50.1,52.7,52.1,50.8,55.2,54.0,52.8,44.8,53.5,48.1,43.0,47.1,52.4,42.4,43.0,53.7,53.6,44.3,45.6,35.7,50.5,39.3,49.9,32.3,51.4,48.5,45.6,51.0,50.4,53.3,62.6,51.3,50.4,50.9,200203.0
30,56.0,62.5,49.9,43.9,39.8,52.9,44.8,46.3,53.5,44.8,66.1,58.8,56.8,57.5,59.6,54.1,54.2,52.9,55.2,59.0,59.3,53.5,65.5,61.2,57.1,51.4,58.5,55.5,48.9,52.0,54.9,50.0,49.3,60.0,59.6,51.6,52.6,44.5,55.5,46.2,57.7,41.6,54.3,53.4,51.6,55.2,54.3,59.8,71.8,56.3,54.8,57.9,200204.0
31,60.0,68.7,55.8,49.2,45.3,58.6,50.0,50.8,60.0,50.2,71.8,63.6,63.1,62.7,65.6,57.5,60.2,59.2,60.4,64.9,65.1,55.2,71.8,67.0,61.8,57.7,63.2,61.5,52.3,55.5,56.2,54.0,55.4,66.1,65.3,57.4,58.8,49.9,60.3,51.4,63.1,47.3,56.0,57.5,54.5,59.1,57.8,65.6,78.2,61.4,58.8,64.1,200205.0
32,66.2,77.0,66.2,59.9,56.1,68.3,60.7,61.1,69.7,61.2,82.1,71.2,72.8,70.8,73.8,64.1,70.1,69.0,68.7,73.0,74.5,60.0,83.5,76.0,68.4,68.1,71.1,72.1,59.9,62.6,59.6,63.9,66.1,74.1,73.2,67.8,68.5,60.5,67.8,62.6,73.3,59.2,59.9,65.1,61.3,65.7,63.8,74.4,88.9,69.8,65.7,73.8,200206.0
33,70.4,82.5,72.9,67.6,64.7,74.9,69.0,70.3,76.1,70.4,87.7,73.9,77.6,76.2,77.4,66.8,76.8,75.3,74.3,77.5,78.5,61.9,89.2,79.3,71.9,75.0,76.2,78.6,67.7,69.5,61.7,72.6,73.3,78.8,76.7,74.3,74.8,69.9,72.6,69.8,78.4,66.5,63.3,70.6,68.3,70.2,68.8,77.6,93.5,73.0,70.4,78.7,200207.0
34,69.8,79.0,69.5,63.8,60.5,73.0,65.0,66.6,72.9,65.4,84.8,72.6,74.9,74.3,74.7,66.3,73.4,71.8,72.4,74.7,76.1,62.0,86.0,76.3,71.0,71.6,75.5,75.5,65.7,68.0,62.4,69.9,70.1,75.7,74.2,70.5,71.2,63.8,70.6,66.2,75.7,62.2,63.7,69.2,67.0,69.1,67.4,75.1,91.4,71.6,69.5,75.6,200208.0
35,69.6,76.2,65.8,59.7,55.9,68.9,60.3,61.8,70.2,60.1,81.4,71.6,72.0,72.8,73.8,65.4,70.6,68.2,70.7,73.4,73.0,63.0,80.2,74.4,71.0,67.6,73.9,71.5,63.2,65.8,62.9,66.0,66.2,74.2,73.5,67.0,67.8,59.1,69.8,62.5,72.4,56.0,64.4,68.3,65.3,68.6,67.2,73.5,87.6,70.2,69.0,72.9,200209.0
36,61.7,64.4,55.6,49.0,44.6,60.1,49.3,50.8,59.9,47.6,67.7,63.0,61.6,61.3,63.5,59.8,60.0,57.2,60.8,62.7,63.4,58.9,66.1,63.9,62.7,56.4,62.2,61.3,53.7,57.7,59.4,54.9,56.1,63.3,63.5,55.2,56.5,46.3,59.2,51.5,62.5,44.4,59.1,57.3,55.7,59.6,58.0,63.6,73.7,61.8,60.8,62.2,200210.0
37,55.4,55.5,48.3,41.1,37.4,52.0,40.4,42.7,52.4,39.5,61.6,55.4,53.5,58.1,55.4,54.7,52.6,50.3,54.9,54.4,54.7,55.6,57.5,56.0,55.7,50.2,59.5,52.3,47.8,51.5,57.2,45.6,48.8,54.7,54.7,48.3,49.5,39.6,56.2,45.3,53.7,37.0,56.4,56.1,49.6,56.1,56.9,55.2,65.7,54.7,54.8,54.7,200211.0
38,49.4,49.6,39.5,32.7,29.8,44.5,34.0,35.8,43.0,32.8,51.2,49.3,45.5,49.0,49.4,49.0,43.6,41.7,46.4,48.5,47.2,50.7,47.3,49.7,49.0,40.1,50.6,43.5,43.7,46.0,52.1,38.6,39.6,49.0,49.0,40.0,41.2,33.3,48.7,35.9,45.9,27.3,50.6,47.6,45.1,49.2,49.9,49.0,55.5,47.9,48.1,46.6,200212.0
39,52.0,49.0,45.9,39.8,38.7,49.4,39.2,40.9,49.2,39.6,59.2,50.9,49.7,56.9,50.6,52.0,48.9,46.2,52.7,50.0,50.3,52.6,55.4,50.5,51.4,47.2,58.0,48.5,47.6,50.2,54.2,43.9,47.1,49.8,50.4,44.9,45.5,39.6,53.6,43.1,49.5,36.3,54.3,55.3,49.3,53.7,55.5,50.7,62.8,51.2,52.4,49.8,200301.0
40,49.8,50.7,40.8,34.3,29.4,45.4,34.6,37.0,44.9,33.0,54.1,50.8,47.7,50.4,50.6,49.4,45.4,43.0,47.1,49.6,49.4,50.8,50.7,50.8,50.4,42.3,52.6,46.0,42.8,45.8,52.2,41.0,41.0,50.1,50.5,41.2,42.5,33.0,49.1,37.4,47.9,29.2,50.6,47.9,45.1,49.1,49.8,50.3,59.1,49.1,48.6,48.4,200302.0
41,54.5,57.8,46.0,39.8,36.3,49.9,40.3,41.2,50.3,39.8,60.2,56.6,52.3,55.3,56.3,52.7,50.6,48.9,52.3,55.4,54.7,53.6,57.9,56.3,55.5,47.8,56.1,50.5,46.0,49.8,55.0,45.2,46.1,56.2,56.4,46.6,48.4,39.6,53.7,42.6,52.6,36.7,53.5,52.2,49.1,53.2,53.0,56.3,65.7,54.0,52.6,53.1,200303.0
42,52.4,57.6,42.5,36.6,32.9,45.8,37.2,38.9,47.0,37.7,61.2,54.4,50.0,53.2,54.7,49.0,47.6,47.5,50.3,54.3,52.0,50.0,58.9,54.9,53.1,44.7,54.8,46.9,45.7,46.3,52.9,42.0,42.0,55.5,56.0,45.5,46.9,37.8,51.9,38.9,49.8,35.3,51.3,49.9,47.3,51.6,51.9,53.9,67.4,51.0,50.9,51.1,200304.0
43,61.1,68.1,56.2,50.1,46.4,58.4,51.0,51.4,60.1,51.2,73.1,64.5,62.4,63.1,65.8,58.3,60.4,59.2,61.1,64.9,64.6,56.4,73.0,66.8,62.7,57.7,63.8,60.6,53.4,55.8,57.9,53.8,56.0,66.3,65.9,57.6,58.6,50.5,61.6,52.0,62.6,48.4,57.3,58.2,55.0,60.3,58.5,65.8,79.1,62.0,59.9,63.6,200305.0
44,67.0,77.6,66.3,60.6,56.6,68.6,62.2,63.4,69.8,63.0,80.2,71.2,73.2,68.9,73.5,63.8,70.1,69.1,69.2,72.9,74.7,60.4,82.2,75.8,68.5,68.3,69.2,73.2,61.9,63.8,61.3,66.0,66.2,73.9,73.0,67.9,68.8,62.2,67.4,62.6,73.7,59.4,61.8,63.8,63.2,66.4,63.7,74.0,86.2,69.3,66.4,73.7,200306.0
45,72.7,84.4,74.1,68.0,64.6,76.2,69.2,71.2,78.4,70.8,88.8,76.4,80.0,78.7,80.4,68.6,78.8,76.7,76.3,80.5,80.8,63.4,90.2,81.8,74.6,76.0,77.9,80.0,68.0,69.8,62.0,73.0,74.8,82.0,79.5,75.4,76.4,70.7,74.8,70.6,80.3,66.4,64.4,73.7,68.7,71.9,70.2,80.5,94.4,75.4,72.5,80.6,200307.0
46,70.7,79.5,68.8,63.6,60.9,71.2,64.1,66.2,72.5,64.8,87.0,73.4,74.1,77.4,75.7,67.0,73.3,72.5,73.1,75.6,75.4,63.5,86.3,76.6,71.6,71.4,78.0,73.6,67.1,67.9,64.8,69.1,69.4,76.6,75.2,71.4,71.8,64.7,72.7,66.0,74.6,62.6,65.1,72.4,68.3,70.7,69.9,75.7,92.9,72.2,70.6,74.7,200308.0
47,70.5,78.2,68.3,62.0,57.7,71.6,62.3,63.7,72.9,62.1,83.0,72.7,73.7,74.6,74.7,67.3,73.5,71.3,71.6,74.4,74.9,64.8,82.6,75.3,71.6,71.0,74.9,73.8,64.6,67.5,65.3,67.0,69.0,75.5,74.3,69.9,70.5,61.2,71.3,65.2,74.5,58.4,66.0,69.8,66.3,70.0,67.8,75.0,89.3,71.9,70.2,74.2,200309.0
48,65.3,69.8,61.3,54.4,51.4,63.9,54.0,54.6,65.9,53.2,76.2,67.1,66.3,69.3,67.8,63.4,66.3,63.3,65.9,67.4,67.7,62.1,74.2,68.6,66.8,63.3,70.3,65.6,56.9,60.7,62.0,57.7,62.0,68.0,68.1,61.6,62.5,52.0,65.3,58.4,67.0,51.2,62.5,64.4,59.4,64.6,63.8,68.1,82.0,65.9,64.7,67.0,200310.0
49,51.2,52.0,42.0,35.5,32.7,45.4,35.7,36.6,46.0,34.1,55.8,51.5,47.6,52.1,51.6,49.5,46.3,44.6,48.7,50.8,49.3,51.0,51.7,51.6,51.2,43.3,54.7,45.6,43.2,46.6,53.3,40.6,42.1,51.4,52.0,42.8,44.1,33.7,50.8,38.6,47.7,31.7,52.0,50.1,45.8,50.6,52.1,50.8,60.6,49.6,50.0,48.5,200311.0
50,48.8,49.6,39.6,33.2,30.7,43.3,33.5,35.0,43.7,32.1,51.8,48.5,44.7,49.3,48.8,48.2,43.9,42.2,47.0,48.6,46.0,49.5,47.5,48.8,48.1,40.6,51.4,42.4,42.6,44.9,51.1,38.4,40.2,49.0,49.1,40.6,41.9,32.2,48.6,36.4,44.6,28.2,50.7,47.6,44.0,49.4,49.7,47.9,55.8,47.0,48.3,46.0,200312.0
51,47.2,45.9,39.2,32.3,30.0,43.0,32.3,34.6,43.2,30.9,52.4,46.7,43.5,49.9,46.4,47.4,43.2,40.5,45.9,46.1,45.2,48.5,48.2,46.4,46.4,39.7,51.4,42.0,42.4,44.7,49.7,37.8,40.0,46.8,46.7,38.9,39.9,31.8,47.5,35.8,44.2,27.9,49.0,47.6,44.2,48.0,49.0,46.3,56.4,46.2,46.9,44.3,200401.0
52,49.4,50.5,39.3,32.2,28.5,44.0,33.1,35.9,44.6,31.8,51.7,50.6,46.1,48.3,50.6,48.6,44.6,42.0,46.2,49.4,48.4,49.8,48.1,50.6,49.9,40.2,50.0,44.2,43.2,45.5,51.5,39.7,39.3,50.5,50.6,39.6,41.4,32.6,47.7,34.9,46.8,27.1,50.0,45.9,45.1,48.4,48.0,50.1,56.6,48.4,48.0,47.4,200402.0
53,58.9,62.5,51.8,44.6,41.6,55.5,44.7,46.0,56.4,44.5,66.9,61.2,58.2,60.7,61.0,57.4,56.7,54.4,57.2,59.5,59.8,58.0,64.5,61.8,60.7,54.1,61.6,56.9,48.4,54.1,58.6,49.8,51.9,60.6,60.5,52.6,54.1,44.1,58.4,48.6,58.4,41.5,57.5,56.7,51.8,57.8,57.0,60.8,72.3,59.3,57.4,59.7,200403.0
54,59.2,64.8,52.2,45.3,41.7,55.0,45.6,47.7,57.1,45.6,66.5,61.5,59.4,60.1,62.9,56.3,57.3,55.6,57.8,61.8,60.7,56.1,64.9,63.2,60.8,54.1,60.5,57.5,51.0,53.4,57.7,50.6,52.1,62.9,62.8,53.4,54.9,45.4,57.9,48.2,59.4,42.0,56.6,55.4,53.2,57.4,56.5,62.1,72.5,58.8,57.6,60.4,200404.0
55,61.8,70.0,57.0,50.4,46.9,59.3,51.1,51.6,61.6,51.2,74.4,65.7,64.3,65.7,67.3,59.5,61.8,60.9,62.3,66.0,66.2,57.3,73.8,68.6,63.4,59.4,66.4,62.5,54.9,57.0,58.6,55.2,56.7,67.3,67.2,58.9,60.3,50.5,62.2,53.1,64.2,49.2,58.4,60.7,57.1,61.0,60.6,67.2,80.8,63.0,60.8,65.3,200405.0
56,65.9,76.1,65.7,59.0,55.7,67.1,60.4,60.7,69.2,60.8,80.3,70.8,72.2,70.2,73.2,63.8,69.8,68.4,68.3,72.1,73.5,59.7,81.9,75.4,67.9,67.7,69.8,71.4,61.0,62.5,60.2,64.0,65.2,73.3,72.8,66.9,67.8,59.9,67.4,62.1,72.4,58.3,60.5,64.4,62.5,65.3,63.5,73.5,86.5,68.8,65.6,73.2,200406.0
57,70.2,81.3,71.2,65.8,63.0,73.6,66.7,68.9,74.5,68.1,86.4,73.2,76.7,75.6,76.3,66.3,75.2,74.1,73.6,76.8,77.4,61.5,87.3,78.5,71.4,73.4,76.0,76.9,68.2,69.2,62.6,71.6,71.6,77.9,76.0,72.8,73.4,68.1,71.9,68.0,77.1,64.4,64.1,69.8,69.0,70.0,68.6,76.4,92.5,72.0,70.2,77.6,200407.0
58,71.0,79.8,70.3,64.6,60.9,72.9,65.7,67.4,74.0,66.0,84.8,74.0,75.6,74.6,76.4,68.2,74.5,72.8,73.1,75.9,76.4,63.9,85.1,78.1,72.2,72.2,75.3,75.5,68.1,69.2,64.4,70.5,71.0,76.9,75.8,71.4,71.9,65.9,71.8,67.0,75.9,61.3,65.3,69.6,69.4,70.0,68.7,76.6,91.6,73.1,70.5,76.9,200408.0
59,69.8,75.1,64.4,57.9,54.9,68.5,58.6,59.1,68.4,58.0,79.5,72.2,70.9,72.4,73.0,67.4,68.9,67.1,69.9,72.3,72.1,64.6,78.0,73.4,71.1,66.2,73.0,69.9,62.1,65.2,65.0,63.4,64.6,73.0,72.8,65.5,66.5,56.7,68.7,61.1,71.4,54.4,65.0,68.2,64.0,68.0,67.6,73.4,85.5,71.2,68.9,71.4,200409.0
60,60.5,64.0,53.1,47.1,42.8,57.6,47.5,48.9,57.0,46.2,67.2,62.0,59.7,61.0,62.4,58.5,57.7,55.2,59.1,61.9,61.7,57.8,64.9,63.0,61.1,54.1,62.6,58.2,54.4,56.5,59.1,53.3,53.1,62.3,62.6,53.6,54.8,45.9,59.6,49.2,60.3,42.5,58.6,58.2,56.3,59.8,58.7,62.7,72.8,60.6,59.5,60.3,200410.0
61,51.9,51.0,43.7,37.8,33.6,48.6,37.7,39.6,47.0,36.1,55.2,52.4,49.5,51.8,52.0,51.7,47.1,44.8,49.3,50.8,51.6,52.6,51.7,52.7,51.9,44.1,53.1,48.7,44.8,48.5,54.1,43.6,43.6,51.1,51.4,43.1,44.2,36.0,49.9,39.8,50.5,33.4,52.7,50.1,46.9,50.8,51.7,52.3,59.7,51.6,50.8,50.2,200411.0
62,48.9,45.6,41.0,34.4,32.0,46.0,33.9,36.9,45.5,32.9,52.6,47.9,46.2,50.2,47.5,48.9,45.4,41.7,47.3,46.8,47.5,50.3,48.3,48.0,48.2,42.6,52.0,45.7,43.0,45.6,51.3,39.7,42.0,46.3,47.1,39.8,40.7,33.3,48.8,38.6,46.8,30.2,50.6,48.9,44.2,48.9,50.2,48.0,55.8,47.9,48.4,47.0,200412.0
63,46.5,46.5,39.0,31.7,30.2,43.6,31.2,35.6,43.6,29.2,53.0,45.5,44.2,50.4,45.7,46.5,43.7,41.2,47.0,46.0,44.9,47.1,49.1,45.5,45.9,41.5,52.0,43.6,41.5,44.8,48.7,39.5,40.3,46.6,45.7,40.0,40.4,31.4,49.3,36.2,44.5,27.6,49.1,49.1,43.3,49.4,50.9,45.3,57.5,45.3,47.3,44.4,200501.0
64,52.0,53.4,43.2,35.5,31.8,47.2,35.7,39.2,47.9,33.9,53.8,52.9,50.1,50.7,53.3,51.3,48.0,45.4,49.7,52.4,51.6,52.3,50.5,53.6,52.2,44.1,52.2,48.3,44.8,48.0,54.1,42.7,43.4,53.1,53.0,43.0,44.8,35.5,51.0,38.9,50.2,29.9,52.7,49.3,46.9,51.8,51.2,52.7,58.9,51.0,51.1,51.0,200502.0
65,55.2,57.2,45.8,39.2,35.1,50.7,40.1,42.8,50.7,39.7,59.0,56.7,53.5,53.9,56.9,53.8,50.8,48.3,52.8,55.4,55.4,54.4,56.5,57.4,56.1,47.1,55.4,51.7,48.0,50.8,56.2,46.3,45.5,56.4,56.6,46.3,47.5,39.9,53.6,41.6,53.6,34.2,54.9,51.4,50.0,54.2,53.2,56.7,64.8,54.5,53.8,54.3,200503.0
66,55.1,58.9,46.9,41.0,36.9,49.9,41.9,43.0,51.8,41.8,63.4,57.4,53.5,56.6,58.0,52.7,52.0,49.4,52.9,57.1,55.9,52.7,61.0,58.5,56.1,48.0,57.9,51.8,47.3,49.7,54.6,46.3,46.7,57.8,58.2,47.9,48.9,42.1,53.9,42.8,54.2,37.3,53.4,52.8,49.9,53.5,53.2,57.7,69.8,54.5,53.6,54.9,200504.0
67,61.6,68.4,55.2,49.1,45.4,57.5,50.2,51.0,59.5,50.4,73.8,64.5,61.7,64.2,65.7,58.4,59.8,59.0,61.9,65.1,64.0,57.0,73.1,66.6,62.7,57.1,65.4,60.1,54.3,56.5,59.2,53.9,54.6,66.7,65.8,57.2,58.6,50.2,61.8,51.0,62.1,48.4,58.5,60.0,56.8,61.1,60.1,65.7,79.9,61.6,60.4,63.0,200505.0
68,64.5,72.3,59.3,53.5,49.7,61.7,54.3,54.5,63.8,53.9,78.5,67.6,65.7,66.7,69.6,60.7,64.2,63.6,65.1,69.4,68.1,58.0,78.6,70.4,65.5,62.0,68.4,64.3,57.6,58.7,60.0,57.8,59.2,70.3,69.4,62.2,63.2,53.9,64.0,56.1,66.1,53.0,59.4,61.9,59.6,63.1,61.9,69.7,85.8,65.6,64.1,66.8,200506.0
69,72.7,84.6,74.2,68.2,65.3,76.2,69.3,69.8,77.9,70.0,88.2,76.2,80.1,77.6,80.1,68.4,78.4,77.0,76.2,80.6,80.9,63.2,89.4,82.3,74.6,76.6,77.4,80.0,68.3,70.2,62.9,72.3,74.5,81.7,79.5,75.8,76.5,69.4,75.0,70.8,80.3,67.4,64.6,72.2,68.5,71.9,70.2,80.2,94.6,75.1,72.5,81.0,200507.0
70,71.3,81.8,71.9,65.4,62.0,74.4,66.2,69.0,76.2,67.1,85.7,74.2,77.5,75.9,77.8,66.3,76.5,74.1,74.4,78.2,78.1,61.9,85.3,79.3,73.1,73.9,76.4,77.4,67.3,69.2,61.8,71.6,72.5,79.3,77.3,72.7,73.5,66.9,73.1,68.2,77.5,62.6,63.9,71.1,67.4,70.8,69.4,77.7,92.6,72.8,71.0,78.2,200508.0
71,65.5,71.6,61.9,55.7,51.7,65.5,56.2,58.2,65.9,55.6,78.0,67.5,67.9,68.1,69.7,62.6,66.2,64.1,66.2,69.4,69.3,59.6,76.4,70.7,66.4,63.2,70.7,67.4,60.4,62.6,60.4,62.0,62.2,70.2,69.4,62.2,63.3,55.4,65.4,57.8,68.5,52.0,61.1,64.4,62.0,64.8,63.9,69.6,85.4,66.5,65.0,68.5,200509.0
72,61.8,64.6,55.5,50.0,46.2,58.3,49.8,49.7,59.8,48.6,69.6,63.4,60.8,62.8,64.1,59.6,60.2,57.5,60.2,63.5,62.4,58.7,67.2,64.2,62.7,56.6,64.5,59.5,53.0,57.0,59.5,53.4,55.8,64.0,64.4,55.6,56.8,47.9,60.6,52.0,61.4,46.3,59.3,59.5,55.6,60.3,59.7,64.0,75.4,61.8,60.8,62.1,200510.0
73,55.7,57.0,48.2,41.6,39.3,50.7,40.9,39.5,52.9,38.8,61.8,56.3,52.8,58.2,56.0,54.1,53.0,50.9,55.2,55.6,54.2,55.6,58.5,56.1,56.0,50.5,59.7,51.1,45.3,49.4,57.1,43.7,48.8,56.3,56.0,49.7,50.7,37.3,56.7,45.7,53.2,39.4,56.0,55.9,46.8,56.5,57.6,55.9,65.9,54.6,55.2,54.3,200511.0
74,50.6,50.4,42.2,36.1,33.5,45.4,35.7,35.8,45.6,33.4,53.8,50.1,46.7,52.2,50.0,49.7,46.1,44.5,49.0,49.8,47.7,51.4,50.0,49.6,50.1,43.7,54.2,45.2,42.9,46.2,52.9,39.4,42.7,50.2,50.2,43.1,43.8,32.9,51.2,39.2,46.9,31.9,52.3,50.5,45.1,50.8,52.3,49.6,57.3,49.0,50.0,47.9,200512.0
75,49.1,48.1,40.3,34.3,31.5,44.0,34.2,34.9,43.9,32.0,53.1,49.2,45.8,50.3,48.8,48.8,44.1,42.1,46.6,47.8,46.9,50.2,49.5,48.7,48.7,41.4,52.5,43.4,42.3,45.3,51.0,38.3,40.9,48.2,49.0,40.1,40.8,32.5,48.7,36.4,46.0,27.6,50.4,48.6,44.5,48.9,50.2,48.9,57.3,48.0,47.9,46.3,200601.0
76,51.1,52.7,43.1,35.8,31.5,46.8,35.3,37.4,47.6,33.5,56.8,51.9,49.0,53.0,52.2,50.0,47.6,45.1,49.6,51.0,50.7,51.3,53.8,52.4,51.8,44.7,54.5,47.5,43.3,46.7,52.6,41.2,43.4,51.6,51.8,43.7,44.8,33.6,51.3,39.4,49.5,31.1,51.6,49.9,45.1,51.0,51.4,51.7,61.2,50.2,50.5,50.2,200602.0
77,48.4,50.5,37.3,31.1,27.9,40.8,31.5,33.8,41.2,31.3,53.8,49.5,44.5,48.0,49.8,46.0,41.9,40.7,44.8,48.7,46.0,47.2,51.5,49.5,48.6,38.3,50.2,41.4,40.8,42.7,49.9,37.0,36.8,49.5,50.3,38.9,40.1,31.9,46.2,33.2,44.4,28.0,48.4,44.7,43.6,46.9,46.5,48.8,60.8,46.5,46.7,45.8,200603.0
78,54.6,59.0,47.7,41.3,38.1,50.4,41.7,43.6,51.1,42.3,62.4,56.9,53.9,54.6,58.0,52.7,51.3,50.0,51.8,57.2,56.1,52.6,61.5,58.7,55.4,48.5,56.9,51.8,47.9,50.2,54.2,46.6,47.4,57.6,57.9,47.8,49.3,42.5,53.1,43.2,54.2,39.4,53.4,51.1,50.0,53.5,52.5,57.2,69.2,54.4,53.0,55.0,200604.0
79,62.8,71.2,58.9,52.7,48.2,61.0,53.3,54.1,63.2,53.5,75.2,66.1,66.2,65.6,68.2,59.2,63.5,61.8,63.0,67.5,67.6,57.2,76.0,69.9,64.6,60.5,66.4,64.5,54.9,58.3,58.3,56.9,58.6,68.9,67.8,60.4,61.4,53.3,62.8,54.7,66.2,50.1,58.6,60.2,56.7,61.7,60.0,68.1,81.5,63.5,61.8,67.2,200605.0
80,68.9,79.2,67.6,61.4,57.5,70.0,62.3,62.8,71.7,62.8,84.8,73.0,74.6,74.2,75.4,65.9,72.0,71.0,70.9,75.2,76.2,62.2,85.2,78.0,70.8,70.0,74.9,73.7,62.3,65.5,62.1,65.8,67.7,76.6,74.9,69.4,70.3,62.3,70.2,63.9,74.5,59.6,62.6,68.2,63.6,68.1,66.7,75.9,91.5,71.2,68.2,75.5,200606.0
81,74.4,85.2,74.2,67.9,64.0,77.1,68.8,70.5,78.8,69.9,90.5,77.7,80.7,80.5,81.0,69.9,79.1,77.7,77.6,81.5,81.2,65.6,90.2,82.9,76.3,77.1,80.9,80.2,68.0,71.6,64.2,73.2,75.0,83.2,80.7,76.3,77.1,70.3,76.2,70.7,80.3,66.3,66.6,75.2,68.8,73.5,72.6,80.8,95.9,76.4,74.3,81.4,200607.0
82,69.0,78.2,68.9,63.0,59.5,71.7,64.0,65.9,72.8,64.8,85.0,71.6,74.6,74.4,74.3,65.2,73.2,71.3,71.7,74.5,75.3,61.2,85.1,76.4,70.1,71.0,76.1,74.7,65.1,67.3,62.1,68.8,69.4,75.4,74.0,69.8,70.6,64.4,69.5,65.4,74.7,60.7,63.0,69.3,65.8,68.1,68.6,74.7,92.0,70.6,69.0,75.2,200608.0
83,67.3,74.7,65.0,58.8,54.5,68.7,59.4,61.3,69.8,59.1,79.6,69.6,70.9,71.7,71.8,64.7,70.0,67.2,69.2,71.4,72.2,61.1,78.2,73.1,68.7,67.0,72.8,70.8,62.3,65.2,60.9,64.4,65.9,71.8,71.5,66.0,66.8,58.8,67.8,61.6,71.4,54.5,62.1,67.2,63.1,65.9,66.5,71.8,85.7,69.0,67.0,71.8,200609.0
84,60.7,62.8,54.2,48.2,44.3,58.0,48.3,50.1,58.6,47.3,68.2,61.8,60.4,62.0,62.0,58.8,58.8,56.1,59.6,61.5,61.8,58.2,65.7,62.8,61.3,55.5,63.6,59.7,53.5,56.8,59.5,53.6,54.7,61.8,62.0,54.0,55.1,46.8,59.0,50.5,60.9,43.8,58.9,58.5,55.5,59.2,59.4,62.0,74.0,60.7,60.2,60.9,200610.0
85,53.6,54.5,45.7,39.2,37.9,48.7,39.3,39.3,49.5,37.4,62.0,54.2,50.2,58.6,54.3,52.6,49.8,48.8,52.4,53.6,52.4,53.6,58.5,54.2,53.8,48.1,60.4,48.2,44.6,49.2,54.6,43.1,46.0,53.9,54.3,47.4,48.2,36.8,54.8,43.3,50.7,37.8,53.6,55.6,48.3,53.7,56.4,53.9,66.5,52.5,52.6,51.3,200611.0
86,48.1,46.8,40.2,33.4,31.9,44.1,33.2,35.2,44.2,31.0,52.0,47.4,44.8,50.4,47.4,47.4,44.4,41.7,46.8,46.2,46.2,49.1,47.8,47.4,47.8,41.6,52.2,43.5,42.2,44.7,50.5,38.3,41.2,46.3,47.4,39.8,40.9,31.0,48.3,37.5,45.3,29.8,49.6,48.7,43.7,48.1,50.4,47.2,55.1,46.6,47.6,46.0,200612.0
87,46.0,43.7,37.8,31.6,27.8,43.1,31.2,33.5,42.4,28.1,49.5,45.7,43.9,47.7,44.9,46.1,42.7,38.6,43.5,43.9,45.4,47.5,45.6,45.5,45.8,39.1,48.5,43.5,38.8,41.9,48.6,36.9,38.8,43.9,44.9,36.3,37.6,28.5,45.2,35.0,44.7,26.1,47.2,45.6,40.1,45.0,47.1,45.7,52.9,45.4,44.9,44.4,200701.0
88,50.1,52.1,42.0,35.8,32.5,44.4,35.5,36.4,45.8,34.3,55.6,51.2,47.7,51.8,51.3,48.7,46.4,44.0,47.6,49.8,49.3,50.0,52.8,51.8,50.4,42.9,52.9,45.5,41.8,45.1,51.9,39.6,41.8,50.4,51.6,42.0,43.3,34.5,49.7,38.3,47.8,31.6,50.7,48.8,44.2,49.3,50.7,51.1,60.5,49.0,48.7,49.0,200702.0
89,56.1,60.6,49.5,42.6,39.3,53.4,42.7,44.3,54.3,42.9,63.0,58.2,56.3,58.6,58.9,54.9,54.2,52.1,55.1,58.2,58.1,54.4,61.9,59.7,57.5,50.9,58.6,54.7,47.7,52.0,55.4,48.0,49.5,58.4,58.8,49.7,51.4,42.7,56.1,45.5,56.8,39.4,54.2,54.0,49.7,55.3,55.3,58.7,68.1,56.1,55.2,57.2,200703.0
90,56.9,62.7,50.5,44.0,40.5,53.2,44.6,45.6,54.6,44.4,66.0,59.8,56.8,59.2,60.9,54.8,55.2,53.4,55.5,60.2,59.4,53.6,65.8,61.6,58.5,52.0,59.5,55.5,48.1,51.5,54.7,49.1,50.3,61.1,61.3,51.4,53.0,44.2,56.8,46.6,57.7,42.0,54.0,54.3,50.8,55.5,55.3,61.0,71.5,57.4,55.2,58.2,200704.0
91,61.6,70.8,59.0,52.7,48.8,61.5,53.1,54.6,63.0,53.5,74.0,65.7,65.7,64.8,67.5,59.4,63.4,62.1,62.3,66.9,67.8,56.7,74.5,69.4,63.5,61.0,65.3,64.5,54.8,57.7,57.4,57.1,58.7,68.3,67.5,60.1,61.4,53.4,62.1,54.9,66.1,50.8,57.4,58.9,56.3,60.5,59.0,67.9,80.0,63.6,60.5,66.9,200705.0
92,66.3,76.5,65.3,58.9,56.0,66.9,59.6,59.3,69.6,59.9,81.3,70.7,71.5,71.2,73.2,63.7,69.7,68.9,68.5,72.7,73.1,59.7,82.8,74.9,68.6,68.0,70.8,70.8,58.5,61.8,59.9,62.6,65.4,74.0,72.6,67.3,68.2,59.0,68.0,62.0,71.6,58.8,60.3,64.8,60.4,65.5,63.9,73.4,87.8,68.9,65.7,72.4,200706.0
93,70.1,81.1,71.8,66.7,64.3,73.2,67.4,68.6,74.9,69.1,87.6,73.5,76.7,77.3,76.6,67.2,75.2,74.6,73.7,76.7,77.3,62.2,89.1,78.5,71.4,74.1,77.0,76.8,66.6,68.7,62.8,71.0,72.3,78.0,76.3,73.4,73.8,69.4,72.5,68.9,76.6,67.0,63.6,71.4,68.4,70.1,68.9,76.8,93.6,72.7,70.0,77.4,200707.0
94,70.9,81.1,71.2,65.2,62.8,73.0,65.6,66.6,75.2,66.4,87.8,73.8,76.0,77.6,76.9,67.6,75.4,74.0,73.9,77.0,77.0,63.1,87.7,78.2,72.4,73.5,78.9,75.5,65.5,68.4,63.2,69.8,72.0,78.0,76.6,72.7,73.4,66.1,72.8,68.1,75.8,64.0,64.4,72.0,67.4,70.4,69.4,76.6,94.3,72.8,70.5,76.8,200708.0
95,66.6,72.3,61.8,55.9,52.1,65.1,56.8,58.2,65.2,55.9,79.0,68.6,67.9,69.5,69.8,63.6,65.8,64.8,66.2,69.6,69.0,61.1,77.3,70.6,67.4,63.5,71.3,66.8,60.9,63.4,62.8,62.6,61.8,70.7,70.3,63.2,63.7,55.7,66.3,58.1,68.1,53.4,62.9,65.3,62.9,65.5,65.2,69.8,85.7,67.4,65.5,68.0,200709.0
96,60.1,63.2,53.0,46.7,44.1,55.7,46.7,46.6,57.3,45.2,69.7,61.3,58.5,63.4,61.9,57.5,58.0,56.3,59.3,61.9,60.1,57.1,66.6,61.8,60.6,55.4,65.3,56.8,52.1,55.0,58.9,50.9,53.4,62.4,62.3,54.3,55.4,44.8,60.3,50.3,58.6,44.7,58.1,60.2,54.3,59.4,60.4,61.4,74.8,59.8,59.2,59.0,200710.0
97,55.4,56.5,49.2,42.5,40.3,52.4,41.4,42.0,53.7,39.9,63.0,56.1,54.5,58.7,56.3,54.0,54.2,51.4,54.9,55.9,55.8,54.9,59.8,56.7,56.2,51.8,60.1,53.3,46.1,50.7,55.9,45.9,49.8,56.3,56.3,50.0,50.9,39.3,55.7,47.3,55.0,39.2,54.8,55.1,48.8,55.0,56.1,56.1,67.2,54.8,54.4,55.4,200711.0
98,46.5,45.0,37.0,30.4,28.8,41.4,31.0,31.7,40.8,27.9,49.4,46.5,42.8,47.6,45.9,46.2,41.0,39.0,43.4,45.2,44.5,47.5,45.1,46.0,46.3,38.1,49.5,41.1,39.1,41.7,48.8,35.9,37.4,45.4,45.9,36.9,38.1,26.7,45.4,34.1,43.5,26.9,47.6,45.8,40.6,45.6,47.4,46.1,52.9,45.3,45.0,43.3,200712.0
99,46.0,46.8,36.5,29.3,27.4,40.7,29.1,30.5,40.2,26.5,49.8,45.5,42.2,47.2,45.8,45.7,40.9,39.2,44.4,45.1,43.4,46.8,45.3,45.1,45.1,37.8,49.6,40.1,38.0,42.2,47.8,35.2,37.2,45.9,45.7,37.7,38.7,26.2,46.7,33.5,42.4,24.9,47.1,46.2,40.4,46.7,48.3,45.2,54.0,44.7,44.8,42.6,200801.0
100,49.6,50.7,41.1,33.2,31.7,45.7,32.8,36.4,45.8,32.3,54.3,50.2,46.5,51.0,50.2,48.8,45.8,43.2,47.4,49.4,49.6,49.9,51.4,50.8,50.2,42.8,52.2,46.0,41.6,45.5,51.0,39.8,41.6,49.9,50.4,41.5,42.8,32.4,49.3,37.7,47.9,29.5,49.9,48.1,43.5,49.0,50.0,49.9,59.6,48.8,48.3,48.0,200802.0
101,52.8,56.5,44.9,38.1,34.8,47.8,37.7,37.8,49.9,36.4,60.8,54.9,51.5,55.8,55.3,50.9,49.9,47.8,51.0,54.0,53.4,51.2,58.2,55.8,54.0,46.9,56.6,49.3,42.1,46.8,53.0,42.5,45.1,55.2,55.1,45.9,47.3,35.4,52.5,41.3,51.4,34.8,51.7,51.8,45.4,52.0,52.7,55.0,66.2,52.4,51.4,52.7,200803.0
102,55.3,60.9,48.2,41.1,38.3,50.5,41.6,41.6,52.9,40.8,65.7,58.2,55.1,59.0,58.8,53.0,53.2,51.8,53.7,58.1,57.0,52.7,63.8,59.5,56.8,50.9,60.1,53.1,45.1,49.4,54.0,45.6,48.2,59.1,59.2,50.3,51.4,40.0,55.4,45.0,55.2,40.0,53.4,54.2,48.0,54.0,54.7,58.5,71.4,55.4,53.8,56.2,200804.0
103,61.7,69.0,57.3,50.6,45.6,60.6,51.5,52.4,61.7,51.2,70.1,66.0,65.4,62.3,67.7,59.7,61.9,60.0,60.8,66.4,67.3,56.7,69.7,69.3,63.7,58.7,62.6,63.8,54.2,57.8,57.2,56.1,56.8,67.2,67.4,57.3,59.0,50.8,60.4,52.4,65.6,46.8,57.5,57.8,56.2,59.5,58.3,67.9,76.4,63.6,60.2,66.3,200805.0
104,67.4,77.3,65.6,58.6,54.9,68.2,59.2,59.2,70.6,59.0,83.7,71.8,72.5,73.2,74.0,64.5,70.9,69.2,69.3,73.4,74.4,60.7,83.5,76.0,70.1,68.6,73.4,71.4,58.5,62.7,60.4,62.3,65.9,74.9,73.5,67.6,68.7,57.8,68.8,62.0,72.4,57.0,61.2,67.0,60.1,66.4,65.3,74.2,90.0,70.0,66.7,73.4,200806.0
105,70.5,82.4,71.8,66.1,62.9,74.2,66.7,67.9,75.6,67.8,87.3,73.9,77.3,76.7,76.9,67.0,76.2,74.7,74.2,77.2,78.5,62.0,87.8,79.2,72.1,74.4,76.7,77.4,65.6,69.0,61.9,69.8,72.5,78.7,76.6,73.7,74.4,67.5,73.4,68.9,77.6,65.6,63.8,71.3,66.3,70.2,69.2,77.2,93.3,73.0,70.6,78.1,200807.0
106,71.3,82.9,72.1,66.6,63.1,74.6,67.6,67.1,76.0,67.4,86.7,74.8,77.5,77.0,77.5,68.7,76.3,74.7,74.3,77.5,78.7,63.9,87.4,79.5,73.3,74.3,77.2,77.4,66.0,69.3,63.2,70.3,72.8,79.1,77.3,73.6,74.5,66.4,73.7,69.1,77.8,64.8,64.5,72.2,67.1,70.8,70.2,78.0,92.4,73.9,71.1,78.3,200808.0
107,69.4,76.9,67.1,60.8,56.7,69.7,61.4,63.6,71.7,61.0,82.5,71.3,72.9,74.0,73.5,65.7,72.0,69.4,71.0,73.4,73.5,63.3,81.3,74.5,70.8,69.6,74.9,72.5,65.5,66.7,63.5,67.1,67.9,74.5,73.2,68.2,69.0,60.2,70.1,63.6,73.0,56.3,64.3,69.2,65.6,68.5,68.2,73.0,88.7,70.3,68.8,73.5,200809.0
108,63.5,66.8,57.0,50.2,46.5,60.6,50.2,51.5,61.8,49.0,72.2,64.9,62.9,67.0,65.2,61.5,62.2,59.3,63.4,64.9,64.5,61.0,69.4,65.6,64.8,58.9,68.4,61.6,54.1,58.4,61.6,54.8,57.7,65.6,65.2,57.4,59.0,49.0,63.5,53.6,63.3,45.7,61.2,62.6,56.1,62.9,63.0,64.9,77.2,63.8,63.2,63.6,200810.0
109,56.3,57.0,49.4,43.0,40.2,52.8,42.4,43.4,53.1,41.7,64.1,56.6,54.4,59.6,56.7,55.3,53.5,51.1,55.1,56.1,56.0,55.8,59.8,57.2,56.4,50.8,61.8,53.4,48.7,52.1,57.3,46.6,49.7,56.7,56.6,49.6,50.7,41.8,56.8,46.4,54.9,39.8,56.1,56.8,50.6,56.6,58.4,56.4,68.1,55.4,55.7,55.3,200811.0
110,45.8,44.5,38.0,31.7,30.5,41.7,31.0,32.6,41.4,29.3,51.2,45.0,42.3,48.2,44.5,44.9,41.7,39.4,44.5,44.1,43.8,46.6,46.3,44.8,45.2,39.2,51.1,41.6,38.8,41.9,48.7,36.3,38.8,44.5,44.6,37.6,38.7,28.6,46.6,35.4,42.8,27.9,47.4,46.4,40.8,46.4,48.8,44.6,55.6,44.2,45.4,42.9,200812.0
111,49.5,47.7,42.9,35.7,33.8,48.3,35.0,37.3,47.2,33.2,56.2,48.8,48.0,53.6,48.0,49.6,46.9,43.4,49.1,47.7,50.0,50.9,51.6,49.3,49.4,44.3,55.7,48.3,44.2,46.7,51.8,41.4,44.0,47.8,47.9,42.3,42.9,33.4,50.9,40.0,48.8,32.7,52.0,51.8,44.7,50.8,53.3,49.0,59.8,49.3,49.9,48.5,200901.0
112,49.3,50.9,40.7,33.8,30.8,43.4,34.0,36.3,45.1,33.7,53.6,50.1,46.6,49.6,50.9,48.3,45.6,43.2,46.9,49.8,48.4,49.3,49.9,51.0,49.5,41.8,52.0,44.4,41.7,45.0,51.4,39.1,40.9,50.7,51.0,40.5,42.2,33.9,49.0,36.8,46.8,29.7,50.2,46.4,43.9,49.4,49.1,50.0,59.4,48.0,48.1,47.6,200902.0
113,52.4,55.5,43.1,36.8,32.8,47.5,37.1,38.1,48.2,36.2,59.4,54.3,50.5,53.3,54.6,51.0,48.4,46.4,50.1,53.3,52.7,51.2,56.6,54.8,53.2,45.1,55.1,48.6,43.0,47.3,52.7,42.9,43.1,54.4,54.8,44.3,45.8,35.6,51.6,39.4,50.9,33.4,51.5,49.2,45.9,51.4,51.1,54.4,65.4,51.9,50.6,51.3,200903.0
114,56.0,60.9,48.8,42.8,38.4,51.9,43.2,44.5,53.0,42.3,64.0,58.7,56.4,57.4,59.6,54.1,53.2,51.7,54.4,58.7,58.4,53.3,62.2,60.8,57.2,50.1,58.3,54.3,47.8,50.8,55.2,47.9,48.5,59.8,59.6,49.6,51.0,42.2,54.9,44.4,56.7,39.0,54.5,52.4,49.8,54.6,53.6,59.5,69.8,56.1,54.4,56.8,200904.0
115,63.2,74.3,60.9,54.7,50.4,62.9,54.9,55.1,65.2,55.1,78.1,66.9,67.4,68.0,69.5,60.1,66.1,65.0,65.2,69.5,69.8,57.3,78.5,71.4,65.0,63.7,68.5,66.1,56.0,59.0,57.5,58.1,60.8,71.1,69.5,63.4,64.7,54.1,65.4,57.2,67.8,53.0,58.4,62.5,57.5,63.0,61.8,69.4,84.5,64.4,62.6,68.6,200905.0
116,65.9,74.8,62.6,56.5,51.4,65.5,57.5,59.0,66.4,57.5,77.2,69.3,69.8,66.4,71.5,62.3,66.9,65.1,66.1,71.1,71.7,59.5,77.0,73.6,66.9,63.8,67.9,68.9,60.9,62.4,60.8,62.5,62.1,72.0,71.1,63.5,64.3,57.7,65.6,57.8,70.0,53.2,60.8,61.8,62.0,64.8,63.1,71.8,84.2,67.2,65.2,70.5,200906.0
117,69.8,83.5,72.2,66.3,63.1,75.0,67.3,69.9,76.4,68.2,89.2,73.3,77.5,77.8,76.9,65.9,77.0,75.6,74.4,77.4,79.1,60.7,89.8,79.5,71.8,75.2,78.5,78.2,67.7,69.3,60.7,72.2,72.8,79.4,76.2,74.8,75.3,68.0,73.7,69.1,77.9,65.0,62.8,71.5,68.2,70.2,69.4,77.2,96.2,72.5,70.6,78.7,200907.0
118,70.8,80.0,69.8,64.3,59.5,72.7,65.4,66.4,74.1,65.5,85.8,73.5,75.6,75.8,76.1,67.2,74.7,72.5,73.6,76.4,76.8,63.3,85.4,77.8,72.2,72.0,76.8,75.5,66.4,68.2,63.5,69.5,70.3,77.6,75.5,71.0,72.1,64.9,72.0,66.2,75.8,61.2,64.7,70.1,67.6,70.3,68.6,76.3,92.8,72.6,70.8,76.4,200908.0
119,71.1,77.8,68.6,62.3,58.4,71.2,63.0,63.5,72.7,62.5,83.3,73.5,74.0,75.4,75.6,67.7,73.1,71.1,72.6,75.3,75.2,64.9,82.3,76.6,73.0,70.5,75.8,73.2,64.2,67.8,64.1,67.4,69.2,76.6,75.2,69.4,70.6,62.0,71.9,65.0,74.3,59.0,65.0,70.6,66.4,69.9,68.9,75.5,89.5,72.4,70.4,74.8,200909.0
120,60.8,62.6,53.3,47.3,43.4,57.0,47.7,48.1,57.2,45.9,67.5,62.1,59.0,62.5,62.3,59.1,57.4,55.4,59.2,61.6,61.4,58.3,64.8,62.7,61.2,54.3,63.7,58.1,52.5,56.3,59.3,52.6,53.5,62.2,62.2,53.2,54.4,45.0,60.2,49.2,59.9,43.0,59.3,59.0,55.3,59.7,60.0,62.1,73.1,60.8,59.9,59.8,200910.0
121,53.1,53.3,46.7,40.4,38.2,49.3,39.8,39.3,50.8,38.0,61.1,54.0,51.6,57.0,53.8,52.4,50.9,48.3,52.2,53.1,52.6,53.6,57.4,54.1,53.6,48.6,58.9,49.9,44.7,48.4,55.1,42.8,47.2,53.7,53.6,47.2,47.8,37.3,53.3,44.1,51.4,37.4,53.4,53.5,46.9,52.8,54.8,53.8,65.5,52.6,52.5,52.5,200911.0
122,46.4,46.5,37.4,29.7,28.2,41.9,29.1,32.1,42.0,26.1,50.6,45.8,42.7,48.4,45.5,46.0,42.2,40.1,45.0,45.6,43.7,47.2,45.5,45.1,45.8,39.3,50.6,41.1,39.5,42.6,48.6,36.2,38.1,46.2,45.7,38.4,39.3,27.2,47.3,34.9,42.9,25.4,48.1,46.6,41.5,47.1,48.7,45.3,54.7,44.9,46.1,43.6,200912.0
123,48.4,47.9,41.0,35.0,32.4,44.8,35.1,37.6,44.8,33.9,53.1,47.7,45.5,50.9,48.0,48.4,45.5,42.4,48.0,47.6,46.6,49.1,48.7,47.9,47.7,42.4,53.0,44.1,44.3,46.9,50.4,41.2,41.8,48.1,48.0,40.6,41.4,35.5,50.2,37.9,46.1,28.6,50.5,49.2,46.9,50.5,51.5,47.5,57.6,47.0,48.4,46.1,201001.0
124,51.1,51.9,42.7,36.4,33.0,45.8,36.0,37.9,46.6,35.9,54.8,52.1,48.4,50.9,52.4,50.2,46.7,44.1,48.6,51.1,50.0,51.5,51.3,52.6,51.4,43.0,52.5,46.1,44.9,47.4,52.7,42.0,42.8,52.4,52.2,41.8,43.4,35.5,50.1,38.0,48.3,30.9,51.5,47.7,47.0,50.5,50.1,51.8,59.7,50.0,49.8,49.6,201002.0
125,52.5,54.8,43.6,37.3,33.3,47.2,37.7,39.1,48.4,37.2,57.9,54.1,50.2,53.8,54.2,50.4,48.7,46.4,50.2,52.7,52.4,51.6,55.3,54.7,53.4,45.3,54.8,48.1,43.8,47.1,53.8,42.9,43.4,53.9,54.1,44.3,45.6,37.1,51.6,39.7,50.5,32.6,52.2,50.3,46.7,51.7,52.0,53.6,63.4,51.6,51.1,51.4,201003.0
126,53.2,56.7,44.6,38.4,34.6,47.8,39.0,40.1,48.5,39.0,61.5,55.3,50.9,54.3,55.7,50.8,49.2,47.2,50.6,54.5,53.5,51.1,59.5,56.2,54.1,45.8,55.9,49.2,45.3,47.7,53.6,43.8,44.2,55.4,55.9,46.0,46.8,39.3,52.5,40.5,51.8,35.5,52.2,50.2,47.8,52.2,51.8,55.2,67.5,52.4,51.6,52.3,201004.0
127,57.7,63.7,49.9,43.8,39.5,52.8,44.2,45.3,54.3,44.3,68.8,60.7,57.5,60.0,61.6,54.5,54.8,53.8,56.9,60.7,59.6,53.5,66.9,62.5,59.0,51.8,60.9,55.1,49.3,51.5,55.4,48.8,49.6,61.7,61.9,52.1,53.2,44.1,57.8,45.8,57.3,41.2,54.6,55.8,51.7,56.9,56.7,61.2,75.2,57.7,56.3,58.6,201005.0
128,66.3,75.9,63.3,57.1,53.2,66.1,58.1,57.3,67.6,58.0,79.8,70.3,70.7,69.3,73.0,63.5,68.2,67.2,67.4,72.0,73.0,59.9,81.1,75.0,68.0,66.0,68.9,69.1,58.4,61.7,59.9,60.9,63.4,73.2,72.6,65.8,66.8,56.7,66.9,59.8,71.3,56.7,60.3,63.7,60.0,65.2,62.6,73.1,86.6,68.6,65.2,71.5,201006.0
129,68.7,81.2,71.0,65.6,62.1,73.5,67.1,69.2,74.7,68.3,86.8,71.7,76.8,74.6,75.4,64.3,75.3,74.1,72.7,75.8,77.9,59.4,88.6,78.2,69.8,73.6,74.8,77.8,67.0,68.0,60.0,71.8,71.7,77.2,74.9,73.2,73.8,67.3,70.6,67.9,77.5,64.8,61.9,68.5,66.8,68.3,66.6,75.8,94.1,70.8,68.9,77.4,201007.0
130,67.6,78.6,67.6,61.8,58.3,70.9,63.2,65.8,71.5,64.3,85.3,70.2,73.5,74.0,73.0,64.2,72.0,71.0,70.9,73.1,74.8,60.3,84.9,75.3,68.7,70.1,75.2,73.8,65.4,66.8,60.6,68.7,68.1,74.8,72.6,69.8,70.4,63.8,69.7,64.6,74.1,60.8,62.4,68.3,66.2,67.6,66.9,73.3,92.5,69.4,68.1,74.1,201008.0
131,69.1,74.9,65.6,58.8,56.0,68.6,59.6,60.4,70.1,59.4,81.2,71.1,71.2,72.2,73.1,66.2,70.2,68.1,70.2,72.4,72.6,63.6,80.6,73.8,70.3,67.6,73.0,70.5,62.9,65.3,63.3,64.4,66.3,73.3,72.6,66.3,67.6,58.4,69.0,62.2,71.4,56.5,64.0,67.2,64.4,67.8,66.7,72.8,88.0,70.3,68.6,71.8,201009.0
132,62.3,66.8,56.0,49.8,45.4,58.9,51.0,51.5,60.2,49.8,69.2,63.7,62.2,62.6,64.7,60.0,60.9,58.3,61.2,64.2,63.0,59.0,67.2,64.8,63.0,57.0,63.8,60.4,54.6,58.2,60.0,54.9,56.2,65.6,64.8,56.8,57.8,49.7,62.1,52.1,62.2,45.5,60.1,59.8,57.0,61.7,60.7,64.4,74.6,62.2,61.6,63.0,201010.0
133,52.7,53.0,44.0,37.2,34.2,48.1,37.3,38.0,47.7,35.3,58.1,53.6,49.8,53.8,52.7,52.0,47.9,46.2,50.6,51.9,52.2,53.0,54.2,53.6,52.8,45.2,55.4,48.4,44.1,47.6,54.7,42.2,44.0,53.0,52.7,44.3,45.7,34.7,52.0,40.5,50.8,34.0,53.3,51.6,46.0,52.0,53.1,53.4,62.7,52.2,51.3,50.8,201011.0
134,49.8,50.2,40.7,34.3,32.8,44.1,34.5,35.6,44.9,33.8,54.7,49.6,46.2,51.3,50.0,49.1,45.1,43.6,47.4,49.3,47.7,50.4,50.5,50.0,49.2,42.0,53.8,43.4,43.0,46.4,51.5,39.9,41.3,49.8,50.3,41.7,42.8,32.9,50.3,37.6,46.4,31.7,51.1,49.6,44.8,50.0,51.6,49.4,59.0,48.0,48.7,46.9,201012.0
135,48.2,45.4,41.6,35.3,33.8,46.6,34.6,37.1,45.0,33.3,53.7,46.8,45.4,51.5,46.1,48.6,44.8,42.1,48.1,45.5,46.8,49.3,49.2,46.3,47.5,42.2,53.7,45.8,43.6,46.6,50.6,41.3,42.8,45.2,46.0,39.9,41.2,32.7,50.0,38.0,46.1,31.1,50.8,50.0,45.4,50.3,52.0,46.4,57.0,47.4,49.0,46.4,201101.0
136,48.0,48.6,38.5,31.2,27.6,43.5,31.7,34.5,43.3,30.4,51.4,48.9,45.3,47.9,48.6,47.0,43.6,41.0,45.1,47.2,47.5,48.5,48.3,48.9,48.6,39.8,49.6,44.3,41.0,43.1,50.4,38.3,38.8,48.3,48.5,39.2,40.5,30.4,46.7,34.5,46.4,27.4,49.0,45.0,42.3,47.1,47.0,48.5,55.7,47.3,46.5,46.5,201102.0
137,51.7,54.2,41.6,35.0,33.0,44.8,35.3,37.3,46.4,35.9,59.9,52.9,48.1,53.6,53.1,49.4,46.6,45.5,49.6,52.4,50.2,50.6,57.1,53.0,51.9,43.5,55.4,45.8,43.3,46.1,53.0,40.7,41.7,53.3,53.8,43.6,45.1,35.5,51.4,37.9,48.4,33.0,52.0,49.7,45.9,51.4,51.6,52.3,66.2,50.2,50.1,48.9,201103.0
138,54.7,59.9,46.4,39.8,36.4,49.9,40.2,40.4,51.0,39.6,65.2,57.6,53.9,57.8,58.1,52.8,51.8,50.5,53.3,57.3,56.6,52.4,63.0,59.1,55.7,48.8,59.3,51.5,44.9,49.0,54.5,45.0,46.4,58.6,58.6,48.9,50.0,38.5,55.2,42.8,54.2,38.2,53.3,53.3,47.5,54.2,54.8,58.2,71.6,55.2,53.2,54.7,201104.0
139,57.6,64.2,50.7,44.9,40.6,55.0,45.7,46.4,55.0,45.6,68.6,60.8,58.0,60.4,61.6,55.4,55.2,54.6,57.9,60.8,61.3,53.1,67.6,63.3,59.0,52.7,61.3,55.9,50.2,52.7,55.5,50.0,50.6,62.2,61.7,53.0,54.2,45.2,57.6,46.5,58.2,42.7,54.9,56.2,52.6,57.2,56.5,61.9,74.9,58.3,56.6,59.2,201105.0
140,64.2,73.1,60.0,54.3,50.0,64.3,55.6,55.9,63.9,55.9,78.6,67.4,67.0,67.1,69.4,60.8,64.6,63.7,65.6,69.2,70.6,57.4,79.0,71.6,65.7,61.6,68.2,66.4,58.2,60.2,59.0,60.1,59.4,70.8,69.3,62.8,63.8,54.8,65.0,56.2,68.2,53.4,59.2,61.7,59.9,63.7,61.7,69.8,86.0,65.7,63.0,67.9,201106.0
141,69.1,80.1,67.9,62.6,58.7,72.1,64.0,64.8,71.6,64.8,85.4,72.3,74.4,74.7,75.1,65.1,72.6,72.2,72.4,75.7,76.2,60.4,85.8,76.9,70.2,70.7,75.2,74.4,64.7,67.0,61.3,67.9,68.0,77.0,74.7,71.2,71.5,64.3,71.2,64.7,75.4,62.0,62.7,70.1,65.8,69.0,68.4,75.5,92.4,71.2,69.1,75.0,201107.0
142,69.0,79.7,69.3,63.4,60.1,72.3,64.4,67.0,72.8,65.6,87.7,71.7,75.0,76.0,75.1,65.4,73.5,72.7,71.6,75.4,75.6,60.6,87.4,76.3,70.7,71.6,76.7,75.2,66.8,68.2,61.0,69.5,69.5,76.6,74.9,71.6,72.2,65.9,71.2,66.2,75.6,62.8,62.6,70.6,66.7,68.3,68.2,74.6,95.1,70.6,68.9,75.9,201108.0
143,70.1,77.8,68.4,62.1,57.8,71.6,62.9,64.3,72.0,62.8,81.8,72.8,74.6,72.9,75.4,67.5,72.8,70.5,70.7,74.9,75.5,63.6,80.8,76.6,71.6,69.7,73.4,74.3,64.2,68.0,62.9,67.4,68.2,75.8,74.8,68.8,69.7,62.8,70.5,64.2,75.3,57.9,64.2,68.1,65.6,68.8,67.4,75.6,88.5,72.0,69.6,75.3,201109.0
144,63.2,66.8,56.3,49.6,46.7,60.2,50.0,50.1,59.9,49.4,71.3,64.3,61.4,64.8,64.6,61.1,60.6,59.0,62.6,64.6,63.2,59.9,69.1,64.5,63.9,58.0,66.0,60.7,54.7,59.0,61.9,54.3,56.3,65.1,64.6,57.1,58.5,48.7,62.9,52.7,62.1,47.1,62.0,61.0,57.2,62.6,62.3,64.5,77.2,62.9,62.8,62.2,201110.0
145,51.7,52.2,44.6,37.7,36.4,47.2,37.1,38.8,48.4,35.9,56.8,51.7,48.8,53.5,52.2,50.2,48.6,46.1,49.9,51.3,50.4,51.2,53.2,52.0,51.8,45.4,55.8,47.4,43.9,47.8,53.5,42.5,45.1,51.9,52.0,44.3,45.4,35.6,52.3,41.3,49.0,34.4,52.2,51.4,46.3,51.3,53.0,51.4,61.9,49.9,50.5,50.0,201111.0
146,47.6,44.2,41.2,34.3,31.2,44.4,34.0,34.3,44.3,31.2,49.4,46.9,46.2,48.4,46.8,47.7,43.6,40.2,44.8,44.9,45.9,48.8,45.6,46.8,47.6,41.1,49.8,45.1,39.8,44.1,50.1,37.3,41.5,45.2,45.9,38.5,39.4,31.8,46.4,36.9,46.2,28.4,48.5,46.6,41.0,46.4,48.3,46.9,52.9,47.2,46.7,46.8,201112.0
147,49.4,48.3,42.9,36.6,35.6,46.0,35.4,36.0,47.4,34.0,55.6,48.7,47.0,53.6,48.6,48.7,47.4,44.0,49.3,47.9,47.7,50.4,51.6,48.5,49.3,44.8,55.3,45.7,42.3,45.2,51.0,38.9,44.2,48.8,48.4,42.8,43.6,33.6,50.2,40.8,46.8,33.4,50.6,51.2,43.4,50.1,52.5,48.6,58.8,48.1,49.3,47.9,201201.0
148,50.9,51.7,41.8,35.1,31.6,45.9,35.1,36.2,46.3,33.2,55.1,51.8,48.0,51.1,51.5,50.2,46.7,43.9,48.2,50.4,50.2,50.8,52.0,51.8,51.3,43.0,52.3,46.9,41.3,46.2,52.2,40.9,42.2,51.5,51.6,41.7,43.4,32.7,49.8,38.3,48.7,31.0,50.8,48.2,44.6,49.8,50.7,51.8,59.7,50.1,49.4,49.4,201202.0
149,51.2,55.1,42.8,36.4,34.2,44.8,36.6,36.7,46.7,37.2,58.7,52.6,47.6,52.8,53.0,48.8,47.2,46.9,50.1,52.2,50.2,49.8,57.2,53.0,51.5,44.9,54.6,46.2,41.1,45.6,52.0,40.1,42.5,53.8,53.2,44.5,46.2,36.3,51.3,39.3,48.9,35.6,51.0,48.7,44.7,51.2,50.8,52.4,64.2,50.0,49.9,49.6,201203.0
150,56.8,61.7,49.9,43.6,40.3,51.9,43.7,44.8,53.6,44.8,66.6,59.0,55.5,58.8,59.9,54.1,54.3,52.5,55.3,59.0,58.0,53.9,65.2,60.9,57.7,51.5,59.7,53.7,47.7,51.4,55.5,48.0,49.5,60.3,60.3,50.9,52.3,44.5,56.6,45.9,56.0,42.0,55.2,54.2,50.6,55.8,54.9,59.5,72.2,56.3,55.2,57.2,201204.0
151,62.0,70.2,58.0,51.8,47.6,60.7,52.3,52.5,62.1,52.2,75.3,65.6,64.8,65.6,67.5,59.5,62.7,61.3,62.3,66.7,67.5,56.6,75.6,69.4,64.0,60.0,65.9,63.3,53.5,57.0,57.6,55.6,57.6,68.3,67.5,59.6,60.9,51.0,62.7,54.0,65.3,50.3,57.2,60.6,55.2,60.7,59.7,67.9,82.0,63.5,60.9,66.2,201205.0
152,66.0,75.0,63.3,56.9,54.4,64.9,57.3,56.2,67.3,57.6,81.7,70.2,69.4,70.0,72.0,62.5,67.7,67.3,67.1,71.3,72.0,59.2,82.4,74.1,67.5,65.9,70.3,68.5,56.6,60.9,60.1,60.0,63.2,72.7,71.4,65.7,66.7,56.0,67.0,60.3,70.2,57.9,60.4,64.4,59.3,64.8,63.4,72.5,88.8,68.1,65.0,70.9,201206.0
153,69.2,79.7,69.9,64.3,61.7,72.2,65.0,66.8,74.1,67.0,85.2,72.4,75.4,74.3,75.8,65.5,74.5,73.1,72.2,75.8,76.6,60.7,85.6,77.9,70.4,72.3,75.0,75.1,64.7,67.2,61.0,68.8,70.6,77.2,74.9,71.4,72.4,66.9,70.6,67.1,75.7,64.1,62.6,69.0,65.7,68.2,67.2,75.4,91.8,71.1,69.0,76.4,201207.0
154,71.0,83.5,73.3,67.2,63.9,75.4,67.9,70.2,77.6,69.0,88.2,74.0,77.9,79.8,77.9,66.5,78.1,76.6,75.9,78.3,78.9,61.7,88.2,79.6,73.2,76.5,79.3,78.1,68.0,69.8,61.0,72.6,73.9,80.1,77.0,75.2,75.9,68.9,75.2,70.4,78.5,65.5,62.9,75.0,69.4,71.6,71.0,77.6,94.0,73.0,71.8,79.2,201208.0
155,68.1,78.5,69.0,63.0,59.1,70.4,63.4,65.5,73.4,63.4,83.6,70.4,74.1,76.3,74.6,63.7,73.8,71.6,71.2,74.4,74.4,59.5,82.4,75.5,70.5,71.4,76.7,73.7,65.4,66.6,59.6,67.8,69.3,75.5,73.3,70.0,70.9,63.2,71.6,65.6,73.9,59.2,61.0,71.6,66.3,67.7,69.0,73.4,89.3,69.1,68.8,75.1,201209.0
156,63.2,66.4,57.1,50.9,48.0,59.9,51.6,52.7,60.8,51.1,72.0,64.9,62.3,66.3,65.1,61.4,61.5,59.5,63.2,65.0,64.2,60.7,69.7,65.6,63.8,58.6,67.2,61.4,54.7,59.4,61.4,56.3,57.5,66.0,65.2,57.4,58.7,50.0,63.6,54.0,63.1,48.3,61.8,62.6,57.9,62.8,62.9,65.0,77.7,63.4,62.6,63.3,201210.0
157,55.6,56.0,47.7,41.7,38.8,50.6,41.2,42.1,51.7,40.2,62.0,55.4,52.5,57.6,56.0,54.2,51.9,50.0,54.2,55.5,54.1,55.2,58.7,56.0,55.5,49.0,59.6,51.0,47.2,51.4,56.8,45.6,48.2,56.2,56.0,48.7,49.5,40.1,55.9,44.4,53.2,38.2,56.3,54.6,50.0,55.4,56.6,55.1,66.8,54.2,55.1,53.9,201211.0
158,47.7,48.1,37.3,30.7,26.0,42.6,32.0,32.3,41.0,29.4,52.4,47.7,43.5,48.7,47.4,47.2,41.9,41.0,44.7,46.6,45.5,49.0,47.9,47.4,47.2,39.0,51.4,42.0,38.7,43.5,50.2,36.9,37.7,47.5,47.5,39.7,40.1,27.7,48.2,33.6,44.6,26.9,49.9,46.9,41.6,47.4,48.8,47.1,57.3,46.5,46.1,44.6,201212.0
159,45.8,45.1,38.8,30.5,29.0,43.8,28.4,33.2,42.9,25.4,50.6,45.4,43.9,48.3,45.2,46.4,42.9,39.7,45.3,44.8,45.5,47.4,45.8,45.4,45.9,39.8,49.8,43.8,40.7,43.4,48.2,37.5,39.4,45.3,45.0,38.1,39.4,26.9,47.3,35.8,44.6,26.6,48.3,47.2,41.2,47.2,48.4,45.1,54.2,45.4,46.1,44.6,201301.0
160,48.8,49.4,41.2,34.2,30.6,46.1,34.6,36.8,45.5,33.0,53.0,50.4,47.8,50.2,50.1,49.4,45.4,42.6,47.0,48.3,49.6,49.9,50.0,50.8,50.4,41.9,50.7,47.0,42.2,45.2,50.5,40.8,41.3,49.3,49.7,40.5,42.0,32.6,48.5,37.0,48.0,29.9,49.2,47.7,43.4,47.9,48.7,50.1,57.7,49.3,47.8,48.8,201302.0
161,55.2,59.4,48.2,41.7,38.5,50.7,42.0,43.0,53.1,41.3,64.0,56.7,54.2,58.2,57.7,52.7,53.6,51.7,54.4,57.0,55.5,53.5,62.1,58.0,56.4,49.7,58.8,52.7,46.8,50.0,53.9,46.6,48.3,58.4,57.4,49.4,51.0,40.6,56.0,44.6,54.3,39.7,53.9,53.9,48.4,54.7,54.1,56.7,69.8,54.1,54.5,55.5,201303.0
162,60.0,65.3,52.9,46.0,41.6,57.0,46.5,46.7,57.9,45.4,67.8,63.2,60.0,61.1,64.2,58.0,58.3,55.8,58.8,62.9,62.7,57.3,66.7,64.4,61.9,54.6,60.7,58.8,50.9,54.1,57.6,51.2,52.6,64.0,63.9,54.0,55.8,43.9,59.7,48.6,60.5,43.3,57.2,56.7,52.2,58.4,56.7,64.0,73.5,60.9,58.4,61.3,201304.0
163,63.0,70.5,58.1,51.0,46.3,60.6,51.8,53.3,62.5,51.9,74.3,67.3,65.3,65.9,68.9,60.5,62.7,61.3,62.8,67.5,67.6,58.5,73.4,70.0,64.8,59.9,66.6,64.0,55.0,58.3,59.4,56.6,57.6,68.9,68.6,59.3,60.8,51.4,63.9,53.7,65.8,49.4,59.2,62.2,57.2,62.2,61.6,68.7,80.7,64.7,61.8,66.6,201305.0
164,68.3,78.3,66.4,60.4,57.2,68.5,61.1,61.7,70.9,61.4,83.5,72.0,72.8,72.7,74.6,64.6,71.1,70.7,70.3,74.2,74.6,61.0,84.7,76.2,70.0,69.6,73.1,72.6,61.8,64.4,61.8,65.1,66.6,75.4,73.9,69.0,70.1,60.2,69.8,63.3,73.7,60.5,62.4,67.4,63.0,68.0,65.4,74.2,90.1,70.0,67.4,73.9,201306.0
165,71.1,84.5,73.2,67.9,64.0,76.0,69.4,72.1,77.6,70.8,87.6,74.4,78.5,76.8,77.8,66.0,78.0,76.8,75.2,78.8,79.6,61.9,88.8,80.3,72.5,76.2,77.4,79.4,70.7,70.7,61.6,74.0,73.9,80.2,77.3,75.6,76.4,70.8,74.3,70.0,79.2,66.3,64.0,71.9,69.4,70.8,70.0,77.8,93.8,73.1,71.6,79.8,201307.0
166,69.8,79.8,69.1,63.3,59.5,71.5,64.2,66.4,73.3,65.2,85.3,73.0,74.2,75.5,75.6,66.1,73.5,72.5,72.5,75.3,75.7,62.4,84.8,77.0,70.8,71.6,76.3,74.4,65.4,68.8,62.9,69.7,69.8,76.8,74.7,71.2,71.8,64.6,72.2,65.7,74.9,61.7,65.0,70.7,68.0,69.8,68.2,75.2,91.8,71.4,69.5,75.3,201308.0
167,68.1,74.8,63.4,57.5,54.4,65.9,58.2,59.0,67.3,57.9,80.3,70.8,68.5,73.2,71.8,64.6,68.1,67.2,68.8,71.0,70.9,62.6,78.4,72.4,68.5,66.0,73.4,68.0,60.0,64.2,63.8,63.4,64.0,72.4,71.3,65.8,66.6,57.0,69.7,60.3,69.8,55.9,64.5,69.0,64.3,67.8,67.6,71.6,86.4,69.0,66.9,69.8,201309.0
168,61.3,64.4,54.6,47.0,43.9,59.2,47.0,48.8,59.7,46.0,66.8,62.6,60.3,62.5,63.5,59.2,59.6,56.2,60.3,62.5,62.2,58.3,64.4,63.6,62.9,55.2,63.0,60.0,53.2,56.6,59.5,52.6,55.1,63.4,62.8,54.6,56.1,45.1,61.1,50.4,61.2,43.0,58.9,59.6,54.1,59.7,60.0,63.1,72.8,61.2,60.6,61.3,201310.0
169,55.2,56.2,48.7,41.9,38.7,52.4,41.5,42.7,53.1,40.1,59.9,56.0,54.0,57.2,56.4,54.7,53.0,50.0,54.1,55.0,55.3,55.1,56.3,56.8,56.2,49.0,58.1,52.9,47.0,51.8,56.3,45.9,49.0,55.8,55.5,48.4,49.8,39.4,55.6,44.5,54.4,37.4,55.1,55.3,48.4,54.8,56.1,56.2,64.7,54.9,54.5,55.0,201311.0
170,47.0,46.3,41.0,32.4,31.5,46.6,30.3,33.8,45.8,28.8,53.4,46.6,45.8,51.6,46.6,47.8,45.4,41.5,47.4,46.0,46.0,47.6,48.4,46.8,48.3,41.8,53.1,45.8,40.7,44.3,49.9,36.9,41.8,46.3,46.0,40.8,41.2,28.8,49.4,37.7,45.5,29.3,49.2,50.6,40.2,48.4,50.9,46.8,56.8,47.1,47.8,46.6,201312.0
171,53.2,51.7,46.7,39.2,37.6,52.4,37.9,39.5,52.1,37.3,58.5,52.6,52.6,56.9,52.1,53.5,51.7,47.6,54.2,51.5,53.3,54.6,54.6,52.6,54.4,48.4,58.1,52.1,45.8,49.6,54.8,42.8,48.1,52.0,51.7,46.2,47.6,36.9,54.3,44.3,52.7,36.0,54.1,55.1,45.7,54.9,56.4,52.9,61.8,53.1,52.5,52.9,201401.0
172,52.5,55.0,44.5,38.1,35.5,47.4,38.2,38.7,48.6,37.3,59.2,53.5,49.9,55.6,53.9,51.2,49.0,47.3,51.3,52.9,51.8,52.1,56.9,53.8,53.2,45.9,56.9,48.0,44.2,47.7,53.0,42.5,44.5,53.6,53.7,45.4,47.0,36.3,53.2,41.2,50.2,35.0,52.6,51.8,46.6,52.3,53.1,53.6,64.5,51.4,51.5,51.2,201402.0
173,56.9,60.6,47.8,40.9,37.1,51.6,40.6,42.6,52.8,40.3,63.1,58.4,54.1,58.0,58.9,54.9,53.1,51.5,55.2,57.6,56.5,55.7,60.6,58.7,57.7,49.7,58.9,52.0,47.2,51.1,57.9,46.3,47.5,58.8,58.8,49.2,51.1,40.2,56.6,43.9,54.6,37.2,56.3,54.5,50.1,55.9,56.0,58.2,68.7,56.0,55.5,55.7,201403.0
174,58.8,64.7,52.0,45.1,41.4,56.1,45.3,47.6,56.8,45.7,67.5,61.1,59.0,60.8,62.4,57.0,56.8,55.5,57.9,61.3,61.6,56.4,65.9,63.5,60.2,53.9,61.5,57.2,50.8,54.2,57.8,50.9,51.8,62.4,62.0,53.2,55.1,45.6,59.0,47.6,59.1,42.7,56.6,56.6,53.0,58.0,57.6,62.1,73.6,59.2,57.5,60.1,201404.0
175,64.7,72.6,59.1,52.0,47.8,61.9,52.7,54.1,63.3,53.2,74.4,67.8,66.6,67.2,69.7,61.9,63.4,62.2,64.9,68.0,69.2,59.8,74.0,71.4,66.2,60.9,67.6,65.2,56.1,59.2,61.2,57.2,58.4,69.8,69.0,60.0,62.0,52.9,65.1,54.4,67.1,49.2,60.8,62.2,58.6,64.0,63.3,69.7,80.8,65.4,63.0,67.7,201405.0
176,68.1,78.6,66.6,60.0,56.6,70.3,60.8,60.9,71.7,61.4,82.0,71.9,73.8,72.0,75.1,64.7,71.6,69.9,70.0,73.8,76.5,61.0,83.4,77.2,70.1,69.2,71.8,73.6,61.1,65.1,61.1,65.2,66.6,75.0,73.7,68.7,70.0,60.3,69.4,63.3,74.7,58.9,61.8,66.3,62.8,67.3,65.8,75.2,89.0,70.4,67.1,74.6,201406.0
177,72.7,84.3,74.0,69.2,64.3,76.6,70.8,72.7,77.8,72.0,87.9,75.2,79.2,77.4,79.0,68.0,78.1,76.6,76.1,79.1,80.3,64.0,88.3,81.0,73.4,76.0,78.0,79.8,70.1,71.5,64.6,74.9,74.5,80.4,78.1,75.2,76.1,71.8,74.4,70.4,80.0,66.0,65.9,72.6,70.0,72.4,71.1,79.1,94.4,74.0,72.6,80.4,201407.0
178,70.9,81.8,69.9,64.2,59.9,73.6,65.3,68.6,74.5,66.2,84.2,73.4,75.7,75.6,76.3,67.0,74.9,73.4,73.6,76.5,77.3,63.4,83.7,78.0,71.3,72.5,76.4,76.0,68.8,69.6,64.7,71.6,70.5,78.0,75.7,71.7,72.9,66.2,72.7,66.7,76.7,61.2,66.1,70.6,68.8,70.8,70.3,76.5,91.4,72.3,71.1,76.7,201408.0
179,70.0,78.5,66.6,60.6,56.9,69.6,61.2,63.5,70.9,61.2,82.8,72.0,73.0,75.0,74.4,66.2,71.4,70.0,71.6,73.7,74.1,63.8,81.2,75.4,70.4,69.0,76.5,72.2,65.1,67.2,65.5,67.2,66.9,75.2,73.7,68.6,69.8,60.8,71.5,63.5,73.2,58.0,66.0,70.9,66.9,69.8,70.1,74.0,89.6,70.6,69.5,73.3,201409.0
180,66.2,69.9,59.1,52.3,50.6,62.6,52.3,53.2,64.4,51.6,74.0,67.1,64.5,68.7,68.0,64.2,64.6,62.4,65.9,67.1,66.8,63.6,72.0,67.9,67.4,61.6,69.7,63.3,57.0,61.2,64.1,57.0,59.9,68.5,68.0,60.9,62.1,51.4,66.6,56.8,65.1,50.6,63.8,64.4,59.8,65.7,66.2,67.6,79.7,65.8,65.0,65.3,201410.0
181,56.7,57.0,48.5,42.2,40.6,51.9,41.5,42.3,52.8,40.1,61.7,56.4,53.1,59.1,56.4,55.6,52.9,50.3,55.2,55.3,54.6,56.6,58.5,55.8,56.8,50.0,60.6,51.6,48.5,52.1,58.3,46.4,49.0,55.9,56.4,49.4,50.3,39.7,57.6,45.8,53.0,40.0,57.1,56.9,50.9,56.6,59.0,55.5,66.1,55.2,55.8,54.0,201411.0
182,52.7,51.4,42.2,35.8,33.3,46.9,36.4,38.4,45.7,35.1,54.0,52.7,47.7,51.6,52.5,52.4,46.1,45.0,50.0,51.2,50.6,54.1,49.3,52.4,51.7,43.3,54.2,46.7,44.4,48.4,55.2,42.6,42.3,51.9,52.7,42.4,44.2,34.8,52.2,39.2,49.2,32.0,54.6,50.3,47.5,52.2,52.7,52.1,58.5,51.0,50.7,48.6,201412.0
183,51.2,47.7,46.0,40.0,38.1,51.1,38.7,41.6,50.2,38.0,55.6,50.3,50.3,54.5,50.1,52.3,50.1,45.2,51.6,48.4,50.8,53.0,52.1,50.2,51.4,46.7,55.5,50.4,47.7,49.8,54.0,44.7,47.2,48.0,49.6,43.2,44.2,38.7,52.3,43.4,50.5,36.0,53.6,52.7,47.8,53.2,54.6,50.1,59.2,51.2,51.2,50.8,201501.0
184,55.7,56.7,48.9,42.8,40.1,52.9,41.9,43.1,53.6,41.3,61.6,56.4,54.1,58.4,56.3,55.4,54.0,50.6,54.4,55.1,55.8,56.5,59.3,56.7,56.7,50.3,59.4,53.1,48.4,52.4,58.0,47.0,49.4,55.7,56.1,49.0,49.9,41.4,55.6,46.0,54.5,39.3,56.5,54.2,50.2,55.5,56.0,56.0,66.7,55.2,54.9,55.4,201502.0
185,59.1,63.5,51.8,45.0,41.6,55.7,45.0,46.8,57.1,44.9,65.9,60.5,58.2,61.9,61.6,57.4,57.3,54.8,58.6,60.6,60.2,57.3,63.8,61.8,60.8,53.7,62.2,56.8,50.6,54.4,58.7,50.8,51.9,61.6,61.6,52.5,54.4,45.1,59.0,48.1,58.2,41.4,57.5,57.6,52.2,58.7,58.9,60.5,71.6,58.6,58.4,59.2,201503.0
186,58.0,64.0,51.0,44.2,40.4,55.1,44.5,46.0,55.6,44.3,66.6,60.7,58.4,60.2,62.0,56.0,56.1,54.3,57.0,60.8,61.0,55.0,64.5,63.1,59.7,52.9,61.0,57.3,49.3,52.9,56.6,50.2,50.8,61.7,62.0,51.8,53.8,44.3,57.7,46.8,58.9,41.1,55.7,55.5,51.5,56.7,57.2,62.1,72.9,58.3,56.5,59.4,201504.0
187,59.2,67.4,56.3,50.2,46.1,59.5,51.3,53.9,59.7,51.6,68.5,62.7,63.5,60.8,65.0,57.7,60.0,58.6,59.2,63.7,65.6,55.0,68.9,67.2,60.1,56.5,61.5,62.7,55.6,57.4,56.1,57.3,55.7,64.6,64.4,55.8,57.6,52.1,59.2,51.0,63.8,46.8,57.1,57.0,56.8,58.4,57.8,64.9,75.3,60.9,58.5,64.4,201505.0
188,69.4,80.7,69.6,63.2,59.3,73.0,64.7,67.2,74.2,65.8,83.9,72.9,76.6,73.9,77.1,65.8,74.3,72.8,71.7,75.9,78.0,61.7,85.1,79.0,71.3,71.8,73.8,76.9,67.1,68.1,61.7,70.3,69.7,77.2,75.8,70.3,71.8,66.2,70.7,65.7,77.2,60.9,62.8,67.6,66.0,68.9,66.4,76.5,90.2,71.4,69.0,77.5,201506.0
189,71.6,81.8,70.6,65.0,59.1,73.9,66.2,68.9,74.3,66.6,83.8,74.6,77.0,73.8,77.8,67.6,75.0,73.7,73.5,77.1,78.8,63.9,83.6,79.9,72.1,72.3,74.2,77.2,68.2,70.5,65.2,72.3,70.5,78.5,77.1,71.2,72.5,67.0,71.9,66.4,78.2,61.3,66.4,70.2,70.0,70.9,69.8,78.1,91.4,73.4,71.3,78.0,201507.0
190,71.7,81.1,70.7,64.9,61.9,73.1,65.9,67.7,74.6,66.7,88.2,74.4,75.5,77.9,76.9,68.7,75.2,74.2,74.3,76.1,77.3,65.7,88.0,78.3,72.3,73.4,78.8,75.4,65.7,69.9,67.1,70.2,71.3,77.8,76.2,72.6,73.2,66.8,73.6,68.1,76.0,64.0,67.9,73.3,68.2,72.0,71.6,76.9,95.8,73.5,72.3,76.7,201508.0
191,71.2,77.8,67.2,60.9,58.0,69.7,60.8,61.0,71.6,60.5,83.1,72.8,72.2,75.2,74.6,67.6,72.2,70.0,72.5,74.2,74.0,65.5,81.9,75.0,72.3,69.4,76.0,71.1,61.4,65.9,66.5,64.5,67.8,75.3,74.5,68.3,69.3,59.4,72.0,64.2,72.5,58.6,67.1,72.3,63.8,71.1,71.9,74.0,89.8,71.9,70.9,73.3,201509.0
192,67.3,70.1,60.6,54.0,50.1,65.1,53.9,56.1,65.2,53.8,74.3,68.8,66.4,69.3,69.9,65.6,65.3,62.4,66.3,68.8,68.8,64.3,71.2,69.8,68.3,61.4,69.6,65.7,58.8,63.3,64.4,59.9,61.0,69.6,69.8,59.8,61.8,53.9,67.3,56.4,67.3,48.8,64.5,67.4,61.4,66.7,67.8,69.1,80.3,67.2,66.2,67.7,201510.0
193,51.2,51.1,42.2,35.3,32.5,47.6,35.1,37.8,46.4,33.5,57.4,52.2,48.4,54.1,51.4,51.6,46.8,44.7,49.4,50.7,50.6,52.8,52.8,51.4,51.9,43.6,56.2,47.3,43.7,47.4,53.9,42.4,42.5,51.4,51.9,42.9,44.3,33.9,51.4,39.2,49.7,32.0,52.2,52.9,46.4,51.0,53.7,51.3,62.1,51.1,49.9,49.2,201511.0
194,47.0,45.9,37.4,30.8,29.0,42.5,31.9,33.2,41.7,29.9,50.9,47.3,42.8,48.7,47.0,47.0,41.5,39.3,44.2,45.6,45.6,49.2,46.1,47.0,47.0,38.0,51.0,41.3,39.9,43.7,50.0,37.1,38.2,46.2,47.3,37.5,38.7,28.9,46.5,34.2,44.1,27.1,48.6,47.6,43.2,46.5,49.0,47.0,55.0,46.0,45.2,44.0,201512.0
195,50.0,49.8,40.0,33.4,31.3,43.6,33.8,34.6,43.8,31.4,52.0,49.7,45.4,50.0,49.6,49.0,44.2,42.7,47.7,49.2,47.3,50.6,48.0,49.1,49.1,40.8,51.9,44.1,40.9,46.3,52.2,40.1,40.6,49.5,50.0,40.1,41.9,31.4,50.3,36.7,46.3,28.8,51.6,48.7,46.4,50.6,51.1,48.9,56.3,48.2,48.7,46.3,201601.0
196,55.2,55.3,47.4,40.2,38.1,51.8,39.6,41.4,52.8,38.8,61.4,55.6,53.1,58.7,55.6,55.2,52.6,48.9,54.1,54.7,54.8,56.2,57.5,55.8,56.3,49.4,60.0,51.8,46.1,51.2,57.1,45.2,48.0,55.1,55.6,46.4,48.2,39.8,55.3,44.5,53.3,36.2,55.9,55.2,49.0,55.4,56.3,55.0,65.6,54.6,55.4,54.3,201602.0
197,55.1,58.4,46.4,40.0,37.4,49.3,40.2,41.3,50.8,39.8,63.0,56.6,52.7,57.1,57.2,52.9,51.3,49.8,53.1,55.8,54.7,53.8,60.6,57.3,55.9,48.0,58.1,50.6,45.4,50.0,55.8,45.1,46.2,57.0,57.4,47.4,49.1,40.0,54.9,43.0,52.5,38.6,54.9,52.7,49.5,54.4,54.7,56.4,68.2,53.9,53.9,53.7,201603.0
198,59.1,64.6,52.6,46.3,41.9,55.4,46.9,49.7,56.4,47.5,66.8,61.9,59.9,60.8,63.1,57.6,56.9,55.2,57.7,61.9,61.6,57.2,64.8,64.3,60.5,53.8,60.9,58.2,52.4,54.9,58.6,52.6,52.1,62.9,62.9,52.8,54.6,48.3,58.8,48.2,59.8,42.8,57.7,56.2,55.3,58.1,58.6,62.7,72.3,59.4,57.9,60.8,201604.0
199,62.8,70.0,57.3,50.8,45.9,60.7,51.8,53.9,61.1,51.8,70.5,66.0,65.1,62.5,68.3,59.8,61.3,60.4,61.8,66.8,67.5,58.2,70.2,70.0,64.1,58.5,62.5,63.4,56.8,59.1,59.2,57.2,56.6,67.8,67.2,57.9,59.5,51.9,61.4,52.2,65.4,47.3,59.5,57.6,58.4,61.0,59.3,68.1,76.7,63.6,61.2,66.1,201605.0
200,69.4,80.0,67.3,60.4,58.3,69.4,61.0,61.7,72.3,61.6,85.1,72.7,73.2,75.0,76.0,65.5,72.1,71.3,72.0,75.7,75.2,61.7,86.5,77.3,71.4,70.6,75.0,72.8,61.8,65.0,61.9,65.3,67.6,77.1,75.2,69.9,71.2,61.3,71.8,64.3,73.8,60.9,62.9,68.2,63.6,68.9,67.6,75.7,90.9,71.1,69.0,74.8,201606.0
201,70.5,83.0,71.2,64.9,62.5,73.8,65.7,67.0,75.7,67.0,88.3,73.5,76.9,77.6,77.7,66.6,75.9,74.8,74.2,78.1,78.1,61.5,89.2,79.4,72.2,74.4,78.1,76.8,65.2,68.7,61.2,70.5,71.8,79.3,77.0,73.4,74.6,66.3,73.0,68.6,77.3,65.4,63.2,71.7,67.4,69.8,69.9,77.4,95.0,72.5,70.8,77.8,201607.0
202,69.6,81.8,71.5,66.0,62.7,74.4,67.3,70.0,75.7,68.3,86.9,71.9,76.2,76.8,76.0,65.5,75.8,73.8,73.6,76.7,77.8,61.2,86.6,78.2,70.7,73.8,77.6,77.0,68.7,69.3,61.8,72.8,72.2,77.7,75.2,72.1,73.5,67.9,72.2,68.5,76.9,63.9,63.7,71.6,68.4,69.6,69.5,75.8,93.9,71.4,71.0,77.2,201608.0
203,68.4,75.7,65.3,59.1,55.4,69.1,59.7,60.1,69.2,59.1,78.4,70.4,71.7,71.5,72.9,65.8,69.5,67.3,69.2,72.4,73.2,62.7,77.3,74.3,69.8,66.7,71.7,71.3,61.8,65.5,63.0,65.0,65.5,73.4,72.1,65.2,66.7,57.9,68.6,61.4,72.2,55.8,64.1,67.7,64.2,67.7,67.7,72.9,84.7,69.8,67.9,71.9,201609.0
204,61.7,65.8,53.8,47.7,45.9,56.2,47.9,47.3,58.1,47.5,72.9,62.2,59.3,65.4,63.1,59.3,58.9,58.2,60.8,63.7,61.3,59.0,69.8,63.5,62.0,56.4,67.9,57.2,50.4,56.0,61.1,51.8,54.3,64.4,63.9,56.0,57.3,46.8,61.8,51.4,59.7,46.9,60.5,61.2,56.0,61.3,62.3,62.3,79.0,60.4,61.1,60.0,201610.0
205,55.3,57.1,47.4,41.0,39.8,50.1,40.7,42.5,51.8,40.0,62.6,55.7,52.2,59.0,55.9,54.2,52.4,50.6,54.2,56.3,53.9,55.4,58.5,55.9,55.4,49.5,60.8,50.5,47.2,51.0,57.3,46.6,47.9,56.5,56.5,48.9,50.3,40.6,56.9,45.0,52.2,38.6,55.9,56.4,50.7,55.6,58.1,55.4,66.9,54.1,54.6,53.4,201611.0
206,47.3,47.2,39.2,33.1,31.6,42.5,31.9,31.6,43.1,29.4,53.1,46.6,44.0,50.5,46.2,46.5,43.5,41.5,46.2,46.7,44.8,48.2,48.2,46.2,46.8,40.9,53.5,42.3,37.7,42.4,50.1,36.0,40.1,47.1,46.6,39.6,40.8,28.0,48.5,37.3,43.6,30.8,49.0,48.6,40.7,48.1,49.8,46.2,56.6,45.8,47.1,44.6,201612.0
207,46.5,47.2,37.4,30.7,28.5,42.0,30.0,31.3,40.9,27.3,51.3,46.6,43.1,48.0,46.4,46.3,41.7,40.1,45.1,46.8,44.9,47.8,46.6,46.4,45.9,38.5,50.7,41.8,37.7,42.9,49.1,36.3,38.1,46.9,47.2,38.2,39.7,27.0,48.2,34.2,43.5,25.2,48.7,46.7,40.8,47.8,48.8,46.1,56.1,45.6,45.7,43.8,201701.0
208,51.0,52.8,41.2,34.7,31.5,44.8,34.8,36.5,45.4,34.2,57.2,52.2,47.8,51.9,52.7,49.9,46.3,45.3,48.8,51.9,50.1,51.1,54.0,52.8,51.6,42.9,54.2,46.0,40.7,46.4,53.1,40.7,41.2,52.4,53.0,42.9,44.3,34.3,50.7,37.8,48.1,31.1,52.2,49.0,45.2,51.1,50.6,51.8,62.4,49.9,49.4,49.4,201702.0
209,55.5,57.7,47.1,40.6,38.0,50.5,40.5,42.1,51.8,40.9,64.6,57.1,53.3,58.6,57.4,54.0,52.2,49.7,53.7,57.0,55.2,54.4,62.0,57.8,56.6,48.7,60.2,51.3,45.1,50.5,56.3,45.8,47.2,57.4,57.9,47.8,49.2,40.9,55.0,43.8,52.8,37.8,55.0,54.2,49.0,54.8,55.3,56.9,70.7,54.8,54.5,54.8,201703.0
210,56.8,61.7,48.2,41.8,38.4,50.8,41.9,42.5,52.9,42.1,68.1,58.9,54.5,61.1,59.6,54.2,53.4,52.5,55.3,58.8,57.2,54.4,65.5,60.3,57.9,51.0,62.3,52.7,45.6,50.5,56.8,46.8,48.1,59.8,59.9,50.7,51.9,42.0,57.6,44.9,54.6,40.2,55.8,56.8,49.9,56.4,57.4,59.0,75.0,56.2,55.0,56.2,201704.0
211,62.9,70.1,58.6,52.7,47.6,61.7,53.5,54.7,62.8,53.4,72.7,66.2,66.7,64.3,68.4,60.2,63.3,61.2,62.6,67.4,68.4,58.2,72.2,70.7,64.6,60.1,64.3,65.2,55.7,58.8,58.5,57.8,58.2,68.3,68.5,58.5,60.2,53.2,62.4,54.3,66.7,49.1,58.9,59.6,57.0,61.7,59.7,68.4,78.9,64.1,61.4,67.3,201705.0
212,68.5,79.4,66.7,60.7,56.5,69.9,61.6,62.0,71.4,61.8,84.1,72.4,74.1,73.8,75.6,65.4,71.6,70.3,70.7,75.1,76.0,61.8,85.1,77.6,70.7,69.3,73.7,73.5,60.7,65.2,61.7,65.5,66.9,76.2,75.4,68.7,70.0,61.6,71.2,63.3,74.5,59.4,62.4,67.7,62.7,68.0,66.9,75.2,90.0,70.9,68.2,75.0,201706.0
213,73.0,84.8,73.7,67.8,64.3,76.7,68.8,71.0,78.9,70.0,89.3,75.6,80.0,79.1,80.4,68.4,78.8,77.0,76.2,80.3,80.7,63.3,90.1,81.8,75.3,76.4,78.9,80.0,68.2,70.5,62.3,72.9,74.5,81.3,79.7,75.6,76.6,70.5,76.0,70.7,80.1,66.9,64.2,73.8,68.2,72.2,71.9,79.0,95.7,74.9,72.7,80.7,201707.0
214,72.1,84.5,73.6,68.2,62.9,77.6,69.6,71.7,77.9,70.1,87.5,75.0,79.2,77.8,79.1,69.0,77.9,75.8,76.2,79.5,81.2,64.2,87.0,81.4,73.7,75.2,77.8,80.0,70.8,72.4,64.0,74.8,74.1,80.4,78.6,73.9,75.6,69.8,75.4,69.6,80.3,64.2,65.8,73.6,70.8,72.5,71.8,78.7,94.9,74.9,73.1,80.3,201708.0
215,70.9,76.8,64.7,58.4,52.8,69.3,59.3,61.3,68.9,58.8,79.0,72.8,71.9,71.2,74.3,69.1,69.8,67.3,70.7,73.6,74.3,67.0,77.3,76.0,71.5,65.8,71.7,71.7,62.3,67.4,68.2,65.7,64.8,74.5,74.2,65.1,67.2,58.6,70.0,60.6,73.0,53.9,68.3,67.8,65.5,70.2,68.7,74.0,85.0,72.1,69.9,73.0,201709.0
216,63.9,66.2,56.9,49.7,46.9,61.5,49.0,50.2,62.4,47.3,73.1,64.8,63.1,67.9,65.2,62.9,62.6,58.4,63.4,64.4,64.4,62.0,70.0,65.2,65.2,58.9,69.0,62.2,54.4,59.2,62.6,54.5,57.5,64.8,65.1,57.4,58.3,47.2,64.3,53.8,63.4,46.3,62.0,64.2,56.4,63.2,64.8,64.9,78.5,64.3,63.4,64.0,201710.0
217,55.2,57.4,47.2,42.0,40.5,49.0,41.0,40.3,51.6,40.5,64.6,55.1,51.4,60.5,55.8,53.1,52.4,51.2,54.7,56.6,53.0,54.6,61.4,55.6,55.0,50.2,62.4,49.9,44.5,50.0,56.7,44.6,47.9,57.1,56.6,49.6,50.9,39.0,57.5,45.5,51.4,40.6,55.7,57.5,48.3,56.4,58.5,54.5,69.4,53.2,54.7,53.2,201711.0
218,49.7,48.8,44.4,37.1,36.9,48.3,34.5,36.3,49.2,33.0,57.2,49.1,48.6,55.1,49.3,49.2,49.9,44.8,50.5,48.8,49.3,51.2,53.0,49.3,50.4,46.8,57.2,47.4,43.6,45.9,52.8,38.6,45.4,48.9,48.8,44.0,44.2,34.2,52.3,43.0,48.1,34.4,51.5,52.8,43.9,51.0,53.6,49.1,59.4,49.1,49.6,49.7,201712.0
219,51.1,51.3,44.0,38.2,37.1,46.9,37.3,38.8,48.6,37.1,57.9,50.2,48.8,55.6,50.3,50.2,49.5,46.7,51.6,51.5,49.0,51.4,54.0,50.0,50.6,46.9,57.9,47.2,43.9,47.3,52.9,42.1,45.3,51.6,51.8,44.7,45.9,37.3,53.9,42.7,48.0,35.4,52.7,54.4,46.4,53.2,55.2,49.7,61.6,49.6,51.3,49.2,201801.0
220,51.5,51.7,41.2,33.8,30.5,47.5,33.3,35.8,46.5,31.5,55.6,52.6,48.4,52.4,51.2,51.2,47.0,44.3,49.2,51.5,51.5,52.4,52.2,51.8,52.9,43.3,53.3,47.6,41.6,46.0,54.1,40.3,41.5,51.4,52.9,42.0,43.8,31.5,50.3,38.4,49.2,30.3,51.8,49.6,43.8,50.7,50.6,52.0,59.6,51.2,50.0,49.6,201802.0
221,51.9,55.4,42.3,35.1,32.1,46.4,35.2,38.4,47.4,35.4,59.7,53.2,49.5,53.4,53.8,50.0,47.2,46.2,49.7,53.5,51.4,51.0,56.7,54.1,52.7,44.0,55.6,47.3,43.8,47.0,53.3,42.1,42.2,54.0,54.8,43.9,45.5,36.0,52.1,38.0,49.0,32.2,52.4,49.6,47.0,51.5,51.5,52.6,65.4,50.7,50.8,50.6,201803.0
222,56.8,63.7,50.2,44.3,40.9,52.8,44.5,45.0,54.6,44.0,69.2,59.1,56.8,60.7,59.9,54.6,55.4,54.0,56.0,60.1,59.0,54.2,67.9,61.2,57.9,52.5,62.1,54.9,48.2,51.8,56.0,48.9,50.0,60.6,61.1,52.5,54.0,43.9,58.0,47.2,56.7,43.3,55.2,55.4,51.6,56.3,56.8,59.1,75.2,56.4,55.4,58.0,201804.0
223,60.3,69.1,57.9,52.1,47.8,60.7,52.9,55.7,61.4,53.4,72.3,64.5,65.2,62.4,66.4,59.5,61.8,60.1,60.9,65.4,67.2,56.6,72.7,68.8,61.4,58.6,63.8,64.3,56.0,58.3,57.7,58.3,57.2,66.2,66.6,58.1,59.6,54.1,60.7,53.1,65.7,49.1,57.8,57.4,57.4,60.0,58.5,66.7,78.8,62.8,59.7,66.0,201805.0
224,67.4,77.0,66.4,59.9,57.2,69.1,60.2,60.6,71.2,60.2,81.9,71.2,73.1,71.4,74.2,64.6,71.2,69.3,68.9,73.6,74.8,60.9,83.5,75.9,69.6,68.6,71.8,72.5,60.4,64.0,60.9,64.3,66.5,73.6,74.2,67.6,68.8,59.7,68.2,63.0,73.4,59.9,61.5,64.8,61.9,66.3,64.9,73.7,88.1,70.0,66.9,73.9,201806.0
225,72.6,85.4,75.1,69.3,65.9,78.0,70.2,71.5,79.8,71.0,90.0,75.6,80.7,80.8,79.9,68.6,80.0,77.6,77.9,80.8,81.5,62.8,90.4,81.9,74.7,77.3,80.0,81.0,69.2,71.8,62.4,74.4,75.8,81.7,79.8,76.6,77.6,70.5,77.0,71.8,80.9,67.5,65.2,75.5,69.2,73.8,73.5,79.7,95.3,75.2,74.2,81.6,201807.0
226,69.8,81.1,71.1,65.6,62.8,73.4,66.2,68.4,75.5,67.0,88.6,72.1,75.4,78.0,75.3,66.9,75.5,73.6,73.9,76.1,76.3,61.9,88.2,76.7,71.2,73.3,79.3,75.3,66.2,68.4,61.8,70.4,71.7,77.0,75.2,72.8,73.4,67.0,73.8,68.0,74.9,64.2,64.1,73.0,67.4,70.8,71.8,74.4,94.9,71.9,70.7,76.3,201808.0
227,67.4,75.9,66.0,59.4,57.2,68.3,59.4,60.6,70.9,59.0,83.6,69.6,71.4,73.3,72.4,64.6,71.0,68.6,69.8,72.1,71.9,60.8,82.4,73.0,69.4,68.4,74.8,70.5,61.2,64.9,61.3,64.4,66.8,73.4,71.8,67.3,68.6,58.3,69.7,63.0,70.9,57.6,62.1,68.0,63.2,67.2,67.7,71.4,90.0,69.0,67.5,72.1,201809.0
228,63.7,66.3,56.9,50.0,45.6,61.4,49.5,51.6,62.0,47.9,70.0,65.6,63.7,64.6,65.9,62.2,62.3,58.2,62.8,65.4,64.9,61.0,66.9,66.2,65.1,57.6,65.7,62.4,55.7,59.3,61.6,55.4,57.2,65.4,66.1,56.4,58.1,47.9,63.2,52.6,63.5,45.0,61.3,61.8,56.7,62.6,63.1,65.7,74.6,64.5,63.0,64.5,201810.0
229,56.0,56.8,48.9,42.2,39.8,53.0,40.5,42.7,54.2,38.7,60.7,56.4,53.2,58.4,55.7,55.3,54.5,50.8,55.8,55.7,55.2,56.5,57.1,55.4,57.4,50.8,59.6,53.2,48.4,51.0,57.4,46.1,49.6,56.1,55.8,48.6,50.7,39.5,57.1,46.8,53.7,38.9,55.9,56.1,49.1,56.5,58.2,55.5,64.2,55.7,56.3,55.3,201811.0
230,49.2,48.3,40.4,34.2,31.7,44.6,34.0,34.4,44.6,31.2,53.3,49.6,46.2,50.9,49.2,49.0,44.7,43.1,47.4,49.4,47.0,50.7,48.9,48.8,49.1,42.0,53.2,44.4,40.7,44.9,52.3,39.2,41.1,49.2,49.7,40.6,42.3,30.8,49.4,38.0,45.8,29.9,51.3,48.8,43.9,49.5,51.0,48.6,56.3,48.3,48.5,46.7,201812.0
231,50.8,50.3,42.3,35.7,33.4,46.7,35.6,38.2,46.6,33.9,52.7,50.9,48.0,50.7,50.7,50.5,47.0,44.4,48.7,50.4,48.4,51.8,49.0,49.9,50.4,43.6,52.6,46.5,44.2,47.4,53.3,41.6,43.3,50.3,51.4,41.7,43.7,34.6,50.9,39.4,47.6,31.5,52.6,49.5,46.0,50.8,51.5,50.1,55.7,49.8,49.9,48.4,201901.0
232,46.2,48.6,34.8,27.6,24.8,39.0,28.4,30.1,38.9,27.1,48.8,47.5,42.5,45.0,47.6,45.0,40.2,38.8,42.8,47.0,44.4,46.5,45.3,47.5,46.4,36.0,47.6,39.4,35.3,41.1,48.6,34.7,34.5,48.0,48.4,36.6,38.2,27.1,45.2,30.8,42.8,23.3,47.6,43.2,39.9,45.5,45.2,46.6,53.8,44.8,44.2,43.4,201902.0
233,51.9,55.9,42.6,36.1,32.4,46.3,36.0,39.0,47.4,35.9,58.7,54.1,50.0,52.9,54.3,50.7,47.8,46.3,49.6,53.7,51.3,51.5,55.6,54.2,52.8,44.4,54.7,47.6,44.6,47.4,53.5,42.7,42.4,54.2,54.8,43.8,45.7,36.4,51.4,38.9,49.6,32.7,52.3,49.8,47.0,51.6,51.4,53.4,64.5,51.4,50.6,50.8,201903.0
234,59.3,65.3,52.4,45.6,42.0,56.5,46.6,47.4,57.0,46.5,67.8,62.4,60.3,60.4,63.4,57.7,57.3,55.7,58.4,62.8,62.4,56.9,66.4,64.5,61.0,54.1,61.4,58.5,51.0,55.1,57.6,51.8,52.2,63.4,63.6,53.5,55.5,46.0,59.2,48.6,60.4,43.3,57.2,56.6,53.5,58.4,57.8,63.1,74.0,60.1,58.4,61.0,201904.0
235,58.8,65.3,53.6,47.5,43.2,57.3,48.7,52.2,56.7,49.6,67.1,62.0,61.2,58.4,63.6,56.7,57.2,55.4,57.7,62.4,63.5,54.9,65.8,65.6,59.7,53.8,59.6,60.0,54.8,56.4,56.6,55.1,52.7,63.1,63.5,52.7,54.7,50.4,58.3,48.2,61.4,44.1,57.1,55.0,55.9,58.2,56.6,63.6,73.7,60.0,57.8,61.9,201905.0
236,69.0,78.9,66.3,59.5,54.3,70.3,60.3,61.4,70.9,59.8,80.6,72.7,74.2,70.3,75.4,65.5,71.1,69.4,69.8,74.8,76.2,62.2,81.7,77.6,70.9,68.0,70.3,73.4,62.6,66.0,63.0,65.0,66.1,75.3,75.4,67.5,69.0,59.7,68.8,61.9,74.7,56.5,63.9,64.9,62.8,67.6,65.3,75.6,86.8,71.3,68.0,74.9,201906.0
237,70.5,82.0,70.4,64.2,60.7,73.1,64.9,66.5,74.7,66.1,86.8,73.5,76.6,75.8,77.5,67.2,74.9,73.4,73.4,77.5,77.6,62.0,87.1,78.9,71.8,72.3,76.2,76.2,64.4,68.3,62.6,69.4,70.6,78.4,77.4,71.6,73.2,66.0,72.2,66.6,77.1,63.2,64.3,70.3,67.2,70.0,68.6,76.5,92.8,72.7,70.2,77.3,201907.0
238,72.8,82.1,71.7,65.6,62.5,74.8,66.4,68.5,75.8,67.3,87.8,75.6,77.6,76.7,78.8,69.8,76.0,74.1,75.0,78.4,79.0,65.9,87.6,80.0,74.0,73.4,77.7,77.2,67.3,71.0,66.0,71.9,72.0,79.0,78.5,72.4,74.0,67.0,73.5,68.4,78.3,64.5,67.5,71.4,69.7,72.1,69.8,78.4,94.2,74.7,72.4,78.1,201908.0
239,68.7,74.7,62.7,56.1,52.8,66.4,56.7,57.5,66.8,55.9,79.9,71.4,70.1,71.9,72.4,66.4,67.7,66.8,69.6,72.2,71.3,64.2,78.2,73.3,69.8,65.4,72.7,68.4,58.5,64.3,65.6,62.7,63.0,73.2,72.7,64.6,66.4,55.3,69.6,60.0,70.0,54.5,66.2,68.2,63.0,69.0,68.5,72.3,86.0,69.5,69.0,70.0,201909.0
240,62.3,63.1,54.1,46.4,43.6,59.2,45.5,46.9,60.0,43.8,68.8,63.6,60.4,64.2,63.6,61.0,60.2,56.3,61.6,62.9,62.0,60.8,65.2,62.9,63.9,56.3,65.4,59.4,51.5,56.8,61.9,52.3,54.8,63.3,63.7,54.5,56.0,43.8,61.7,51.3,61.2,42.6,61.5,60.2,54.7,61.3,61.4,63.4,73.8,62.1,61.9,61.2,201910.0
241,56.0,56.1,49.6,42.8,40.0,54.2,41.7,44.3,54.3,40.8,60.9,56.3,55.1,57.7,56.8,54.8,54.5,51.0,54.9,56.2,56.2,55.5,57.4,56.6,57.4,50.9,59.2,54.8,49.5,53.2,55.7,47.9,50.0,56.6,56.6,49.3,50.6,41.4,55.9,46.6,55.6,38.0,54.7,55.1,49.2,55.3,56.2,56.2,64.9,55.0,55.6,55.8,201911.0
242,49.9,49.4,40.8,34.6,31.9,44.4,34.1,35.5,44.6,32.8,51.8,50.0,46.7,48.6,50.2,49.4,45.1,43.4,47.5,49.8,46.9,50.6,46.9,49.3,49.4,41.9,51.8,44.6,41.8,46.3,52.0,39.6,41.2,50.1,51.1,40.2,42.4,33.0,50.1,37.6,46.5,29.0,51.6,48.1,44.8,49.8,50.4,49.6,54.8,48.5,48.2,47.8,201912.0
243,48.9,47.6,41.0,35.6,33.7,44.5,35.2,35.7,44.7,34.0,53.9,49.1,46.4,51.5,48.8,49.2,45.1,42.4,47.1,48.5,47.0,50.3,50.1,48.4,48.8,42.0,53.5,44.4,40.9,45.6,51.3,39.8,41.9,48.1,49.7,40.1,41.8,33.3,48.9,38.8,46.2,32.4,50.1,49.3,44.5,49.1,50.5,48.5,57.9,48.2,47.8,46.8,202001.0
