,Alameda County Tmin,Kings County Tmin,Placer County Tmin,Sierra County Tmin,Alpine County Tmin,Lake County Tmin,Plumas County Tmin,Siskiyou County Tmin,Amador County Tmin,Lassen County Tmin,Riverside County Tmin,Solano County Tmin,Butte County Tmin,Los Angeles County Tmin,Sacramento County Tmin,Sonoma County Tmin,Calaveras County Tmin,Madera County Tmin,San Benito County Tmin,Stanislaus County Tmin,Colusa County Tmin,Marin County Tmin,San Bernardino County Tmin,Sutter County Tmin,Contra Costa County Tmin,Mariposa County Tmin,San Diego County Tmin,Tehama County Tmin,Del Norte County Tmin,Mendocino County Tmin,San Francisco County Tmin,Trinity County Tmin,El Dorado County Tmin,Merced County Tmin,San Joaquin County Tmin,Tulare County Tmin,Fresno County Tmin,Modoc County Tmin,San Luis Obispo County Tmin,Tuolumne County Tmin,Glenn County Tmin,Mono County Tmin,San Mateo County Tmin,Ventura County Tmin,Humboldt County Tmin,Monterey County Tmin,Santa Barbara County Tmin,Yolo County Tmin,Imperial County Tmin,Napa County Tmin,Santa Clara County Tmin,Yuba County Tmin,year
3,42.8,40.4,32.9,26.8,25.0,37.2,26.6,28.3,36.9,23.5,43.3,41.5,38.0,42.2,40.8,42.0,37.5,34.6,38.7,40.9,38.0,44.6,41.1,40.7,42.3,33.8,41.8,36.3,35.0,39.1,45.6,33.5,33.8,41.4,41.3,32.2,34.0,23.9,39.9,30.3,37.6,20.6,44.1,39.4,37.7,39.9,41.4,40.1,46.4,39.6,41.5,39.1,200001.0
4,44.3,43.9,34.8,27.8,24.5,40.0,29.3,30.9,38.1,28.0,44.1,44.1,40.2,41.5,44.5,44.2,39.0,35.7,40.9,43.5,41.4,46.4,42.1,44.7,44.4,33.4,43.0,38.9,38.0,41.4,47.1,35.0,35.0,44.5,44.5,33.4,34.7,28.3,41.7,29.8,41.2,20.5,45.7,39.6,40.2,42.2,42.3,43.3,48.1,42.4,42.4,41.9,200002.0
5,43.8,44.2,34.6,27.4,24.0,38.3,28.2,28.9,38.4,27.0,46.5,44.3,40.4,42.6,44.3,41.5,38.7,36.1,39.3,43.1,42.2,44.2,45.1,44.6,44.6,35.0,42.0,39.3,33.7,37.6,46.1,32.6,34.6,44.1,44.1,34.3,35.4,26.3,40.0,29.8,40.4,21.5,43.3,38.4,36.9,39.3,40.6,43.7,50.6,42.0,41.2,42.0,200003.0
6,47.1,49.6,39.5,32.6,30.1,41.9,32.8,35.0,43.2,33.2,54.0,48.1,45.4,48.0,48.3,44.5,43.7,41.0,43.9,47.6,45.9,46.8,53.6,49.0,47.9,40.0,47.3,44.4,39.5,41.5,48.9,37.4,39.7,48.5,47.8,40.1,41.1,32.8,44.1,35.6,45.3,28.9,46.1,42.4,41.6,43.0,44.5,47.8,58.8,45.2,45.2,47.0,200004.0
7,51.0,55.9,44.9,37.9,36.5,46.8,37.9,38.4,47.9,37.4,61.2,52.9,50.7,53.6,53.4,47.7,48.1,47.3,49.0,52.6,52.1,48.9,62.0,55.0,51.8,46.0,53.2,48.8,42.8,45.3,50.7,41.4,44.8,53.9,53.0,46.7,47.5,37.7,48.3,41.2,50.6,36.6,48.8,48.2,44.7,47.2,48.0,53.4,66.6,49.8,48.9,52.2,200005.0
8,55.7,63.0,52.9,45.4,43.6,54.4,45.3,47.1,56.2,45.4,67.9,56.9,58.6,59.0,58.7,51.3,56.1,55.0,55.1,58.9,59.1,51.0,69.3,60.3,56.5,53.9,57.2,58.7,47.9,50.6,52.8,48.9,53.5,60.6,57.8,54.9,54.6,44.6,54.1,48.8,58.4,42.9,52.0,53.0,48.5,51.6,53.0,58.6,73.9,54.8,54.6,59.4,200006.0
9,55.8,61.5,52.4,46.2,45.8,55.2,45.9,49.6,55.6,46.1,70.3,55.4,57.2,60.4,57.1,51.1,55.8,54.6,55.3,58.0,57.8,50.4,72.3,58.3,55.3,53.6,59.7,57.4,52.1,52.1,52.6,51.3,53.5,59.4,57.0,55.0,54.3,47.1,53.3,49.8,57.4,45.4,51.7,53.4,53.0,51.4,53.5,56.9,77.3,54.0,54.8,57.7,200007.0
10,57.2,64.5,55.4,48.5,48.0,57.0,48.0,50.6,58.4,47.9,73.1,57.1,59.4,63.2,59.2,52.4,58.8,57.2,57.2,59.8,59.1,52.1,73.2,59.5,57.5,56.3,62.7,59.0,51.1,52.4,53.7,51.8,56.2,61.5,58.9,57.2,57.2,47.6,55.4,52.1,58.7,46.4,52.7,57.2,52.4,52.7,55.2,58.5,79.8,55.7,56.6,60.0,200008.0
11,56.5,59.1,49.5,42.4,41.4,53.1,42.1,44.9,53.3,40.1,65.2,56.3,55.2,57.5,56.9,52.3,53.3,51.5,53.6,57.0,55.2,53.6,64.6,56.8,56.9,50.4,57.9,55.0,50.2,51.4,55.1,48.6,50.6,57.8,57.1,50.7,51.0,39.6,53.1,46.4,54.9,38.7,53.5,52.9,51.2,51.7,53.4,56.6,71.7,54.6,54.9,56.0,200009.0
12,50.6,51.0,41.9,35.6,33.6,46.3,35.4,37.3,45.7,33.0,56.0,49.7,47.3,49.9,49.9,48.2,46.1,43.6,47.0,49.5,47.6,49.4,54.2,49.8,50.1,42.0,50.9,46.4,43.2,45.5,51.8,41.1,42.6,50.4,50.1,42.6,43.3,32.2,46.9,38.4,47.2,30.2,50.2,46.6,45.4,47.0,48.5,49.4,60.4,48.2,49.4,48.1,200010.0
13,40.6,37.9,31.7,25.0,22.2,36.2,24.7,28.0,35.2,22.2,41.9,39.7,36.5,39.7,39.2,39.7,35.0,31.8,35.6,38.6,37.5,42.8,39.2,38.8,40.6,31.0,39.9,35.6,35.4,37.6,44.8,32.2,32.1,39.2,39.4,30.4,31.4,22.7,36.4,27.4,36.7,17.8,41.9,36.6,38.0,35.9,38.3,38.8,44.4,38.3,38.5,37.4,200011.0
14,40.5,36.9,33.5,25.7,25.0,35.9,25.2,29.0,37.4,22.8,41.9,38.9,36.8,41.7,38.8,38.8,37.1,33.2,37.4,37.6,37.2,43.0,39.2,38.0,40.7,34.6,41.2,36.3,36.1,36.4,44.5,31.8,34.8,37.9,38.1,31.4,32.2,23.4,37.8,30.6,35.4,20.0,42.5,37.6,37.3,37.2,40.0,38.2,44.2,38.1,38.9,38.0,200012.0
15,37.4,35.1,28.7,21.4,18.5,32.4,21.0,26.6,33.4,17.7,39.1,36.3,34.1,37.4,36.0,35.7,33.4,29.0,33.1,35.1,34.4,39.8,36.4,36.6,37.5,29.0,37.7,33.3,33.1,33.1,41.7,28.8,29.7,35.1,35.5,27.7,28.4,20.3,34.0,24.8,33.3,13.6,39.5,34.8,34.7,34.2,36.8,35.6,42.2,35.0,35.6,35.5,200101.0
16,40.3,39.5,29.9,21.7,17.9,34.4,21.7,25.7,34.0,19.9,40.4,40.3,36.0,38.4,40.2,39.1,34.9,31.5,36.6,39.2,37.5,42.0,38.1,40.3,40.0,29.9,38.8,34.0,32.7,35.6,43.3,29.0,30.0,39.8,40.1,29.0,30.8,20.6,36.4,25.4,36.4,15.2,41.6,36.0,34.9,37.7,37.5,39.9,44.2,38.1,38.3,37.7,200102.0
17,45.5,47.0,37.0,29.5,26.6,40.7,29.4,31.5,41.0,28.4,48.4,46.1,42.6,44.9,45.7,42.9,40.8,38.2,42.2,44.8,44.1,45.4,47.5,46.2,46.2,37.4,44.7,41.7,36.9,40.0,47.4,35.0,36.9,46.0,45.7,36.9,37.9,28.1,43.3,32.0,42.5,24.3,45.1,41.6,39.8,42.5,43.3,45.2,52.4,43.2,43.7,44.3,200103.0
18,42.7,45.1,34.4,27.4,25.2,37.1,28.1,30.2,37.8,27.0,49.4,43.7,40.6,43.4,44.1,39.8,38.1,36.3,38.8,42.6,41.2,42.4,48.2,44.1,43.2,34.8,43.8,38.9,35.3,37.6,44.7,33.0,34.2,43.9,43.6,35.3,35.7,27.6,40.2,30.0,40.0,24.0,42.5,39.5,37.8,39.1,40.8,43.5,54.8,40.7,40.3,41.6,200104.0
19,53.4,60.3,49.5,41.7,39.5,51.5,41.2,42.4,54.2,40.7,62.8,55.4,55.6,55.8,56.5,49.1,53.7,51.0,51.1,56.3,56.9,49.9,64.5,58.5,55.7,50.6,54.3,55.5,43.0,46.5,51.4,43.4,50.2,58.0,55.5,51.1,51.4,39.9,50.7,45.6,55.3,38.2,49.4,49.9,44.8,48.2,50.1,56.8,67.9,52.8,51.4,57.4,200105.0
20,55.2,62.4,51.7,44.2,44.4,53.3,44.4,43.0,55.3,43.1,67.7,57.4,57.2,59.3,58.9,51.0,55.2,53.6,54.2,58.6,58.0,50.7,69.3,60.4,56.7,52.8,57.9,56.4,44.7,48.6,52.2,45.9,52.2,60.6,58.4,53.7,54.1,41.8,52.4,48.5,56.9,43.4,50.6,52.5,47.1,50.0,51.9,59.0,73.9,54.7,53.6,58.2,200106.0
21,57.3,65.0,55.1,48.9,48.2,57.6,48.9,50.7,57.7,49.2,69.6,56.9,59.3,60.7,59.0,52.3,58.5,57.2,57.3,60.6,59.7,51.4,71.5,60.3,56.7,56.2,59.8,60.2,51.7,53.0,53.5,52.8,56.0,62.0,59.1,57.3,57.2,48.6,55.9,52.2,60.0,46.7,53.0,55.1,52.6,53.9,55.0,58.5,76.8,55.5,56.9,60.3,200107.0
22,57.1,63.8,55.7,49.1,51.0,57.2,48.4,51.9,58.7,48.7,72.5,57.1,59.5,62.5,58.7,52.6,59.0,57.5,57.7,59.9,59.1,52.1,74.0,59.7,56.9,57.6,62.5,60.1,52.9,53.5,53.8,53.0,57.3,61.0,58.8,57.9,57.3,48.8,55.3,53.8,59.4,48.5,52.8,56.0,53.2,52.5,54.8,58.5,78.9,55.7,56.6,60.2,200108.0
23,55.2,60.5,51.9,45.2,44.4,53.8,44.6,47.0,54.9,43.1,67.7,54.7,56.6,59.0,56.5,51.3,55.4,53.3,54.9,57.2,55.8,51.2,67.9,56.9,55.1,53.2,58.7,56.4,49.8,51.1,52.8,49.3,53.2,58.2,56.2,53.2,53.5,42.3,53.6,49.1,55.9,41.7,52.1,53.7,50.3,51.5,53.7,55.6,73.7,53.4,54.7,57.1,200109.0
24,52.8,53.8,46.3,38.4,37.1,49.2,38.0,40.2,50.3,36.3,58.8,52.2,51.4,53.8,52.0,49.6,50.4,47.3,50.1,51.6,51.4,51.1,58.1,52.6,52.9,47.3,52.9,51.1,44.1,47.5,52.3,43.0,47.6,52.4,51.2,46.4,47.3,35.1,48.7,42.9,51.3,33.8,51.2,48.8,46.1,47.8,49.7,52.2,63.8,51.0,51.4,52.1,200110.0
25,47.0,45.6,37.9,30.8,28.0,41.6,30.9,32.5,41.4,27.9,49.7,46.6,43.8,45.7,46.8,45.6,41.7,38.8,43.4,45.5,43.9,47.9,46.7,47.1,46.4,37.6,46.1,41.8,39.8,42.8,49.1,37.2,37.9,46.1,45.9,37.5,38.4,27.4,44.0,33.7,43.5,23.8,47.4,43.2,41.9,43.5,45.7,46.5,54.8,44.9,44.9,44.8,200111.0
26,42.3,38.7,31.6,25.3,21.9,37.6,25.8,27.9,34.9,23.0,38.2,42.0,38.0,38.1,42.0,43.2,35.2,32.0,38.7,41.2,39.0,45.6,35.7,42.1,41.1,30.9,38.0,35.2,36.1,40.1,45.5,33.1,31.5,40.5,41.6,29.9,31.5,23.1,38.0,26.8,38.4,17.6,44.2,36.7,39.1,39.5,39.5,41.9,40.8,40.9,40.6,39.1,200112.0
27,37.9,35.8,27.7,20.5,18.6,33.9,21.1,24.8,31.9,17.9,39.2,37.2,34.0,37.6,36.6,38.1,32.7,29.7,33.5,36.5,35.0,40.4,36.2,37.0,38.0,28.8,38.0,32.9,33.7,35.7,41.7,30.2,28.4,36.4,36.6,28.4,29.0,19.4,34.0,24.9,34.9,14.4,39.2,34.3,36.0,33.9,36.6,36.5,42.5,35.8,35.8,34.9,200201.0
28,41.2,39.5,32.5,24.3,21.5,36.5,24.4,28.6,37.4,23.6,41.8,40.7,37.9,40.8,40.4,39.8,37.7,33.6,38.1,40.0,39.0,42.7,39.9,41.1,41.4,33.9,40.0,37.4,35.5,37.7,44.8,32.1,33.2,39.7,40.2,31.6,32.9,24.1,37.0,28.8,37.8,18.5,42.7,35.6,38.0,37.2,38.7,40.1,44.4,38.9,40.0,39.5,200202.0
29,41.8,41.8,32.0,24.4,20.1,35.8,24.8,27.0,36.5,22.9,43.9,42.0,37.7,40.5,41.6,39.7,37.0,33.8,37.7,41.0,39.1,42.4,42.2,41.8,42.1,33.3,40.5,36.6,32.5,36.0,44.7,30.3,31.8,41.5,41.6,31.9,33.0,23.3,37.1,27.6,37.1,18.2,42.1,35.4,35.5,37.3,38.5,41.2,48.0,39.3,39.5,39.2,200203.0
30,46.0,48.5,38.5,32.0,28.5,41.0,32.2,33.6,42.0,31.7,52.5,46.9,44.4,45.6,47.2,43.8,42.5,40.0,43.0,46.4,45.3,45.8,52.1,48.0,46.2,39.2,45.9,43.4,38.1,41.4,47.8,36.8,38.1,47.1,46.9,39.1,39.8,31.6,42.5,34.2,44.4,27.4,45.7,41.9,40.7,42.3,43.0,46.6,57.0,44.2,44.3,45.9,200204.0
31,48.2,53.3,42.2,35.2,32.9,44.9,35.7,37.1,45.7,35.3,57.3,49.5,49.5,50.1,50.6,44.6,45.8,44.5,46.1,50.1,50.3,45.8,57.8,52.2,49.0,43.3,49.3,48.2,39.8,42.5,48.2,39.3,42.2,51.0,50.4,43.6,44.4,35.4,45.4,38.0,49.0,32.3,46.1,44.5,42.1,43.8,45.7,50.8,62.8,46.9,46.7,50.1,200205.0
32,53.6,60.9,51.0,43.9,41.8,53.3,44.3,45.4,54.2,44.2,66.2,55.8,57.4,57.6,57.4,50.2,54.8,53.0,53.3,57.3,57.8,49.7,68.7,59.4,54.8,52.2,55.9,57.3,46.6,48.7,51.2,46.8,51.6,58.5,57.4,53.3,53.2,43.8,51.5,47.7,58.0,42.4,49.4,50.9,47.8,49.1,50.7,58.0,71.9,53.9,52.5,58.2,200206.0
33,57.4,66.5,57.4,50.9,50.8,59.0,51.6,53.6,60.2,52.3,73.6,57.7,61.5,62.8,60.0,53.0,60.8,59.4,58.8,61.4,61.2,51.8,75.6,62.0,57.2,59.0,61.8,62.8,53.2,54.4,53.2,54.8,58.6,62.7,59.8,59.7,59.4,51.7,56.5,54.9,62.3,49.8,52.4,56.6,53.8,53.5,55.1,59.9,79.4,56.5,57.2,62.6,200207.0
34,56.8,62.2,53.6,46.9,46.3,56.9,47.4,50.0,56.8,47.5,69.4,56.3,58.9,60.8,57.2,52.7,57.1,55.5,57.0,58.6,58.8,52.0,71.6,59.0,56.6,55.4,60.4,59.8,50.5,52.5,53.7,51.8,55.0,59.7,56.9,55.5,55.4,45.6,54.6,50.9,59.4,44.9,53.0,54.9,51.6,52.5,54.0,57.3,75.8,55.0,56.5,59.4,200208.0
35,56.3,60.1,50.6,43.5,42.8,52.6,43.2,45.6,54.6,42.9,67.1,55.1,56.0,59.5,57.0,50.2,55.0,52.6,55.4,58.0,55.0,51.4,66.8,56.8,56.7,52.2,59.6,55.5,48.9,50.0,53.2,48.5,51.9,58.7,57.3,52.3,52.7,41.3,54.0,48.0,55.5,40.3,52.6,54.2,50.4,52.2,53.6,56.0,72.8,53.2,55.2,56.9,200209.0
36,50.3,49.9,41.4,33.8,32.0,45.4,32.8,35.6,46.1,30.9,54.8,48.8,46.8,50.0,48.6,46.5,45.8,42.9,47.4,48.7,47.2,48.7,53.4,48.2,50.4,42.0,49.7,46.5,41.2,42.9,50.9,38.1,42.7,49.5,49.3,42.0,42.6,29.0,45.2,38.2,46.8,29.2,48.9,46.3,42.8,45.0,46.8,47.9,59.6,47.3,49.3,47.6,200210.0
37,45.7,44.0,37.3,29.0,26.9,40.9,28.2,32.3,41.4,27.0,49.0,44.2,42.4,46.5,43.9,44.0,41.1,38.6,42.6,43.5,42.4,47.0,46.0,44.2,45.7,38.0,46.5,41.3,38.9,40.5,48.9,34.9,38.3,43.8,43.7,37.4,37.9,26.5,43.2,33.8,41.7,24.2,46.8,43.9,40.5,42.6,44.7,43.4,52.0,43.0,43.9,43.5,200211.0
38,42.3,39.8,32.1,25.0,21.8,37.6,26.0,29.8,35.5,24.2,39.8,41.8,38.3,39.2,41.6,42.0,35.6,32.2,38.1,40.4,39.0,45.1,37.1,41.4,41.9,31.0,39.2,36.7,38.2,39.7,46.0,33.7,32.3,40.0,40.8,30.4,31.8,25.1,39.2,27.1,37.8,16.4,44.1,37.4,39.8,39.8,40.4,41.2,42.8,40.4,40.4,39.0,200212.0
39,44.6,41.3,36.9,30.0,28.4,41.8,30.4,33.9,40.4,30.0,45.9,43.9,42.1,45.1,43.7,45.1,40.0,36.4,42.3,43.0,42.3,47.3,43.2,43.9,44.2,36.2,44.0,41.1,42.1,43.3,47.8,38.1,37.9,42.9,43.6,34.6,35.7,30.7,42.0,32.7,41.8,22.6,46.7,42.2,43.7,41.9,43.5,43.5,48.6,43.5,44.1,42.3,200301.0
40,40.7,40.4,30.4,23.0,19.0,35.3,23.3,27.0,34.8,21.6,43.6,40.2,37.0,40.5,40.0,39.0,34.9,31.9,36.4,39.2,38.3,42.5,40.8,40.4,41.0,31.3,42.2,35.8,33.5,35.7,44.7,30.5,30.9,39.5,39.9,31.2,31.9,22.1,37.9,26.3,37.1,16.9,42.1,37.5,36.1,37.5,39.2,39.3,47.6,38.1,39.0,38.0,200302.0
41,44.6,45.1,35.2,28.7,25.3,38.8,29.1,31.1,39.0,28.3,48.0,45.1,41.4,43.8,44.5,42.2,39.0,36.2,40.2,43.1,42.4,45.4,46.5,44.8,45.0,35.8,43.9,39.9,37.4,39.6,47.6,34.7,35.3,43.6,44.2,34.9,36.1,28.7,40.6,30.8,41.1,23.0,44.4,40.2,39.9,39.6,41.1,44.2,52.1,42.3,41.8,42.2,200303.0
42,43.5,45.5,33.4,28.2,24.1,37.3,28.8,30.6,37.4,28.1,48.9,44.1,40.1,42.4,44.2,40.3,37.6,36.5,39.3,43.6,40.9,43.3,47.1,43.9,43.5,34.2,42.9,37.5,37.3,38.7,46.0,33.8,33.3,44.2,45.1,34.9,36.1,28.6,40.2,29.0,39.1,23.2,43.7,39.2,39.1,39.9,41.1,43.0,54.0,40.7,41.5,41.5,200304.0
43,49.8,53.9,43.5,36.9,34.1,45.3,37.5,38.0,46.8,37.2,59.0,51.1,49.1,51.0,52.0,46.0,46.7,45.5,47.6,51.0,50.2,47.1,59.4,52.5,50.4,44.2,50.5,47.8,41.0,43.7,49.7,39.8,43.5,52.5,52.0,45.0,45.3,37.2,47.6,39.2,49.4,33.6,48.1,46.0,43.2,45.9,46.6,51.3,64.2,48.0,47.9,50.1,200305.0
44,54.8,61.5,51.6,44.3,42.1,53.6,45.5,47.2,54.4,46.1,65.8,56.3,57.9,57.2,57.6,50.8,54.6,53.3,54.1,57.2,58.0,50.9,68.1,59.4,55.2,52.6,56.0,58.3,47.6,49.5,52.7,48.2,51.8,58.6,57.0,53.6,53.4,45.2,52.2,48.1,58.0,42.7,51.8,52.1,48.8,50.7,51.7,57.5,70.1,53.9,53.6,58.5,200306.0
45,59.1,68.7,58.7,51.3,50.8,60.4,51.8,54.6,62.7,52.4,74.9,59.6,64.1,65.9,63.3,53.4,62.6,60.8,59.5,64.4,63.1,51.9,77.0,64.5,59.5,59.8,63.5,64.3,53.0,54.8,53.2,55.3,60.1,65.9,62.5,61.3,61.1,52.6,58.1,55.6,63.9,50.1,53.1,59.9,53.8,54.3,56.3,62.6,80.6,58.0,58.4,64.5,200307.0
46,58.7,64.4,54.8,48.9,48.7,56.2,48.7,51.4,57.4,48.3,73.7,58.2,59.1,63.6,59.8,53.6,57.8,57.6,58.4,60.8,58.7,54.2,73.8,60.5,58.2,56.4,63.7,58.8,53.5,54.3,56.6,53.5,55.8,61.8,59.8,57.6,57.3,47.8,57.2,52.2,59.3,47.3,55.1,57.8,54.9,54.8,56.4,59.0,80.4,56.3,57.8,59.7,200308.0
47,58.0,62.3,53.4,45.6,44.5,55.8,44.9,47.7,57.4,44.2,68.7,57.1,57.8,61.2,58.7,53.4,57.6,55.3,56.6,59.2,57.7,54.3,68.7,58.9,57.8,55.2,60.7,58.0,51.0,52.4,55.6,49.7,54.8,60.3,58.7,55.1,55.1,42.7,55.3,50.5,58.1,42.2,54.9,55.7,51.8,53.6,54.6,58.0,75.1,55.7,57.3,58.8,200309.0
48,52.6,54.0,46.7,38.2,38.4,49.0,37.1,40.9,51.0,36.6,61.8,51.5,50.9,55.9,51.7,48.2,50.9,47.3,50.0,52.0,50.7,50.5,60.4,51.7,53.3,47.7,55.9,50.5,45.9,46.4,52.3,42.2,48.0,52.7,52.6,46.8,47.1,35.6,48.6,43.8,51.0,34.6,50.7,50.1,47.2,47.5,49.8,51.4,67.4,49.9,51.2,51.6,200310.0
49,42.7,40.5,32.9,27.0,23.4,37.3,27.0,29.1,36.6,24.8,44.6,42.0,38.6,41.3,41.7,41.0,36.4,33.3,37.7,40.5,39.4,44.4,41.5,41.7,42.4,32.5,43.2,37.4,36.1,39.4,46.5,33.8,33.3,41.0,42.1,32.5,33.4,24.6,39.2,28.6,38.4,20.0,44.2,39.2,38.6,38.3,41.1,40.9,48.6,40.3,40.6,39.2,200311.0
50,42.2,40.5,32.4,26.5,22.7,37.0,27.1,29.2,36.6,24.9,40.1,41.6,37.6,38.9,41.6,41.7,36.5,33.2,39.0,41.2,38.4,44.3,37.0,41.3,41.3,32.1,39.5,35.7,37.4,39.1,45.6,33.2,33.2,41.0,41.9,31.3,33.0,25.3,38.1,28.1,37.1,17.4,44.1,36.9,38.6,39.9,39.3,40.5,43.1,39.9,41.1,38.9,200312.0
51,40.4,38.3,30.7,22.8,20.3,35.4,23.3,27.8,35.2,21.3,40.5,39.6,35.6,39.0,39.2,40.3,34.9,31.3,36.5,39.0,36.7,43.2,37.2,38.9,39.5,30.0,39.2,33.8,37.1,38.3,43.9,32.1,31.5,39.8,40.1,29.7,30.9,23.2,36.4,26.2,36.1,15.4,42.2,35.7,38.8,37.2,37.9,38.6,43.8,38.5,39.2,36.4,200401.0
52,41.5,40.8,30.7,23.8,19.7,36.4,24.9,28.1,35.9,23.0,40.7,41.9,37.8,38.4,41.7,40.7,35.7,32.5,37.4,40.5,39.4,43.3,38.3,42.1,41.7,30.6,38.5,36.1,35.8,38.4,44.8,32.3,30.9,41.5,41.5,30.1,32.0,24.3,37.6,25.8,38.1,16.4,42.9,35.6,38.0,38.4,38.0,41.2,44.4,39.6,40.0,39.2,200402.0
53,47.6,48.9,39.3,30.5,28.5,42.4,30.6,33.2,43.4,30.5,53.2,48.2,45.2,48.2,47.8,44.7,43.4,40.7,43.2,46.3,46.2,47.4,51.3,48.6,49.1,41.2,48.0,44.1,37.1,40.5,49.2,35.8,39.3,47.3,47.4,39.4,40.5,30.5,44.4,35.3,45.0,26.2,46.6,43.5,40.6,42.8,44.9,47.5,58.0,45.7,44.8,46.9,200403.0
54,47.6,49.8,39.8,32.3,29.8,42.3,32.0,34.3,43.7,31.4,53.3,48.0,45.6,47.8,48.9,43.9,43.9,41.3,43.4,48.0,46.1,46.4,52.3,48.8,48.7,40.4,47.3,44.6,38.8,40.8,48.8,36.5,39.7,48.9,48.8,39.9,41.0,31.5,42.3,35.5,45.5,28.0,46.2,42.3,40.8,41.8,43.5,47.9,58.8,45.0,45.4,47.1,200404.0
55,50.6,54.1,43.6,36.7,34.1,45.5,37.2,38.3,46.8,36.6,60.0,51.9,50.2,53.0,52.6,47.0,46.7,45.8,47.6,51.3,50.7,48.3,60.0,53.7,51.0,44.4,52.1,48.8,42.9,44.6,50.8,41.0,43.1,52.4,52.6,44.7,45.7,36.7,46.7,39.3,49.6,34.1,49.0,46.7,45.3,45.3,46.8,52.2,65.5,48.6,48.4,51.2,200405.0
56,53.9,60.4,51.2,43.5,41.6,52.2,44.3,45.5,53.5,44.3,65.6,55.9,57.1,58.0,57.5,50.2,54.0,52.6,53.2,56.6,56.9,50.0,67.6,59.3,54.6,51.8,55.6,56.6,48.0,49.0,52.2,47.3,50.6,57.7,57.3,52.8,52.7,43.8,51.7,47.3,57.1,41.9,50.7,51.2,49.3,49.2,50.8,57.0,70.6,53.0,52.9,58.2,200406.0
57,58.2,65.2,56.3,49.6,49.4,58.8,50.1,53.0,58.8,50.8,72.2,58.0,60.9,62.3,60.0,53.5,59.3,58.2,58.9,61.4,60.8,52.5,73.4,61.5,57.8,57.4,61.5,61.8,53.9,55.0,55.0,55.0,57.0,62.4,60.0,58.2,58.2,50.7,56.2,53.3,61.8,48.2,54.5,55.3,54.6,54.4,55.2,59.3,78.3,56.5,58.0,61.6,200407.0
58,59.0,63.7,55.4,48.7,47.6,57.3,49.3,52.0,58.1,49.1,70.5,58.7,59.6,61.3,60.1,54.7,58.4,56.9,58.4,60.5,59.4,54.4,71.7,60.8,58.6,56.2,60.8,59.8,55.1,55.0,56.3,53.8,56.2,61.6,59.7,56.9,56.8,49.2,56.2,52.2,59.8,44.9,55.3,55.4,55.4,54.1,55.6,59.3,77.4,57.0,57.9,60.7,200408.0
59,56.8,58.8,49.6,41.4,41.4,53.0,41.7,43.7,53.0,40.6,65.2,56.8,55.0,58.9,57.1,52.4,53.1,51.0,53.9,56.9,55.4,53.2,64.2,57.0,57.2,50.2,58.4,54.6,49.2,50.3,54.9,46.7,50.4,57.6,56.8,50.6,51.0,39.2,51.9,46.2,55.7,37.9,52.7,53.5,50.3,50.5,53.1,56.6,70.8,54.7,54.8,55.9,200409.0
60,50.5,51.1,41.8,35.5,33.2,46.0,35.7,37.4,45.5,33.4,55.5,50.3,47.6,50.0,50.2,47.3,46.3,43.2,47.2,49.8,48.6,49.4,53.5,50.2,50.3,41.7,51.0,46.4,44.8,45.6,51.3,41.3,42.4,50.0,50.2,42.3,43.1,33.1,47.2,38.2,47.8,29.6,49.7,46.9,45.8,46.7,47.6,50.1,59.9,48.7,48.8,48.5,200410.0
61,43.7,41.1,34.1,27.7,24.3,38.9,27.6,30.1,37.0,25.2,44.6,43.0,39.3,41.2,42.5,42.2,37.0,34.7,39.0,41.7,41.2,45.5,41.7,42.9,43.2,33.0,41.3,38.9,36.5,38.9,47.1,34.0,34.2,42.1,41.9,33.2,34.5,25.0,38.2,29.5,40.3,22.4,44.5,39.0,38.8,39.2,40.7,42.4,47.9,41.8,41.4,40.5,200411.0
62,41.1,37.3,32.2,24.6,22.6,37.3,24.5,29.1,36.6,23.1,42.2,39.6,37.3,40.1,39.2,40.8,36.3,32.5,37.2,39.0,37.9,44.0,38.5,39.4,40.6,32.7,41.0,37.2,36.9,37.4,44.7,32.0,33.4,38.7,39.1,30.7,31.9,23.6,37.6,29.1,37.2,18.3,42.9,38.0,37.4,37.6,39.0,39.5,44.3,39.3,39.5,38.5,200412.0
63,39.8,40.0,31.4,23.3,22.0,35.6,23.7,28.0,36.0,20.0,43.9,38.9,36.7,41.6,39.5,39.3,36.2,33.5,38.6,40.0,36.9,41.5,40.5,39.0,39.2,32.7,42.1,35.7,35.4,37.4,42.7,32.6,32.5,41.1,39.9,32.4,32.6,21.8,39.2,28.0,36.2,18.0,42.0,40.2,36.8,39.3,41.6,38.2,47.3,37.7,39.5,37.2,200501.0
64,44.9,44.2,34.8,27.0,24.0,39.0,26.8,29.2,38.9,24.1,45.2,44.6,40.7,42.3,44.4,43.4,38.8,35.7,41.3,43.7,42.3,46.4,42.0,44.6,44.5,34.4,43.5,39.4,35.2,39.5,47.9,33.1,35.0,44.4,44.0,33.8,35.4,24.7,42.1,29.4,41.1,19.9,45.9,41.1,38.3,42.6,42.8,43.8,49.2,42.5,43.3,42.0,200502.0
65,46.0,46.2,35.3,27.8,24.6,40.2,28.9,31.2,40.2,27.8,47.3,46.0,42.6,43.7,45.8,44.1,40.1,37.0,42.7,44.8,43.8,46.5,45.4,46.1,46.4,36.0,44.7,40.8,38.2,40.4,48.4,34.9,35.3,45.8,45.6,35.7,36.6,27.7,42.9,30.4,42.0,21.2,46.4,41.1,40.2,42.8,43.6,45.1,51.7,43.6,44.2,43.6,200503.0
66,44.7,45.4,35.4,29.5,25.7,38.4,30.4,31.9,39.9,29.8,49.3,45.3,41.5,44.0,45.5,41.5,40.0,36.5,40.5,44.7,42.7,44.3,47.3,45.6,45.0,35.4,44.6,40.4,37.2,39.2,46.6,34.8,35.4,45.2,46.0,35.4,36.2,30.5,40.4,30.7,42.0,23.6,44.0,40.1,39.9,39.8,41.2,44.7,54.9,41.9,42.3,42.8,200504.0
67,51.6,54.5,43.9,37.9,35.3,46.3,38.9,39.9,48.0,38.8,59.7,52.6,50.1,51.8,52.9,47.9,47.8,45.8,48.9,52.2,51.0,49.6,59.2,53.8,51.8,44.3,51.8,48.9,44.5,46.4,52.3,42.2,43.9,53.5,53.1,44.8,45.5,39.2,47.9,39.6,49.9,35.1,50.3,47.5,46.5,47.0,48.2,52.6,64.5,49.5,49.5,51.2,200505.0
68,53.6,57.3,46.4,40.6,38.0,49.3,40.8,41.7,50.0,39.2,63.8,54.5,52.1,54.0,55.5,49.7,50.0,49.1,50.9,55.3,53.7,49.9,64.4,56.2,53.4,47.4,54.6,51.3,46.2,48.5,52.3,45.0,46.6,56.0,55.3,48.6,48.9,39.6,49.3,42.9,52.2,38.2,50.5,48.6,49.0,48.0,49.6,55.6,70.2,52.2,52.4,52.7,200506.0
69,59.6,68.8,58.9,52.1,51.5,60.5,52.6,53.8,62.2,52.1,73.5,59.5,64.1,64.8,62.8,54.3,62.5,61.1,60.7,64.4,63.7,52.8,75.6,64.8,60.0,60.5,62.8,64.4,54.1,55.5,54.5,55.0,59.9,66.0,62.6,61.6,61.2,51.7,58.6,55.9,64.2,51.1,53.9,58.5,54.5,55.2,56.6,62.0,79.9,58.2,59.4,64.5,200507.0
70,58.1,65.8,56.2,48.6,48.5,58.0,48.6,52.4,60.2,48.5,72.2,57.4,60.9,62.6,60.2,52.1,60.3,58.3,59.0,62.0,60.2,51.2,72.3,61.1,58.6,58.1,62.3,61.0,52.8,53.1,53.5,53.6,57.5,63.3,60.0,58.3,58.4,48.4,56.7,53.5,60.5,46.7,53.2,56.6,52.8,54.0,55.7,59.3,79.4,55.6,57.7,61.5,200508.0
71,53.6,56.1,47.3,40.2,38.8,50.2,40.2,43.0,50.6,38.4,63.0,52.6,52.2,54.6,54.3,49.6,50.9,48.7,51.7,54.3,52.6,50.0,62.5,54.4,53.1,47.6,55.7,51.8,47.6,48.0,52.1,45.8,48.0,55.2,54.0,47.8,48.5,38.0,49.6,43.5,52.5,36.2,51.1,49.8,48.8,48.7,50.5,53.5,70.3,51.3,52.5,53.2,200509.0
72,50.2,50.3,42.8,36.8,34.8,45.0,36.0,37.2,46.1,33.9,56.7,50.0,47.3,50.9,50.1,47.2,46.4,43.6,45.9,49.6,47.5,48.9,54.9,50.0,50.5,42.6,50.8,46.1,43.1,44.8,50.8,40.4,43.4,49.7,50.5,42.6,43.1,33.1,46.1,39.4,47.1,31.8,48.9,46.7,45.3,45.0,47.5,49.8,61.9,48.1,48.5,48.5,200510.0
73,45.8,44.4,37.8,30.7,29.2,40.1,30.0,30.9,41.9,27.5,49.0,44.6,42.0,46.5,43.8,43.2,41.4,38.7,42.5,43.5,42.0,47.1,46.5,44.2,45.9,38.6,46.2,40.7,38.5,40.0,49.0,35.4,38.7,44.1,43.8,37.9,38.7,26.7,42.7,34.6,41.4,25.6,46.5,43.3,39.7,42.3,45.1,43.6,52.3,42.9,44.2,43.3,200511.0
74,43.5,41.2,34.7,28.5,26.8,37.9,27.8,29.0,37.8,25.6,41.4,42.3,38.6,41.7,42.0,42.5,38.1,35.7,39.5,42.1,39.1,45.8,38.6,41.7,42.9,34.6,41.3,37.5,37.0,39.9,46.7,33.8,35.3,42.2,42.5,33.7,34.8,24.4,40.0,30.5,38.7,21.1,45.5,39.3,39.4,40.4,41.7,41.5,43.9,41.0,42.1,40.2,200512.0
75,41.3,38.4,32.0,26.2,23.1,36.1,26.7,29.0,35.7,23.6,40.3,40.8,38.4,39.5,40.4,40.8,35.8,31.9,36.0,39.1,38.5,43.7,38.0,40.9,41.1,31.3,39.5,36.6,36.8,38.8,44.7,32.9,32.5,39.1,40.8,30.1,30.7,25.2,37.5,27.1,38.1,16.5,42.8,36.9,38.6,37.2,39.3,40.2,43.6,39.2,39.2,38.6,200601.0
76,41.0,40.5,32.2,23.4,20.3,35.6,23.0,26.6,36.7,21.1,42.8,40.5,37.1,40.7,40.4,38.8,36.5,32.4,37.1,39.5,38.2,42.3,40.9,40.6,41.6,32.5,40.6,36.0,33.4,35.5,44.1,29.8,32.5,39.8,40.3,31.4,32.4,21.4,37.8,27.5,37.2,16.8,41.5,36.5,35.4,36.7,38.6,39.7,46.4,38.5,39.7,38.9,200602.0
77,40.5,39.8,29.1,23.5,19.6,33.8,24.0,26.4,32.4,22.2,42.3,40.7,36.8,37.9,40.8,38.4,33.3,30.3,35.4,39.5,37.5,41.3,40.1,41.3,40.0,28.5,39.4,33.8,32.8,36.2,43.3,30.2,28.3,39.9,41.0,28.8,29.8,23.2,35.7,24.0,36.4,16.5,41.5,34.7,36.0,36.5,36.9,40.2,48.6,38.0,38.8,38.2,200603.0
78,46.3,48.5,38.0,31.6,28.3,41.5,32.1,32.9,41.2,31.8,49.2,47.4,43.9,43.9,48.1,44.3,41.7,39.6,41.5,47.5,45.8,46.3,48.5,48.7,46.3,38.3,45.2,42.4,38.2,41.9,48.0,36.4,37.9,47.7,48.1,37.5,38.9,31.5,43.5,33.5,44.1,27.6,46.5,41.6,40.9,43.2,43.5,47.3,55.1,44.8,44.2,45.3,200604.0
79,51.0,56.4,45.4,38.8,35.8,47.5,39.0,40.2,49.8,38.9,60.6,52.3,52.3,53.5,53.7,46.8,49.7,47.7,49.0,53.3,52.5,47.7,61.8,54.8,52.0,46.7,52.9,51.2,42.5,45.2,49.9,41.8,45.5,54.7,53.2,47.1,47.5,38.9,48.1,41.6,52.1,35.5,48.7,48.2,44.0,46.7,48.3,53.0,65.4,49.3,49.9,53.3,200605.0
80,56.3,64.0,53.1,46.2,44.7,55.5,46.4,48.4,57.0,46.6,70.0,58.2,59.6,61.3,59.7,52.5,56.8,55.9,55.9,59.7,60.2,52.2,71.1,61.9,57.4,54.8,59.9,59.4,49.8,52.1,53.6,50.2,53.8,61.7,58.9,55.6,55.7,46.3,54.6,49.7,59.4,43.8,52.5,54.5,51.1,51.9,53.2,59.8,76.0,55.6,55.4,60.3,200606.0
81,60.8,69.6,58.9,51.8,51.1,61.1,51.6,54.7,63.2,52.0,77.6,61.2,64.8,67.6,64.1,54.8,63.0,61.9,61.7,65.4,63.9,53.7,77.3,65.4,61.6,61.1,67.3,65.0,53.9,56.5,54.9,56.2,60.4,67.8,63.7,62.2,61.9,52.2,59.9,56.1,64.5,50.8,54.8,61.3,54.6,55.8,58.0,63.2,83.0,59.2,60.4,65.0,200607.0
82,56.5,61.9,53.2,46.0,45.9,55.8,46.2,49.8,57.2,46.6,70.4,56.0,58.6,60.4,57.6,51.6,57.1,55.2,56.9,58.5,58.0,51.3,71.2,59.0,56.2,54.6,61.4,58.8,51.1,51.9,54.0,51.4,54.5,59.8,57.3,54.8,55.1,46.3,53.7,50.1,58.3,43.6,53.2,54.4,51.8,51.9,54.9,57.2,77.8,54.6,56.3,59.0,200608.0
83,54.5,58.7,49.8,42.4,41.1,52.8,42.0,45.1,54.8,41.2,65.6,53.8,54.9,58.0,55.4,50.9,54.4,51.1,54.3,55.8,54.9,50.4,64.4,56.1,54.5,50.8,58.1,54.8,48.8,49.6,51.8,47.2,51.5,56.1,55.3,50.8,51.3,40.6,51.6,46.7,54.9,38.0,51.4,52.5,49.4,49.6,52.8,54.9,71.8,53.0,54.2,56.2,200609.0
84,49.7,48.8,41.1,34.3,32.6,44.3,33.5,36.3,45.4,31.8,55.2,48.4,46.4,49.7,48.0,46.0,45.4,42.5,45.6,47.8,46.6,48.6,53.2,47.9,49.6,42.0,50.5,45.8,41.7,42.8,50.6,38.6,42.2,47.9,48.4,40.9,41.8,31.0,44.8,37.9,46.2,29.4,48.8,45.4,43.6,44.2,46.4,47.4,60.5,47.1,48.1,47.2,200610.0
85,45.1,43.2,36.5,29.9,28.5,40.3,30.2,32.0,39.7,26.9,48.5,44.7,41.2,46.4,44.5,43.7,39.6,37.9,40.4,43.8,42.1,46.7,45.8,44.6,45.0,36.9,46.5,39.9,39.3,42.1,48.0,36.2,36.9,43.8,44.7,36.2,36.9,27.4,41.7,33.0,41.5,24.2,45.6,42.0,42.2,40.3,43.6,44.2,52.2,42.8,42.9,42.2,200611.0
86,39.2,35.8,31.0,23.9,22.3,35.0,23.5,27.3,35.1,20.7,39.3,37.7,35.7,38.6,37.5,38.3,35.0,30.8,35.5,36.0,35.9,41.9,36.0,37.8,38.8,31.1,38.8,34.8,35.4,36.5,43.0,30.9,32.3,35.2,37.2,28.7,29.8,21.5,35.2,27.7,35.5,16.4,41.1,35.6,36.8,35.5,37.8,37.5,41.7,36.9,37.9,37.2,200612.0
87,35.7,31.0,26.1,18.9,16.5,31.2,18.4,23.1,31.4,14.9,37.5,33.7,32.1,36.0,32.3,34.4,31.3,26.0,30.9,31.8,32.1,38.3,33.7,32.6,35.5,26.8,35.8,31.9,30.2,30.7,40.4,25.6,27.6,31.2,32.6,24.5,25.4,16.0,31.2,23.3,31.8,11.9,37.4,33.0,31.0,31.0,34.1,32.6,39.9,33.0,33.9,32.7,200701.0
88,42.2,41.4,33.4,26.5,23.5,36.1,26.0,28.3,36.6,24.2,42.8,41.9,38.7,40.8,41.9,40.5,36.9,33.6,37.3,40.2,39.3,43.5,41.0,42.6,42.0,32.8,41.2,36.7,35.3,37.8,45.6,31.4,33.1,40.2,42.3,31.7,33.0,24.9,38.4,28.7,38.3,19.3,43.5,37.2,37.5,38.4,40.0,41.5,46.8,39.7,40.1,40.5,200702.0
89,44.5,46.6,36.9,29.1,27.0,40.3,28.7,31.7,41.5,28.7,48.8,44.9,43.2,45.9,45.2,42.2,41.1,38.3,41.8,45.1,43.4,44.1,48.2,45.7,45.6,37.5,44.7,41.8,37.0,39.7,46.4,34.6,36.9,45.0,45.4,36.3,37.7,29.2,41.4,32.4,43.2,24.1,43.3,40.8,39.4,40.0,42.4,44.6,53.0,42.4,43.3,44.4,200703.0
90,45.6,48.6,38.0,31.4,29.4,40.6,31.5,32.2,42.0,30.6,52.4,46.6,43.5,47.2,47.3,42.7,42.2,40.2,42.1,47.3,44.4,44.5,52.5,47.2,46.4,39.2,46.5,42.6,36.9,39.7,46.7,35.1,38.2,47.7,47.9,38.8,40.0,30.5,42.2,34.4,44.0,28.6,44.3,41.8,39.5,41.0,43.1,47.0,56.5,43.8,43.4,45.1,200704.0
91,49.6,54.7,44.6,37.6,36.0,47.0,37.4,39.6,48.5,37.3,59.5,51.1,50.6,52.1,51.9,46.4,48.4,46.8,47.8,51.7,51.4,47.2,60.3,53.2,50.5,46.3,51.4,50.2,42.3,43.6,49.3,41.0,44.8,52.9,52.1,46.0,46.6,37.5,46.4,41.0,50.9,35.3,47.2,45.3,43.6,44.7,46.0,51.8,64.5,48.6,47.8,52.0,200705.0
92,53.3,60.2,50.2,43.3,42.5,51.6,43.2,44.0,53.8,42.6,65.3,55.2,55.8,58.0,56.7,49.6,53.8,52.7,53.2,56.8,56.1,49.2,67.8,57.9,54.6,51.9,55.2,55.9,45.5,47.7,51.0,46.2,50.7,57.8,56.4,52.5,52.7,41.9,51.5,47.3,55.8,42.0,49.1,50.3,47.4,48.5,50.3,56.6,71.2,52.8,52.1,56.5,200706.0
93,57.8,65.5,56.4,50.4,50.7,57.6,50.2,53.2,58.8,50.7,73.7,57.9,60.7,64.0,59.9,53.3,59.1,58.8,58.7,61.0,59.9,52.8,75.3,61.2,57.5,58.4,62.5,61.2,54.4,54.9,54.5,55.0,57.5,62.7,60.3,59.0,58.7,51.3,56.8,54.3,60.7,50.6,53.7,57.1,55.5,53.8,55.4,59.6,79.8,56.3,57.1,61.2,200707.0
94,58.2,65.2,55.9,48.6,49.8,56.8,48.2,50.2,59.1,48.1,74.2,57.6,59.8,64.2,60.0,53.5,59.0,58.3,58.8,61.2,59.3,53.2,74.5,60.8,58.4,57.5,64.7,59.7,52.0,53.5,54.7,52.4,57.2,62.3,60.3,58.0,58.3,47.8,56.8,53.3,59.6,48.1,53.8,57.5,53.4,53.6,55.7,58.9,81.0,56.0,57.0,60.7,200708.0
95,55.4,57.9,48.0,41.2,39.7,50.6,41.4,43.5,51.0,39.2,65.6,54.7,53.5,56.6,55.6,50.8,51.4,50.5,52.3,55.6,53.2,52.1,64.2,55.6,55.1,48.9,57.4,52.4,48.0,50.4,54.8,47.2,48.5,56.7,56.3,49.8,49.7,38.7,52.1,44.9,53.1,38.7,52.7,51.8,49.8,50.4,52.1,54.9,72.0,52.8,53.0,53.8,200709.0
96,49.5,49.9,41.4,34.6,33.1,44.2,34.8,36.0,45.0,32.3,56.2,49.2,46.6,50.8,49.2,46.6,45.0,43.0,46.0,48.9,46.6,48.4,53.7,48.9,49.4,41.9,51.5,45.3,43.3,45.1,50.8,40.9,42.2,49.0,49.7,41.5,42.3,31.7,46.6,38.0,45.8,30.3,48.3,47.0,45.2,45.1,47.4,48.9,60.5,47.5,47.1,46.9,200710.0
97,44.8,44.1,37.6,29.9,28.7,40.5,28.7,32.1,42.1,27.0,49.9,43.7,42.5,46.9,43.6,42.3,41.8,38.5,41.9,43.6,42.5,45.4,47.4,43.8,45.5,39.1,47.2,42.0,37.3,39.6,47.6,35.7,38.5,43.8,43.7,38.0,38.2,27.0,41.5,35.1,42.4,24.5,44.5,42.3,40.2,40.3,43.7,42.9,53.4,42.1,42.8,43.4,200711.0
98,38.8,35.3,28.4,21.6,19.8,32.9,22.5,24.9,32.4,18.6,38.8,37.8,34.3,37.4,37.1,37.8,32.5,29.1,33.1,36.3,35.0,40.8,35.2,37.2,38.4,28.4,38.1,33.1,32.7,34.4,42.6,29.1,29.0,35.9,36.9,27.2,28.1,18.1,33.8,24.8,34.6,15.4,40.0,34.4,34.3,33.9,36.2,37.1,41.4,36.2,36.5,35.1,200712.0
99,39.5,38.1,29.0,21.6,18.9,33.8,21.3,23.6,32.5,17.7,39.6,38.4,34.7,38.0,38.3,38.8,33.2,30.4,35.9,37.6,35.9,41.4,35.8,38.1,38.5,29.0,39.4,32.9,31.8,35.8,42.2,28.9,29.6,37.8,38.4,28.6,29.9,17.5,37.2,25.0,35.1,14.8,40.4,37.4,34.3,36.8,39.1,37.8,42.5,37.4,37.0,35.7,200801.0
100,40.6,39.7,30.6,22.0,20.4,35.3,21.5,26.5,35.4,20.4,42.0,39.9,36.2,40.2,39.5,38.8,35.6,32.0,36.8,39.0,38.8,41.7,39.7,40.6,41.0,31.7,40.2,35.7,33.0,35.5,43.6,29.5,31.2,39.5,39.6,31.0,31.7,21.0,37.8,26.8,37.0,16.6,41.5,36.8,35.1,37.3,39.2,39.3,46.0,38.0,38.8,37.8,200802.0
101,42.1,42.8,33.2,26.1,23.2,35.8,25.6,26.6,37.9,24.1,46.6,42.5,39.1,43.2,42.7,38.9,37.7,34.8,38.3,41.6,39.6,41.8,44.9,42.4,42.8,34.5,42.8,37.1,32.2,35.4,44.8,30.4,33.6,42.4,42.3,33.2,34.4,23.3,38.8,29.0,38.3,21.0,41.4,38.2,35.4,37.9,39.8,41.6,51.1,39.2,39.7,40.4,200803.0
102,43.0,46.0,34.9,27.7,26.4,36.7,27.6,28.5,38.8,26.5,51.0,43.9,41.0,45.6,43.8,39.6,39.0,37.2,39.1,43.6,41.4,42.3,49.7,44.1,43.9,36.7,45.9,39.2,33.6,35.9,44.8,31.3,35.1,44.5,44.2,36.3,37.2,26.1,40.3,31.9,40.4,25.6,42.6,39.8,36.2,38.7,41.0,42.9,56.0,40.5,40.7,42.1,200804.0
103,49.7,54.8,44.4,37.6,34.4,46.8,37.9,38.9,48.0,37.3,56.6,52.0,51.6,50.4,53.0,47.1,48.0,46.3,46.8,52.2,52.4,47.0,56.6,54.5,50.8,45.2,49.9,50.4,41.6,44.6,48.8,41.4,44.2,53.1,52.8,44.4,45.7,37.1,45.8,40.1,51.3,33.8,47.1,45.5,44.1,44.5,45.8,53.2,61.6,49.1,47.6,52.5,200805.0
104,53.6,60.9,50.2,42.3,41.1,52.6,42.3,43.2,54.8,41.6,67.7,55.9,57.1,59.5,57.3,49.5,54.7,52.9,53.4,57.1,57.9,48.9,68.8,59.3,55.7,52.6,57.9,56.2,44.4,47.3,50.5,44.7,50.9,58.7,57.0,52.8,53.2,41.0,51.6,47.1,57.0,40.4,49.2,52.0,46.2,49.0,50.8,57.5,73.2,53.3,52.2,57.5,200806.0
105,57.8,66.9,56.1,49.5,49.3,58.5,49.4,52.0,59.6,49.4,73.9,58.0,61.7,63.7,60.1,52.9,60.2,59.3,59.0,61.3,61.4,52.0,74.6,61.8,57.9,59.0,62.7,62.2,51.4,54.1,53.9,53.2,57.6,63.0,60.0,60.0,59.5,49.8,57.7,54.3,62.0,49.1,53.5,57.8,52.5,53.9,56.5,59.7,79.8,56.5,57.5,61.9,200807.0
106,58.0,66.4,56.6,50.1,49.8,58.7,50.5,51.1,60.1,49.3,73.3,58.2,61.7,63.9,60.4,53.9,60.1,59.0,58.4,61.6,61.2,53.0,74.3,61.9,58.6,58.5,63.4,62.0,52.8,54.2,54.5,53.4,57.9,63.2,60.3,59.0,59.2,48.3,57.7,54.4,61.8,48.2,53.7,58.8,53.4,53.8,56.8,60.0,79.5,56.7,57.5,62.3,200808.0
107,56.2,60.5,51.5,43.5,42.7,53.5,43.5,47.0,56.1,42.5,68.0,55.0,56.6,60.6,56.6,51.1,56.1,53.2,55.8,57.3,55.3,52.1,67.4,56.6,56.6,53.5,60.4,56.3,50.8,50.7,53.9,49.0,53.0,58.3,56.6,53.2,53.6,41.6,53.8,48.8,56.4,39.7,52.8,55.0,50.8,51.2,54.7,55.3,74.2,53.4,54.8,57.3,200809.0
108,51.3,51.8,43.4,35.7,34.3,47.1,35.6,38.7,48.3,33.8,57.2,50.4,49.0,53.2,50.3,47.3,48.1,44.7,48.2,50.7,49.2,49.8,55.5,50.4,52.3,44.4,52.9,48.4,43.8,45.4,51.9,41.4,44.8,51.4,50.6,43.2,44.9,33.9,47.2,40.2,48.9,30.0,49.6,47.4,45.4,45.9,48.0,49.7,61.8,48.9,49.9,49.4,200810.0
109,47.7,46.0,39.4,32.1,30.2,43.2,32.2,34.6,43.0,30.0,51.5,46.4,44.2,48.1,46.0,45.9,42.8,40.0,43.2,45.5,44.3,48.7,48.1,46.3,47.4,39.4,48.9,43.2,42.4,43.6,50.1,38.4,40.0,45.8,45.7,39.3,39.6,30.4,44.4,35.7,43.8,26.9,48.0,44.9,43.8,43.6,47.0,45.6,54.6,45.1,46.0,45.1,200811.0
110,37.8,36.3,28.8,21.6,20.6,32.8,20.9,24.2,32.7,17.9,41.1,36.1,33.5,38.6,36.1,36.2,32.8,30.0,33.9,35.9,33.6,39.8,36.5,35.9,37.2,29.1,40.6,32.3,32.8,34.1,42.1,28.6,29.8,36.1,36.5,28.4,29.2,18.2,35.0,25.6,32.5,14.8,39.6,35.8,34.5,34.5,38.5,35.3,44.6,34.9,36.3,34.4,200812.0
111,39.7,37.6,32.0,24.0,22.9,37.1,23.6,27.5,37.6,21.0,44.2,37.6,37.0,42.2,37.2,38.0,36.8,32.5,36.8,37.4,38.0,41.7,40.2,38.0,40.3,33.4,43.3,37.0,36.2,35.7,43.2,30.9,33.7,37.2,37.1,32.2,32.0,21.7,37.4,29.4,36.1,19.4,42.3,39.9,36.0,36.6,40.1,37.1,46.9,37.6,39.5,37.8,200901.0
112,41.7,40.2,32.1,24.7,21.8,35.5,25.2,27.9,36.1,24.2,41.8,41.3,38.1,39.6,41.9,40.2,36.3,33.3,37.3,41.0,38.6,42.9,39.1,41.8,41.4,32.0,40.5,36.3,34.2,37.2,44.8,30.6,32.4,41.4,42.0,30.5,32.0,24.4,38.1,27.2,37.5,18.0,42.8,36.2,36.2,38.7,38.9,41.0,46.3,39.3,39.7,39.2,200902.0
113,42.8,42.5,32.3,25.8,21.5,36.4,26.0,27.4,37.0,24.3,45.4,43.0,39.3,41.4,43.0,40.3,37.0,34.0,38.7,41.9,40.1,43.1,43.0,43.0,42.8,33.2,41.8,37.4,33.7,37.1,45.3,31.6,32.3,42.8,43.1,32.0,33.4,24.4,39.0,27.6,38.9,19.2,42.8,37.3,36.7,38.7,39.6,42.6,50.5,40.2,40.3,40.1,200903.0
114,44.6,45.9,36.2,30.0,26.5,38.6,29.9,31.0,40.0,28.8,50.0,45.2,42.8,44.6,45.7,41.5,39.9,37.6,41.0,45.2,43.0,43.8,48.4,46.2,45.0,36.5,45.1,41.0,35.8,38.6,46.4,33.8,36.2,46.2,45.8,36.3,37.2,28.8,40.1,31.3,42.3,24.4,44.4,39.2,38.3,40.1,40.6,45.1,54.6,42.2,42.3,43.4,200904.0
115,51.4,59.1,47.7,41.1,38.3,49.4,40.1,40.8,51.5,39.7,63.6,52.8,53.2,55.4,54.4,48.0,51.8,50.6,51.6,55.2,54.4,48.1,64.5,56.2,52.4,49.5,54.8,52.6,44.1,46.2,49.1,43.0,47.7,56.6,54.4,49.9,50.6,39.4,50.5,44.2,53.2,38.4,48.7,49.0,45.6,48.1,49.1,53.9,68.9,50.2,50.9,54.8,200905.0
116,54.7,60.2,49.5,43.1,40.1,51.5,43.8,45.4,51.8,43.4,64.3,55.4,55.8,55.2,56.6,49.8,52.2,51.6,52.2,56.9,56.3,50.4,64.1,58.4,54.4,50.0,55.3,55.7,48.5,49.8,53.3,48.0,49.2,57.9,56.3,51.0,51.0,43.5,52.1,45.2,56.0,40.2,51.7,50.4,50.1,50.2,51.6,56.5,70.1,52.6,53.4,56.5,200906.0
117,56.9,66.9,56.6,49.8,50.0,58.8,49.8,53.4,60.0,50.1,74.7,56.5,60.8,64.1,59.3,51.6,60.4,59.6,58.6,61.3,61.1,50.4,76.1,61.3,57.3,59.0,63.9,62.4,53.8,52.9,52.7,53.8,57.7,63.2,58.8,59.9,59.8,50.3,57.0,54.2,61.7,48.7,52.5,56.7,54.0,53.3,55.5,58.6,82.0,55.3,57.5,62.0,200907.0
118,57.7,63.4,54.7,48.6,46.4,56.7,48.9,50.1,58.1,47.8,70.6,57.1,60.2,61.7,59.2,52.9,58.4,56.6,58.2,60.4,59.2,52.4,71.2,60.4,57.9,56.1,61.4,60.0,52.2,52.6,54.5,52.0,55.5,62.0,58.7,56.4,57.0,46.9,55.4,51.7,59.6,45.4,53.8,55.2,53.1,53.1,54.6,58.5,78.0,55.7,57.2,60.6,200908.0
119,57.7,61.4,53.5,45.7,45.2,54.9,45.7,47.3,57.3,44.4,68.7,57.1,58.5,61.4,59.1,52.0,57.4,55.4,57.0,59.9,57.5,52.7,68.2,59.5,58.4,54.8,60.8,57.6,50.5,52.2,54.6,50.1,54.8,61.4,59.0,54.5,55.6,43.6,55.5,50.4,58.2,42.7,54.2,56.0,52.2,52.8,55.1,58.2,74.9,55.1,56.6,59.1,200909.0
120,50.6,49.6,41.0,34.9,32.2,45.0,34.8,36.6,44.7,32.2,54.0,50.2,46.6,49.9,49.7,47.9,44.6,42.6,46.2,49.3,48.2,49.8,51.8,50.1,50.1,41.1,49.7,46.2,42.9,45.2,51.5,40.8,41.6,50.2,49.6,40.9,41.8,31.4,47.3,36.9,47.4,29.3,49.9,46.2,45.4,46.2,47.6,49.6,58.7,48.8,48.6,47.4,200910.0
121,42.8,40.2,35.7,28.7,27.4,38.4,28.4,29.6,39.6,25.7,47.3,42.3,40.5,44.0,41.6,41.1,39.2,35.5,39.0,40.6,39.9,44.5,44.4,41.9,43.6,36.3,44.7,39.1,36.9,38.2,46.7,33.1,36.4,41.3,41.0,35.2,35.3,25.2,39.0,32.6,39.2,23.3,43.8,40.0,38.8,37.8,41.2,41.4,51.3,40.9,41.1,41.2,200911.0
122,38.8,37.5,28.4,20.2,18.6,33.5,19.8,24.2,33.2,15.5,39.9,37.5,34.1,38.5,37.0,38.4,33.3,30.2,35.3,37.3,34.4,41.0,35.3,36.4,38.1,29.5,39.8,32.7,33.1,35.0,42.8,28.8,29.4,37.4,37.3,29.0,29.8,16.9,36.8,25.3,33.8,13.6,41.0,36.2,34.8,36.8,38.6,36.6,43.1,36.5,37.5,35.2,200912.0
123,41.9,40.6,33.6,27.1,24.0,38.4,28.4,31.8,37.1,27.0,42.0,41.5,39.1,40.9,41.6,42.5,37.3,33.8,39.0,41.1,39.6,44.6,38.3,41.9,41.5,33.4,41.2,38.1,39.6,41.5,45.2,36.0,34.1,41.2,41.7,31.7,32.6,28.4,40.3,28.9,39.6,17.6,44.1,38.5,42.2,40.6,41.2,41.0,45.9,40.4,40.8,39.5,201001.0
124,44.0,43.0,34.2,27.1,24.0,37.6,27.0,29.7,37.9,26.1,44.2,44.0,40.2,41.0,44.2,42.4,37.8,35.1,39.9,42.9,41.2,45.5,41.3,44.6,43.9,33.6,41.6,38.0,38.2,40.1,47.0,34.3,34.4,44.0,44.1,32.8,34.4,25.6,40.7,28.7,39.8,19.8,44.9,37.7,40.7,40.9,40.6,43.4,48.1,41.6,41.9,41.4,201002.0
125,42.4,42.1,32.6,25.7,21.9,36.1,26.1,28.2,37.0,25.1,45.3,42.7,39.0,42.0,42.9,39.6,36.9,34.2,38.2,41.3,40.1,42.7,43.4,43.2,43.0,33.4,42.8,37.0,34.1,36.7,45.8,31.6,32.4,42.2,42.6,32.6,33.4,25.0,39.0,27.6,38.6,19.4,42.5,38.1,37.0,38.4,40.2,41.8,50.0,39.7,40.0,40.4,201003.0
126,43.4,44.4,33.8,27.7,23.5,37.1,28.3,29.3,37.5,27.1,48.0,44.2,39.8,42.6,44.6,40.6,38.0,35.4,39.0,43.2,41.2,43.2,46.4,44.6,43.8,33.8,43.4,38.3,35.2,38.0,46.1,32.8,33.5,44.3,44.5,34.2,35.0,27.4,40.8,29.0,40.2,22.0,43.2,39.1,38.1,39.9,41.0,44.0,53.5,40.8,40.9,41.4,201004.0
127,46.8,49.8,37.9,31.9,28.7,40.6,32.0,33.4,41.9,31.3,54.8,48.0,44.6,47.8,48.4,43.0,42.0,40.8,43.2,47.6,45.6,45.3,53.6,49.1,47.3,39.0,47.7,43.1,38.2,41.0,47.6,36.7,37.9,48.5,48.6,39.6,40.2,31.5,43.7,33.9,43.5,27.8,45.3,42.8,41.1,42.8,44.3,47.9,59.6,44.5,44.8,45.8,201005.0
128,54.4,60.2,49.8,43.6,41.9,52.5,44.2,43.6,53.1,43.2,64.9,56.2,56.8,57.1,58.0,50.9,53.0,52.2,52.6,57.0,58.0,50.4,66.9,60.0,55.1,51.0,55.0,55.8,46.3,49.6,52.1,46.3,50.3,58.1,57.8,51.8,52.0,42.6,51.3,46.4,57.5,42.3,50.6,51.0,48.6,49.6,50.4,58.0,70.4,54.1,52.4,57.3,201006.0
129,56.4,65.0,55.5,49.5,48.4,57.9,50.1,52.5,58.6,50.2,73.0,56.1,61.0,62.1,58.0,51.9,59.0,58.4,58.3,59.3,60.9,50.5,75.2,60.7,56.1,57.8,61.1,62.6,52.6,52.9,52.8,54.2,56.8,61.2,57.8,59.0,58.6,49.2,55.2,53.3,62.3,48.9,52.7,55.4,52.6,52.9,53.7,58.1,80.0,54.8,56.6,61.2,201007.0
130,55.2,62.1,52.3,45.7,45.1,55.1,46.5,49.8,55.6,46.9,70.8,54.5,57.7,60.2,56.1,51.4,55.8,55.2,56.0,57.0,57.7,50.8,70.8,58.1,54.6,54.2,60.2,58.4,51.6,51.7,52.6,51.5,53.2,58.9,55.9,54.9,54.8,46.4,54.0,49.9,58.3,44.4,52.6,53.8,52.1,51.6,53.6,55.7,78.3,53.3,55.2,58.3,201008.0
131,56.4,59.1,50.4,42.0,42.1,52.9,42.2,45.5,54.8,41.3,65.4,55.6,55.5,57.8,57.2,51.3,54.6,52.0,54.8,56.8,55.8,52.2,65.5,57.6,56.9,51.5,57.2,55.1,50.7,50.9,53.9,48.6,51.8,58.0,56.7,51.1,52.0,40.7,52.2,47.3,55.5,38.7,52.8,51.9,51.7,50.9,52.4,56.2,71.8,54.1,54.9,56.2,201009.0
132,52.1,54.3,44.9,38.7,36.4,47.4,39.6,40.4,48.7,37.9,57.6,52.0,50.3,52.4,52.5,49.4,49.3,46.6,48.6,52.2,50.2,50.8,55.8,52.6,52.0,45.1,52.8,49.3,45.0,47.6,52.4,43.6,45.8,53.5,52.6,46.0,46.3,37.2,50.3,41.7,50.2,33.8,51.1,49.7,47.3,48.7,50.5,52.0,62.2,50.6,50.6,51.2,201010.0
133,43.4,41.4,33.8,26.9,24.2,38.0,26.9,29.6,37.7,24.2,45.6,42.8,39.6,42.6,41.7,41.9,37.6,34.7,38.6,41.2,40.7,44.9,42.6,42.8,43.2,33.9,42.7,38.4,37.4,38.8,46.7,34.0,34.2,42.0,41.9,33.7,34.6,24.0,39.4,29.9,39.7,21.5,44.0,39.5,39.1,38.9,41.4,42.1,49.5,41.2,40.9,40.7,201011.0
134,43.4,42.5,33.6,27.1,25.1,37.9,28.0,30.0,37.3,26.5,44.3,43.2,39.4,42.4,43.3,43.7,37.6,35.2,38.8,42.4,40.4,46.1,41.0,43.6,42.9,33.6,42.8,37.4,38.0,41.9,46.4,35.0,34.0,42.8,43.4,33.6,34.8,25.9,41.1,29.6,39.6,21.9,44.9,40.2,40.0,40.9,43.0,42.7,47.5,41.8,41.4,40.4,201012.0
135,39.9,38.4,31.7,24.0,22.7,36.2,23.6,27.9,36.0,21.8,41.8,38.3,35.9,40.6,37.8,39.0,35.5,32.8,37.0,38.4,36.5,41.8,38.3,37.6,39.5,32.0,41.0,35.6,36.4,36.6,43.3,32.2,32.9,38.1,38.2,30.3,31.8,21.3,37.8,28.1,35.7,18.1,42.6,38.1,37.8,37.5,40.4,37.4,43.7,37.8,39.6,37.0,201101.0
136,38.5,37.2,28.1,20.4,16.5,33.4,20.7,24.8,32.8,18.6,39.5,38.0,34.8,36.8,37.4,36.3,32.9,29.4,33.8,36.4,35.8,39.8,36.8,37.6,38.9,28.5,37.8,33.9,32.1,32.7,42.6,28.1,28.4,37.6,37.2,28.1,29.2,19.4,34.7,23.4,35.0,14.8,40.0,33.7,33.6,34.9,35.5,37.3,42.7,36.6,36.6,36.3,201102.0
137,43.7,43.7,33.2,26.9,24.3,36.5,27.6,29.9,37.0,27.2,47.2,44.1,40.2,42.5,44.1,41.8,37.2,35.0,39.6,43.0,40.3,44.3,44.8,44.2,43.4,33.5,43.1,37.5,37.3,39.4,46.5,33.5,33.0,43.7,44.2,33.5,34.8,27.5,41.2,28.5,39.2,21.6,44.3,38.5,39.2,40.5,41.6,43.1,52.1,41.4,41.0,41.0,201103.0
138,44.6,46.3,35.3,28.8,25.7,38.4,29.2,29.7,39.0,28.0,51.8,46.0,41.7,46.0,46.1,42.2,39.4,37.6,40.7,45.2,43.4,44.7,49.9,46.8,45.0,36.1,46.6,40.1,36.0,38.5,47.0,33.8,35.3,46.3,46.5,37.0,37.3,27.2,42.2,30.8,41.6,24.7,44.3,41.1,38.1,40.7,43.0,45.9,57.0,43.2,41.9,42.8,201104.0
139,47.3,49.8,38.6,33.4,29.8,42.8,34.1,34.4,42.4,33.6,54.7,48.4,45.7,48.1,48.9,43.7,42.4,41.1,45.1,47.8,47.2,45.0,54.3,49.7,47.4,39.7,48.2,44.0,39.5,41.4,48.4,37.6,38.9,49.0,48.9,40.6,41.1,32.5,44.2,34.5,44.9,29.2,46.2,43.2,42.0,43.4,44.7,48.6,59.7,45.3,45.2,46.7,201105.0
140,52.7,58.9,47.2,41.1,37.9,52.3,42.4,42.2,50.5,42.0,63.4,54.5,54.5,54.7,55.4,49.7,51.1,49.9,52.2,55.2,57.5,49.2,64.6,58.2,53.4,47.8,53.7,54.0,45.4,48.6,51.1,45.8,47.0,57.3,55.1,49.5,50.2,40.4,51.3,43.5,55.7,38.9,49.9,49.2,48.0,49.2,50.4,56.2,69.6,53.1,51.3,55.2,201106.0
141,57.0,64.8,53.4,47.5,45.6,58.8,48.0,50.6,56.6,48.2,71.4,57.6,59.6,61.9,59.5,53.5,57.1,57.1,58.1,60.3,61.0,51.8,72.7,61.3,57.1,55.7,60.9,60.5,51.6,54.0,53.5,52.6,54.4,62.4,59.1,57.5,56.7,47.5,56.6,50.9,61.3,46.1,52.9,56.7,52.9,53.6,55.7,59.7,78.1,56.6,56.3,60.1,201107.0
142,56.5,63.6,53.9,46.4,46.4,56.9,46.8,50.9,56.8,47.8,72.6,56.0,58.8,62.0,57.8,52.6,57.5,56.4,57.1,59.2,59.1,51.6,73.1,59.3,57.0,55.2,61.0,59.6,53.2,53.2,53.5,52.4,54.4,60.8,58.2,56.7,56.7,48.0,55.3,51.3,60.1,45.8,53.3,55.5,53.6,52.8,54.6,56.9,80.2,55.2,56.5,59.8,201108.0
143,56.7,62.8,53.4,45.9,45.3,55.3,46.2,48.2,56.7,45.4,67.9,56.8,58.7,59.6,58.6,52.6,57.3,55.5,55.5,58.9,59.3,52.5,67.3,60.3,57.2,54.6,59.0,58.2,51.1,52.1,53.7,49.9,53.4,60.5,58.5,54.4,55.3,44.9,54.6,50.4,59.1,42.9,53.3,54.2,51.6,53.1,53.9,58.6,74.0,55.8,56.0,59.6,201109.0
144,52.3,53.6,44.3,36.8,35.9,48.8,36.9,38.7,48.1,34.8,57.1,51.7,49.0,51.7,51.5,50.0,48.2,46.0,48.8,51.6,49.8,51.0,55.7,51.2,52.6,45.1,51.5,49.1,45.3,48.3,53.5,43.9,45.1,52.4,51.3,44.4,45.6,33.9,48.8,40.9,49.4,32.8,52.1,47.7,48.2,47.9,49.3,51.3,62.2,50.6,51.2,49.7,201110.0
145,42.9,41.6,34.2,27.4,26.0,37.7,26.8,29.8,37.7,24.3,44.6,41.6,38.9,42.7,41.8,40.1,37.8,35.2,39.2,41.2,39.9,43.8,41.8,41.7,42.7,34.5,43.6,37.7,36.6,38.8,46.4,33.6,34.4,42.0,42.0,34.0,34.9,24.7,40.3,30.7,38.8,21.5,43.7,41.0,39.1,39.4,42.2,40.9,48.9,39.4,40.8,40.3,201111.0
146,37.2,31.0,30.3,22.5,20.2,31.6,21.6,22.9,32.8,17.7,37.5,34.4,34.4,36.8,34.2,35.1,31.3,26.9,30.4,32.6,32.6,39.0,34.2,34.2,37.0,28.2,37.2,32.8,31.2,32.0,42.1,26.2,30.3,32.6,33.8,26.5,26.5,19.1,31.4,24.7,33.1,14.0,38.4,33.4,32.2,31.4,34.8,33.8,40.4,35.0,35.7,36.0,201112.0
147,39.0,35.8,32.0,25.5,25.3,34.8,23.5,26.9,36.8,21.8,42.0,36.9,36.5,41.2,36.5,37.4,36.2,31.5,36.6,36.0,35.4,41.3,38.8,36.6,39.6,32.9,41.6,34.8,34.7,34.9,43.1,29.4,33.5,37.0,36.3,30.3,31.5,22.0,35.5,29.6,34.6,19.8,40.8,37.5,35.8,35.7,39.6,35.8,44.5,35.9,38.1,37.0,201201.0
148,41.1,39.7,31.2,24.0,21.0,35.3,23.9,26.2,35.6,22.2,42.5,40.5,36.8,39.6,40.2,39.0,35.6,32.3,36.3,39.1,38.2,42.1,39.9,40.4,41.2,31.7,40.0,36.2,33.4,35.9,44.4,30.2,31.6,40.2,40.1,30.5,31.9,21.8,36.6,27.1,37.2,17.9,41.8,35.8,36.0,36.6,39.2,40.3,45.9,38.6,38.7,38.2,201202.0
149,42.1,42.7,33.6,27.0,24.7,35.7,27.4,27.8,36.7,26.8,45.0,42.8,37.9,40.8,42.9,40.0,37.0,35.1,38.4,41.3,39.5,42.6,43.7,43.0,42.0,33.6,41.6,37.0,32.9,37.0,44.8,31.0,33.1,42.6,42.4,32.0,34.2,26.2,38.3,29.0,39.1,22.7,42.7,36.3,36.3,38.6,39.0,42.4,49.4,40.2,39.6,40.5,201203.0
150,46.1,48.8,38.2,31.0,28.6,40.4,31.4,33.7,41.7,32.0,52.1,47.3,43.6,45.9,47.5,43.6,42.0,39.9,42.7,46.8,45.4,45.7,51.2,48.7,46.7,38.8,46.0,42.5,38.8,40.8,47.9,36.8,38.0,47.9,48.3,38.7,39.8,32.3,43.7,33.9,44.1,27.6,45.9,41.3,41.3,42.6,43.3,47.3,57.0,44.4,43.7,45.3,201204.0
151,49.4,54.4,44.2,37.4,34.7,46.1,37.2,37.8,47.9,36.6,60.4,51.1,50.1,52.8,52.1,46.1,47.7,45.7,47.0,51.6,51.9,46.5,61.0,54.1,50.7,45.0,51.5,48.8,41.5,43.0,48.9,39.5,44.0,53.2,52.1,45.2,45.9,35.9,46.2,40.1,49.8,34.6,47.0,46.0,42.7,44.7,46.6,52.5,65.4,48.5,47.9,51.7,201205.0
152,52.8,59.0,48.8,42.0,41.6,50.2,41.9,41.9,51.8,41.3,66.0,55.0,54.3,56.7,56.1,48.7,51.9,51.6,50.9,55.6,56.3,49.1,67.4,58.3,53.5,50.2,55.2,54.4,44.4,47.0,51.2,44.2,49.0,57.1,55.5,50.6,51.2,40.0,50.8,45.9,55.1,41.5,49.3,50.1,46.7,48.0,50.4,56.6,72.5,52.7,50.9,55.5,201206.0
153,56.1,63.2,54.8,48.3,48.4,56.3,48.0,50.8,58.1,49.0,71.4,56.0,59.1,60.9,58.7,51.6,58.3,57.1,57.1,59.5,59.8,50.1,72.3,60.8,56.0,56.3,60.6,59.5,51.5,52.5,52.8,52.1,56.1,61.2,57.8,56.5,57.0,49.1,55.1,52.5,59.8,47.6,52.2,54.3,52.8,52.5,54.3,57.9,77.8,54.5,55.9,60.0,201207.0
154,57.4,67.5,57.5,50.0,50.5,59.0,49.9,53.3,61.9,50.2,75.4,56.5,61.4,66.9,60.0,52.1,61.9,60.6,60.4,62.1,60.9,50.9,75.7,61.6,58.5,60.5,65.5,61.8,53.7,53.6,53.0,54.0,58.9,64.1,59.4,61.0,61.0,50.4,58.6,55.7,61.5,49.9,52.3,60.3,53.9,55.2,57.4,58.7,81.7,55.7,58.0,62.5,201208.0
155,54.6,62.6,53.7,46.5,45.8,53.3,45.5,48.8,58.2,44.7,70.1,53.0,57.8,62.8,57.2,49.0,58.5,55.7,55.4,58.6,56.0,48.5,69.2,57.7,56.3,55.9,62.5,56.8,50.9,49.2,51.5,48.9,54.6,59.8,56.2,55.4,55.9,44.7,55.2,51.4,56.2,43.1,50.6,56.9,50.4,51.6,55.8,54.7,75.7,51.8,55.4,58.9,201209.0
156,52.6,52.6,44.6,37.2,36.3,47.2,37.2,39.9,48.1,35.9,58.2,52.0,49.1,54.0,52.1,49.5,48.4,46.1,49.6,51.8,50.1,51.4,56.3,52.2,52.6,45.2,53.1,48.2,45.1,47.2,53.0,43.1,45.3,52.7,51.9,45.0,45.5,34.8,49.6,41.4,49.2,33.3,51.8,49.3,46.9,48.5,50.0,51.6,63.0,50.3,51.0,50.6,201210.0
157,46.5,43.9,38.4,31.6,29.2,41.2,31.8,33.5,42.2,29.6,48.4,45.3,43.0,46.4,45.6,45.2,42.0,38.9,42.4,44.3,43.1,48.1,46.1,46.2,46.5,38.2,46.4,41.8,41.0,43.4,49.9,38.2,38.9,45.4,44.7,37.5,38.1,29.6,43.2,34.2,43.1,24.9,47.8,43.1,43.2,42.7,45.2,44.2,52.6,44.0,44.7,44.7,201211.0
158,40.5,38.9,29.8,22.5,18.0,34.9,24.4,25.7,33.5,20.4,41.9,39.5,35.8,39.7,39.4,39.6,34.6,32.9,36.1,39.0,36.8,42.8,37.8,39.6,40.2,31.2,40.7,34.6,33.7,36.7,44.4,31.0,30.1,39.9,39.6,31.1,31.6,19.0,39.0,25.4,36.8,16.5,42.7,37.8,35.7,38.2,39.7,38.6,45.5,38.2,38.2,37.2,201212.0
159,36.6,33.7,27.6,18.5,17.4,33.5,16.9,23.8,32.9,13.1,39.2,34.7,33.0,37.0,33.9,35.3,32.6,28.0,34.0,33.9,33.8,38.1,34.8,34.3,37.1,28.3,37.8,32.7,32.4,33.4,40.7,28.2,28.9,34.8,34.4,27.2,28.1,15.2,34.8,24.2,32.7,13.2,39.4,35.4,33.4,34.7,36.2,33.2,42.3,33.8,35.8,33.8,201301.0
160,38.2,36.6,29.4,21.9,18.6,33.8,21.8,25.5,34.1,20.8,40.6,37.7,35.0,38.3,37.3,37.0,33.5,30.2,34.8,35.6,35.9,39.2,38.0,37.7,40.0,29.8,38.3,34.4,32.1,33.2,42.4,28.3,30.0,37.2,36.8,29.0,29.9,20.4,34.8,24.8,34.2,15.9,39.1,34.8,33.6,34.3,36.3,36.5,44.2,36.4,36.8,36.4,201302.0
161,44.4,46.2,36.5,29.5,27.5,38.6,29.0,31.0,41.4,28.2,50.2,44.0,41.5,45.9,44.8,41.2,41.1,38.9,41.7,44.0,41.8,43.5,49.1,44.9,45.3,37.7,45.8,40.4,36.5,38.6,45.4,33.8,36.8,45.5,43.9,37.3,38.4,27.7,42.1,32.3,40.6,25.6,43.7,41.0,38.3,40.6,42.4,43.2,54.9,41.3,43.0,43.2,201303.0
162,48.2,51.0,39.6,32.4,29.6,43.7,32.6,33.7,44.8,31.8,53.7,49.7,45.9,48.7,50.0,45.5,44.6,41.7,44.7,48.8,48.4,47.3,53.1,49.8,49.6,40.9,47.3,45.9,39.0,41.4,48.3,37.1,40.1,50.0,49.9,41.1,42.1,30.6,44.8,35.4,46.7,28.8,46.1,44.2,40.8,43.3,44.6,49.9,58.2,47.4,46.1,47.4,201304.0
163,51.2,55.9,44.9,37.4,34.2,47.1,38.0,39.1,48.8,37.8,60.3,53.3,51.3,53.6,54.5,47.4,48.8,47.4,48.4,53.0,52.9,48.5,59.7,55.3,52.0,46.4,53.1,50.8,42.1,45.6,50.8,42.1,45.0,54.6,54.3,46.3,47.1,37.4,48.6,40.8,52.1,34.9,49.2,48.8,44.7,46.9,48.8,54.2,65.9,50.3,48.8,52.9,201305.0
164,55.8,62.9,52.1,45.3,44.2,54.0,45.5,46.6,56.0,45.1,67.9,57.3,58.0,59.6,58.9,51.8,55.9,55.5,55.1,58.9,58.8,51.5,70.0,60.4,56.6,54.2,58.2,58.4,48.3,51.1,53.0,49.0,52.9,60.3,58.5,54.8,55.3,44.4,54.3,49.1,58.7,44.6,51.7,53.3,50.0,51.9,52.6,58.6,73.8,54.9,54.1,58.9,201306.0
165,58.4,68.6,58.1,51.8,50.9,60.0,52.1,55.4,62.2,52.5,75.0,58.0,62.3,64.5,60.7,53.1,62.4,61.6,60.2,62.7,62.2,52.2,76.4,63.1,58.2,60.8,64.0,64.0,55.3,54.9,53.8,56.3,59.8,64.6,60.4,61.7,61.7,52.6,58.6,55.6,63.3,50.9,53.9,58.4,54.4,54.7,57.0,60.0,81.0,56.8,58.8,63.7,201307.0
166,58.0,63.8,54.2,47.4,46.7,56.3,47.4,50.8,57.7,47.6,71.5,57.6,58.4,62.4,59.2,53.4,57.8,56.9,57.8,59.7,59.6,53.6,71.6,60.7,57.4,55.9,62.0,59.5,52.6,55.1,55.4,53.5,55.6,61.4,58.7,57.0,57.2,47.2,56.3,51.3,59.7,45.8,55.2,56.3,54.3,53.6,54.6,58.1,78.4,55.7,56.6,59.5,201308.0
167,56.6,60.1,50.3,44.2,42.8,51.6,44.0,45.6,53.3,43.2,66.6,56.6,54.0,59.8,57.5,51.9,53.4,53.0,54.1,56.7,55.9,53.9,65.3,58.0,55.6,51.3,59.0,53.8,49.8,51.3,55.4,49.2,51.5,58.3,57.1,52.3,52.6,42.5,54.3,46.8,55.2,41.5,54.3,54.5,52.4,52.1,53.4,56.8,72.4,54.5,54.0,56.1,201309.0
168,49.1,49.6,41.0,32.8,31.6,44.6,32.1,35.1,46.1,30.5,53.0,47.7,45.7,49.7,48.2,44.6,45.5,41.7,46.3,47.4,46.4,46.3,51.0,47.9,50.6,41.1,48.9,46.0,42.0,42.2,49.5,38.2,42.2,49.0,47.3,41.2,42.2,29.1,46.1,36.8,46.3,27.6,47.4,45.9,42.3,44.2,46.9,47.3,58.1,45.9,47.8,46.7,201310.0
169,45.2,43.7,37.7,30.1,28.3,40.5,28.9,32.0,42.2,27.1,48.0,44.0,42.2,46.3,43.7,42.3,41.5,37.5,41.6,42.4,42.7,45.3,45.1,44.5,46.2,37.2,45.6,41.4,38.7,39.7,48.2,34.2,38.5,43.6,43.0,37.3,37.9,26.5,42.0,33.0,42.2,24.6,44.8,42.9,39.2,40.8,43.9,43.3,52.1,42.6,43.3,43.1,201311.0
170,36.4,33.2,29.4,19.8,19.1,34.2,17.9,23.4,34.7,15.3,41.8,33.4,33.9,40.1,33.5,34.5,33.8,28.7,34.1,33.2,32.1,36.0,37.4,33.9,38.2,29.6,40.8,33.6,31.5,32.5,41.0,26.3,30.6,33.8,33.1,29.0,28.6,15.5,34.7,25.1,31.3,14.5,38.2,37.9,30.9,33.2,37.2,32.9,44.4,33.6,36.1,34.7,201312.0
171,42.0,37.1,34.9,26.2,26.6,39.9,24.2,29.5,41.5,23.9,45.0,39.0,40.3,44.8,38.4,39.8,40.1,33.8,40.6,37.4,38.5,43.7,42.1,38.2,44.4,35.8,44.2,39.6,37.4,37.2,45.6,31.3,37.1,38.2,37.9,33.6,34.4,24.2,39.0,32.1,38.3,21.4,42.9,41.0,35.6,39.2,42.2,38.2,47.8,39.0,39.3,40.7,201401.0
172,44.2,43.8,35.4,28.4,25.9,38.6,28.3,30.1,39.5,27.2,46.0,44.4,40.4,44.3,44.5,42.8,39.6,36.3,40.8,42.9,41.3,45.5,44.6,44.0,44.8,35.6,44.1,38.9,37.5,39.6,46.9,33.7,35.8,43.0,44.2,34.8,36.1,27.1,41.5,31.4,40.0,22.5,44.8,39.0,39.3,40.8,41.7,43.9,50.6,42.1,42.4,42.0,201402.0
173,46.9,48.2,37.3,30.3,26.5,41.4,29.5,31.9,42.0,28.9,50.0,47.5,43.3,46.5,47.6,44.5,41.9,38.8,43.1,46.1,44.6,47.2,48.1,47.0,47.5,37.8,46.5,41.8,38.4,41.2,50.1,35.0,37.3,46.8,47.0,37.1,38.8,28.9,43.5,32.5,43.5,24.3,46.8,42.2,40.6,42.9,44.5,46.8,54.5,44.6,44.5,45.0,201403.0
174,47.4,50.5,39.2,31.5,29.2,43.4,31.4,34.1,44.1,31.6,53.8,48.5,45.9,47.9,48.6,45.3,43.6,41.5,45.0,47.8,47.4,47.1,52.4,49.2,48.6,40.2,48.0,44.4,39.2,41.8,49.3,37.1,39.5,49.1,48.3,40.5,41.7,32.0,44.8,34.9,45.9,28.6,46.8,43.1,41.7,44.0,45.0,48.2,59.5,46.0,45.8,46.8,201404.0
175,52.2,57.3,45.7,38.2,36.0,47.6,37.9,39.8,49.5,38.0,60.1,53.3,52.3,54.4,54.4,48.2,48.7,47.6,50.1,53.2,53.1,49.7,60.5,55.5,53.0,46.5,54.2,51.1,43.7,45.5,51.9,41.5,45.6,55.2,53.7,46.8,48.0,38.0,49.1,41.2,51.6,34.7,49.9,48.3,46.4,48.0,49.4,53.9,66.1,50.3,49.7,53.4,201405.0
176,54.8,62.3,51.4,43.9,43.1,55.2,44.4,45.2,55.5,44.9,66.7,56.4,58.2,58.8,58.2,50.6,55.2,54.0,54.6,57.3,60.1,50.1,68.9,60.0,56.1,53.2,57.1,58.4,48.0,50.2,52.6,47.8,52.0,59.0,56.8,54.1,54.6,43.8,53.2,48.5,58.9,42.9,50.9,51.8,49.1,50.6,52.0,58.1,72.7,54.3,53.3,58.7,201406.0
177,60.3,68.9,59.3,53.8,51.2,61.3,54.6,56.8,62.4,55.2,74.7,60.3,63.8,64.9,62.8,55.6,62.6,62.3,61.5,63.9,64.4,54.5,75.5,64.8,59.9,61.2,64.7,64.8,56.2,56.9,56.8,58.0,60.7,65.7,62.2,61.5,61.9,54.6,60.1,56.6,64.4,50.8,56.0,59.5,56.0,57.2,57.8,62.4,81.4,58.7,59.5,64.9,201407.0
178,58.9,66.3,56.1,49.9,47.8,58.8,50.3,53.5,59.6,50.3,71.0,58.8,61.1,62.6,60.8,55.5,59.8,58.9,59.1,61.5,61.4,55.0,71.0,62.2,57.7,57.8,62.9,61.4,55.6,55.4,57.3,55.2,57.2,63.2,60.2,57.8,58.6,49.6,57.2,53.4,61.6,46.5,56.7,56.6,55.3,55.4,56.8,60.1,79.0,57.2,58.3,62.1,201408.0
179,58.4,63.4,52.7,45.9,45.0,55.1,45.8,48.9,56.4,45.7,69.8,57.7,58.3,61.7,59.1,54.4,56.6,55.6,57.5,59.0,58.2,55.0,68.4,59.9,57.3,54.2,63.4,57.5,52.5,53.7,58.0,51.7,54.0,60.7,58.6,55.0,55.8,44.8,56.4,50.1,57.8,42.9,56.8,56.7,53.6,54.6,56.4,57.9,77.2,55.8,57.3,58.8,201409.0
180,54.1,55.1,45.7,38.2,38.0,49.6,37.4,41.9,51.0,36.8,60.2,53.1,51.3,55.5,53.5,51.0,50.5,47.9,50.9,52.6,52.0,53.0,58.4,53.3,55.3,47.2,55.6,50.7,48.4,49.4,55.2,45.4,47.1,54.2,53.0,47.2,47.9,37.0,51.2,43.4,51.2,34.8,52.9,49.8,50.0,49.7,52.4,52.8,66.0,51.6,51.9,51.7,201410.0
181,47.6,45.4,38.4,31.3,30.3,42.1,30.4,33.9,43.0,29.1,49.2,46.0,43.7,47.6,45.9,45.4,42.3,39.2,43.9,44.7,43.7,49.2,46.3,45.5,47.7,38.6,47.8,42.4,42.1,43.7,51.0,38.6,39.3,45.8,45.5,38.5,39.0,29.1,45.2,34.9,42.7,26.0,48.2,44.4,44.4,43.9,47.0,44.6,53.1,44.4,45.8,43.9,201411.0
182,46.4,42.5,35.3,29.0,25.5,41.2,30.1,32.6,38.2,28.3,44.4,46.6,41.4,42.7,45.6,46.8,38.2,36.2,42.0,44.1,44.0,50.0,40.5,46.2,45.1,34.4,44.6,41.1,39.9,43.6,49.9,37.4,35.4,44.5,45.7,33.4,35.5,28.3,43.1,30.5,43.2,21.8,48.7,41.1,43.0,43.6,43.1,45.7,48.7,44.6,43.7,42.2,201412.0
183,41.5,38.4,35.6,28.4,27.7,40.6,26.7,32.4,40.4,26.8,44.2,40.2,39.6,43.9,40.0,42.0,39.9,34.5,39.5,38.6,39.8,44.2,41.6,39.8,42.7,35.2,43.6,39.8,40.7,39.7,46.0,34.9,37.2,38.6,39.9,33.3,33.9,27.7,39.4,32.3,38.6,22.9,43.4,41.3,39.5,39.9,42.6,39.1,47.6,40.4,39.7,40.1,201501.0
184,46.0,44.5,38.3,31.1,29.3,42.5,29.7,33.3,43.4,29.8,48.2,45.7,43.0,46.8,45.4,45.2,43.2,38.6,42.9,43.8,44.3,48.0,46.7,45.6,47.2,38.7,46.4,42.6,40.9,42.0,50.1,36.4,39.3,44.6,44.7,37.2,37.9,30.0,42.8,34.6,43.0,25.5,47.3,41.9,41.4,42.9,44.0,44.7,53.0,44.2,43.9,44.4,201502.0
185,47.4,49.1,39.5,31.1,29.7,43.3,30.7,34.5,44.9,31.0,52.5,47.5,45.0,49.5,48.0,45.1,44.6,40.5,44.8,46.7,45.8,47.1,50.8,47.5,49.4,40.7,48.7,44.4,40.5,42.5,49.7,37.4,39.9,47.8,47.4,39.5,40.7,31.4,43.8,35.5,44.8,26.7,46.4,43.9,41.9,43.5,45.0,46.5,57.8,45.2,46.1,46.0,201503.0
186,46.4,49.3,38.1,30.2,28.6,41.7,30.1,32.3,42.8,29.4,53.2,47.3,44.6,47.8,47.7,43.7,42.8,40.1,43.4,46.7,45.8,45.4,51.2,48.2,47.8,39.2,47.8,43.8,37.6,39.9,48.0,35.6,38.4,47.8,47.8,38.6,40.1,29.4,43.0,34.0,44.4,26.5,45.4,42.5,39.6,42.1,44.4,47.5,59.1,44.7,44.4,45.6,201504.0
187,49.5,53.1,44.3,38.5,36.3,46.4,38.8,41.3,46.7,38.7,56.5,50.4,50.2,50.2,51.5,47.2,46.9,45.8,46.6,49.7,51.2,48.0,56.4,53.0,49.0,43.9,50.8,50.0,44.0,45.4,49.4,42.8,43.9,51.2,50.8,43.6,45.0,39.2,46.5,39.6,50.0,35.0,49.8,45.4,45.4,45.7,46.5,50.3,62.5,48.1,48.1,51.1,201505.0
188,56.8,64.9,54.8,47.2,46.7,57.6,48.3,51.9,58.5,49.6,69.7,57.1,61.0,61.5,60.3,51.9,58.5,57.6,56.6,60.0,61.6,51.0,71.4,62.2,57.5,56.6,60.2,61.5,53.5,52.8,53.6,52.6,55.5,61.7,58.8,56.0,57.1,50.2,54.2,51.7,60.9,45.8,52.9,54.8,51.3,52.7,53.0,59.4,75.5,55.4,56.2,61.8,201506.0
189,60.5,67.5,56.7,50.8,47.3,59.6,51.5,54.7,59.2,51.3,71.0,60.3,62.3,62.0,62.2,55.5,60.0,60.0,59.0,62.2,63.2,55.7,71.0,64.2,59.3,58.0,61.2,63.5,55.9,56.8,57.7,56.9,57.2,64.2,61.7,58.3,59.0,51.6,58.3,53.4,63.6,47.5,56.9,57.9,56.7,55.9,57.1,62.2,78.7,58.8,58.5,63.3,201507.0
190,59.7,66.0,55.7,48.9,48.6,58.0,49.2,52.8,58.9,49.7,74.7,59.3,60.0,65.0,60.6,55.9,59.4,59.3,58.9,60.5,60.9,56.8,74.8,61.9,59.1,58.1,64.9,60.5,54.2,55.9,59.1,54.2,56.7,62.6,60.0,58.7,58.9,49.4,58.5,53.9,60.5,48.2,57.6,59.0,55.5,55.7,57.8,59.9,82.8,57.6,58.5,61.1,201508.0
191,58.3,63.1,53.0,45.5,45.6,54.7,44.4,46.2,57.2,43.8,70.7,57.4,57.0,62.6,59.1,53.2,57.5,56.0,57.5,59.2,57.5,54.2,69.2,59.0,58.7,55.1,62.9,56.5,49.5,51.4,56.5,48.7,54.5,60.9,58.5,54.8,55.6,42.8,56.6,50.9,57.2,43.2,55.3,58.5,51.2,54.9,58.3,57.8,78.0,55.9,56.8,58.4,201509.0
192,55.9,57.6,48.2,40.8,39.5,51.6,40.1,43.4,52.4,39.7,63.1,54.9,53.1,57.6,55.6,52.1,52.3,49.8,52.6,55.3,54.1,54.2,60.0,55.1,56.1,48.3,57.3,52.6,48.7,50.2,56.0,46.4,49.2,56.4,55.3,48.4,49.4,39.2,53.3,44.8,53.4,36.1,54.5,54.2,50.0,52.1,54.9,54.2,68.8,53.0,53.9,54.3,201510.0
193,41.6,39.1,32.0,25.0,22.2,36.7,25.0,28.6,36.1,22.7,45.3,41.2,37.7,42.4,40.2,39.9,36.1,33.5,37.7,39.1,38.7,44.0,41.1,40.1,42.2,32.1,43.2,36.8,36.9,37.4,46.4,32.4,32.6,40.3,40.1,31.9,32.9,22.7,38.2,28.4,38.1,19.2,43.2,38.5,38.2,38.2,41.2,39.9,49.3,39.3,39.5,38.8,201511.0
194,39.2,35.6,29.3,23.0,20.2,35.2,24.4,27.7,32.5,22.2,39.3,38.8,35.1,38.1,37.7,39.3,32.4,29.8,34.1,36.6,36.6,43.1,35.2,38.3,39.1,28.5,38.9,34.2,35.8,37.8,43.5,31.9,29.7,37.2,38.0,27.6,29.0,21.2,35.1,24.8,36.0,15.4,41.3,35.0,38.2,35.5,38.2,38.0,43.0,37.5,36.5,36.1,201512.0
195,43.8,41.6,32.4,25.6,22.9,37.8,26.9,28.6,36.4,23.9,41.6,43.1,38.4,40.6,42.4,43.5,36.6,33.7,39.6,42.0,40.3,46.4,38.0,42.0,42.6,32.0,41.2,38.0,36.3,41.4,46.9,34.8,33.2,42.4,42.7,31.7,33.1,23.6,40.9,28.2,39.8,18.0,45.8,38.6,41.1,42.0,42.0,41.8,44.8,42.0,41.6,39.4,201601.0
196,44.8,42.9,35.8,27.4,26.2,41.3,27.1,31.7,41.5,26.9,47.3,43.9,41.3,46.2,43.3,44.2,40.7,36.0,41.4,42.5,43.0,47.0,44.5,43.6,46.0,36.7,45.5,41.1,38.4,40.7,48.1,34.8,36.8,42.8,43.1,34.2,35.6,28.4,41.1,32.2,41.9,21.3,45.6,40.2,40.2,41.0,42.0,42.6,50.8,42.8,44.1,42.4,201602.0
197,46.1,46.4,36.8,30.0,27.8,40.2,30.3,32.0,40.9,29.7,49.8,46.8,43.0,45.9,46.8,44.1,40.8,38.5,42.3,44.4,44.2,47.3,47.9,46.8,46.4,36.9,45.5,41.2,37.6,41.4,49.1,35.4,37.0,45.9,46.4,35.9,37.6,29.9,42.5,32.4,42.5,25.9,46.8,40.8,40.9,42.5,44.0,46.0,53.3,44.0,44.0,44.0,201603.0
198,48.6,51.0,40.6,34.3,31.0,43.6,34.2,37.1,44.5,34.6,54.2,49.7,47.1,49.0,50.1,46.4,44.5,42.5,44.8,49.1,48.0,48.9,52.9,50.5,49.3,41.2,48.0,46.1,41.2,43.3,50.6,39.3,40.7,50.3,49.9,40.7,41.9,35.2,44.5,36.3,46.9,29.8,48.5,43.5,43.8,44.4,46.3,49.6,58.4,47.0,46.5,48.3,201604.0
199,51.9,55.5,45.0,38.8,34.8,49.2,39.4,41.1,48.4,39.0,57.8,53.1,52.0,51.6,54.4,48.9,48.3,47.3,48.8,52.7,54.5,49.7,57.6,56.2,52.2,45.4,51.0,51.4,44.6,47.8,51.7,43.6,44.9,54.4,53.0,45.6,46.7,39.2,48.0,40.3,52.6,34.3,50.7,46.5,46.9,47.3,48.3,54.4,62.4,51.0,50.2,53.3,201605.0
200,55.9,64.3,52.3,44.6,45.7,55.1,44.9,46.9,56.7,45.2,70.5,56.9,57.6,62.4,59.0,51.7,56.2,55.7,56.4,58.8,59.2,50.8,72.6,60.5,57.4,55.0,60.7,58.6,48.9,50.9,53.1,48.8,53.5,61.0,57.9,55.6,56.1,45.5,54.7,50.1,58.5,45.7,51.4,54.4,50.2,51.6,53.1,58.9,75.2,55.3,54.9,59.2,201606.0
201,57.2,66.4,55.6,48.3,49.0,58.5,48.3,51.5,59.6,49.6,74.1,57.0,60.5,64.6,60.2,52.2,59.5,58.6,58.6,60.9,61.1,50.7,75.8,61.6,57.8,57.8,63.9,61.9,52.4,53.5,53.0,53.5,57.2,63.2,59.4,58.8,58.9,49.1,56.2,53.6,61.7,48.6,52.2,57.3,53.7,52.8,56.1,59.7,80.6,55.9,56.8,61.5,201607.0
202,57.3,65.4,55.9,48.7,48.9,59.0,49.5,53.6,60.0,50.3,73.5,55.7,59.9,63.8,58.4,52.7,60.0,57.8,58.2,60.1,60.9,52.0,73.7,60.4,56.8,57.7,63.6,61.3,55.0,54.0,54.3,54.8,57.5,61.6,57.9,57.8,58.0,49.8,56.2,53.7,60.8,47.1,54.4,57.6,54.2,53.4,56.2,57.4,80.9,55.4,58.0,61.2,201608.0
203,55.3,59.5,50.6,43.1,42.4,54.1,42.8,44.9,53.9,42.1,65.2,54.7,56.0,58.5,56.3,51.8,53.9,51.5,53.5,56.0,57.0,52.0,64.3,57.8,55.7,50.7,58.4,56.1,49.0,50.7,53.9,48.5,51.8,57.4,55.2,50.7,51.3,40.9,52.1,47.1,56.5,40.0,52.8,53.5,50.9,51.0,53.6,55.8,71.2,53.9,54.2,56.6,201609.0
204,51.8,52.4,43.6,37.3,36.3,47.0,37.1,38.8,47.0,36.2,60.1,51.0,48.8,53.6,51.4,50.3,46.9,45.5,48.1,50.8,49.4,51.9,57.6,51.3,51.4,43.6,54.6,47.5,44.8,48.2,53.7,43.6,44.5,51.9,51.4,43.7,44.7,35.2,48.6,40.1,48.5,33.4,51.5,47.9,48.9,47.7,49.8,50.4,65.3,49.9,49.7,49.3,201610.0
205,46.5,45.4,37.5,30.6,29.4,41.4,30.8,34.6,41.8,29.2,50.2,46.0,42.8,47.2,45.4,44.8,41.6,38.6,42.7,45.4,43.8,48.2,46.7,45.6,46.4,37.7,48.0,42.0,41.7,42.9,50.4,38.6,38.3,46.0,45.9,37.6,38.8,30.2,44.0,34.1,42.8,25.0,47.7,42.4,44.0,42.8,45.6,45.0,53.9,44.4,44.8,43.6,201611.0
206,39.1,37.8,30.1,23.8,22.6,33.7,22.4,23.5,34.6,19.0,43.2,37.4,35.0,41.1,36.9,37.2,34.4,31.6,36.0,37.4,35.3,41.0,38.5,37.0,38.4,31.0,43.1,33.5,31.9,34.3,43.2,28.3,31.7,38.3,37.4,30.4,31.0,17.4,37.9,27.7,34.0,18.8,41.1,38.2,33.6,37.2,39.6,36.5,45.6,36.1,38.1,35.4,201612.0
207,39.4,39.2,30.0,23.1,20.5,34.3,22.6,23.8,33.5,19.0,42.8,39.0,35.3,39.7,39.0,38.6,33.7,32.0,36.2,39.0,36.7,41.5,38.3,38.8,38.7,30.2,41.7,34.0,32.0,36.2,43.3,29.7,30.9,38.9,39.5,31.2,31.5,17.3,39.0,25.7,34.9,15.8,42.0,38.0,34.6,38.5,39.7,38.0,46.6,37.7,37.8,36.4,201701.0
208,43.9,44.1,34.0,27.4,23.6,38.2,27.4,29.4,37.5,26.3,47.4,44.7,39.9,43.5,44.8,43.2,37.6,36.9,40.4,43.4,42.2,45.8,44.5,45.2,44.0,34.2,44.1,38.8,35.5,40.4,47.6,34.3,34.1,43.9,44.5,35.1,36.0,25.9,42.8,29.3,39.9,21.5,46.1,40.9,39.4,42.8,43.1,44.0,50.7,42.7,41.7,42.2,201702.0
209,45.6,45.5,36.7,29.2,26.9,40.4,29.4,32.8,41.3,30.1,51.3,46.2,42.2,46.4,46.3,43.4,41.4,37.8,42.2,45.9,44.1,45.9,48.8,46.8,46.2,37.2,46.6,40.9,38.3,41.2,48.4,36.1,37.0,46.0,46.5,36.3,37.2,30.8,42.2,32.5,41.5,24.0,45.8,41.5,41.0,42.2,43.7,45.7,56.3,43.5,44.0,44.1,201703.0
210,46.7,48.4,37.6,31.4,27.9,40.5,31.3,32.0,41.7,30.9,54.4,48.1,43.6,48.5,48.3,44.1,41.7,40.2,43.2,47.3,45.8,46.5,52.3,49.0,47.5,38.8,48.4,42.0,37.0,40.7,48.8,35.8,37.8,47.9,48.0,39.1,39.7,30.7,44.5,33.6,43.0,27.2,46.4,43.6,40.6,43.5,45.2,48.0,60.5,45.2,44.0,45.6,201704.0
211,50.9,55.3,45.2,38.7,35.7,48.2,38.9,40.1,49.0,38.9,59.0,52.1,52.2,52.1,53.6,47.7,49.4,47.5,48.8,52.9,53.5,48.5,58.3,55.5,51.7,46.2,51.5,51.1,43.6,45.8,50.2,42.0,45.4,54.0,53.3,45.8,46.7,38.0,48.0,41.7,51.8,35.1,49.0,47.0,45.0,47.7,47.2,53.6,63.8,49.9,49.4,53.2,201705.0
212,55.8,63.8,52.3,45.7,43.8,56.0,46.8,48.0,56.9,46.5,68.6,57.6,60.1,60.7,59.8,52.3,57.0,55.4,56.1,59.6,60.8,51.7,70.5,62.0,57.1,54.1,59.1,59.8,49.3,51.8,53.3,49.5,53.2,61.0,59.0,55.2,55.2,46.1,55.1,49.6,59.9,43.7,52.4,54.0,50.5,52.0,54.1,59.5,73.4,55.9,55.4,60.1,201706.0
213,59.2,68.6,57.8,51.3,50.9,61.1,51.6,54.8,63.1,52.4,76.2,58.5,63.7,66.4,62.6,53.4,63.2,61.4,60.4,63.5,63.8,51.4,77.2,64.1,60.5,60.4,65.5,64.3,54.2,54.7,53.5,54.8,59.7,64.9,61.4,62.2,61.3,52.5,59.6,56.5,63.8,51.0,52.9,60.3,54.0,55.1,58.6,61.0,82.8,57.6,59.1,64.1,201707.0
214,60.2,69.3,58.7,52.4,50.4,62.8,53.3,56.2,63.1,53.6,74.3,59.7,63.8,65.5,62.6,55.6,63.2,61.4,62.0,64.4,65.0,54.9,74.3,64.7,60.3,60.6,64.4,65.0,57.9,57.5,56.2,57.3,60.5,65.7,62.1,61.1,61.4,52.8,60.3,56.3,64.9,49.4,56.7,60.8,56.6,57.2,59.1,61.7,82.0,59.4,60.7,64.7,201708.0
215,58.9,62.1,51.6,44.9,41.6,55.5,45.0,48.3,55.1,43.9,66.9,58.8,57.6,59.2,59.8,55.6,55.7,53.6,56.5,59.2,59.5,57.1,65.2,61.1,58.5,51.7,59.0,58.0,52.6,53.9,58.7,51.6,52.9,60.8,58.8,52.8,53.7,43.0,55.5,47.9,58.4,39.4,57.4,54.9,53.3,55.0,55.2,59.1,72.3,57.7,56.6,59.1,201709.0
216,51.1,50.8,42.4,34.1,33.6,47.4,32.9,36.7,48.3,31.6,58.9,49.7,47.8,54.6,49.6,48.5,48.2,43.1,48.0,49.0,48.3,50.5,56.4,48.5,52.4,43.7,54.5,47.6,44.1,44.6,52.3,39.5,43.8,49.9,48.5,43.5,43.5,31.5,47.8,39.7,47.9,29.4,49.5,48.7,44.3,46.2,50.4,48.8,63.6,48.8,49.4,48.5,201710.0
217,46.7,46.0,39.2,33.5,31.8,41.1,33.3,33.3,42.6,31.7,52.3,46.0,43.3,49.4,46.7,44.5,42.4,40.0,43.3,46.5,43.6,48.1,49.6,46.8,46.2,39.4,49.6,42.3,39.5,43.2,50.0,38.0,40.1,46.8,46.1,38.6,39.6,30.2,44.7,35.7,42.6,27.9,47.7,45.0,42.4,43.9,46.6,44.9,57.0,43.9,45.0,45.3,201711.0
218,39.5,35.6,33.2,24.5,25.4,37.4,22.3,27.0,38.6,20.5,44.6,37.1,37.6,42.7,37.4,37.6,38.7,31.3,36.6,36.3,36.7,42.0,41.2,36.6,41.1,34.3,43.5,36.2,36.7,35.0,44.7,28.8,34.4,36.3,35.6,32.2,31.2,22.2,36.1,31.9,34.7,20.0,41.2,38.1,35.6,35.1,39.2,36.2,45.8,37.0,36.6,38.3,201712.0
219,43.6,42.2,35.5,29.0,28.0,39.2,28.4,31.7,40.0,27.8,45.9,42.2,40.5,45.0,42.3,42.3,40.2,36.3,41.4,43.8,40.6,45.2,42.8,41.6,43.0,36.3,45.3,39.5,38.4,40.6,46.8,35.9,36.9,43.7,43.6,35.0,35.9,28.5,42.4,32.7,39.6,22.7,45.3,43.1,40.7,41.9,43.7,40.9,48.7,41.0,42.7,41.0,201801.0
220,40.5,38.3,29.5,20.9,18.7,36.2,20.2,25.0,35.3,18.6,43.0,39.8,35.6,40.8,38.2,38.6,35.2,31.2,36.1,39.4,39.1,42.3,40.1,38.4,42.2,30.8,40.8,36.0,32.9,34.0,45.0,28.3,30.5,39.2,39.3,29.9,31.0,19.4,35.3,26.0,35.9,15.7,41.1,36.2,34.2,35.8,37.5,38.4,46.1,38.2,38.5,37.3,201802.0
221,42.6,44.1,32.4,25.0,22.3,36.6,25.3,28.2,37.0,24.4,48.0,42.3,38.5,43.6,42.7,39.6,36.7,35.2,38.9,43.2,39.2,42.8,45.7,41.9,43.2,33.2,44.2,36.7,34.8,37.2,45.5,31.5,32.6,43.7,43.6,33.9,34.4,25.0,41.2,27.7,37.4,20.2,43.4,39.6,37.4,40.0,41.3,41.0,52.7,39.6,40.7,40.2,201803.0
222,46.2,49.5,38.0,31.7,29.2,41.4,32.0,33.5,42.0,31.5,55.1,46.9,44.2,48.3,47.1,43.4,42.3,40.9,43.0,47.7,45.5,45.6,54.5,47.3,47.0,39.4,48.5,42.8,38.9,41.1,48.3,36.5,38.3,48.2,47.7,40.0,40.9,31.2,43.9,34.6,43.7,29.1,45.8,42.5,40.9,42.7,44.5,45.8,60.3,44.0,43.9,45.5,201804.0
223,49.9,54.8,45.4,39.4,37.1,47.6,40.1,42.4,48.0,40.5,59.0,51.6,51.4,51.6,52.5,47.6,48.1,46.9,48.0,51.4,52.2,48.6,59.7,53.6,49.6,45.3,51.6,51.3,44.6,46.7,50.8,44.0,45.4,52.8,51.8,45.9,46.6,40.8,47.3,40.9,51.7,35.9,49.7,46.1,46.4,46.7,46.9,52.1,64.2,49.5,48.6,52.3,201805.0
224,54.0,60.8,51.2,44.4,43.5,53.9,44.0,44.9,55.0,43.6,67.0,55.5,57.3,58.6,57.2,50.3,54.9,53.3,53.8,57.2,58.2,50.1,69.1,58.4,55.3,52.6,57.1,57.4,47.2,49.1,52.3,46.7,52.0,58.2,56.4,53.2,53.4,43.3,52.0,48.2,57.7,43.4,50.4,51.5,48.4,49.9,51.6,56.4,72.4,53.7,53.1,57.8,201806.0
225,59.4,69.8,60.1,53.5,52.7,62.9,53.5,55.5,64.2,53.6,77.6,59.2,65.0,68.3,62.5,54.7,64.2,62.8,62.7,65.0,65.0,52.4,78.0,64.6,60.2,62.2,66.3,66.0,56.1,56.0,54.6,56.8,61.8,66.5,62.4,63.4,63.0,52.6,61.1,57.7,65.4,52.2,54.6,61.9,54.8,57.2,59.8,62.5,82.8,58.8,60.5,65.6,201807.0
226,57.4,64.7,55.6,48.5,49.2,59.2,48.5,52.6,59.5,48.9,76.2,56.7,60.0,65.6,59.0,53.1,59.2,58.4,59.1,60.2,60.4,52.4,75.7,59.6,57.8,57.6,65.9,60.0,53.6,53.9,54.0,53.1,57.2,61.7,58.6,58.7,58.6,48.8,57.8,53.2,59.9,47.7,54.1,58.7,54.0,54.4,57.8,57.1,82.8,56.0,57.2,60.4,201808.0
227,54.3,59.6,51.0,43.0,44.0,53.2,41.7,44.9,55.2,41.0,69.8,53.5,55.2,60.6,55.7,50.5,55.0,53.1,54.8,56.2,55.1,50.2,69.0,55.5,55.4,52.3,60.8,54.5,48.6,49.8,53.0,47.4,52.7,58.3,54.9,52.7,53.6,40.2,52.9,48.2,54.3,41.1,51.6,54.3,49.5,50.4,54.5,53.5,76.0,52.7,54.1,56.2,201809.0
228,51.8,52.2,44.0,36.4,34.0,48.9,35.2,39.2,49.1,33.4,59.3,51.8,49.7,53.2,51.0,50.0,49.1,45.0,49.0,51.8,50.8,50.9,56.0,50.8,52.9,44.1,53.5,49.3,46.2,46.6,52.9,41.9,45.3,52.1,51.6,44.2,45.0,33.5,48.4,40.0,49.5,31.2,50.1,48.7,46.2,47.4,50.0,50.6,63.0,51.0,50.2,50.7,201810.0
229,45.7,43.9,37.8,29.5,28.6,42.6,27.5,32.1,43.7,25.5,48.6,44.4,41.4,47.3,43.0,44.0,43.6,38.6,43.5,43.9,43.0,47.8,45.6,42.3,48.0,39.2,47.1,41.9,40.0,39.6,49.2,34.3,39.3,44.6,43.0,37.0,38.9,26.9,42.7,35.4,41.3,24.8,45.8,43.0,40.0,42.2,45.1,42.3,51.4,43.7,45.2,43.7,201811.0
230,41.8,39.3,31.8,25.5,22.6,36.6,25.8,27.1,35.9,22.9,43.3,41.1,37.7,41.5,40.2,41.0,35.8,33.9,37.7,41.4,38.2,44.9,39.4,39.8,41.7,32.4,42.1,36.3,35.5,38.1,46.2,32.2,32.7,41.0,40.8,32.3,33.3,21.6,39.1,28.4,36.5,18.8,43.9,38.0,37.4,39.0,40.4,39.4,45.6,39.6,39.9,38.1,201812.0
231,43.2,40.7,33.6,26.4,24.3,39.1,26.4,30.3,38.1,24.1,43.3,42.8,39.7,41.4,41.9,42.9,38.1,35.1,38.9,41.9,39.9,45.7,39.7,41.0,43.2,34.0,41.8,38.1,38.2,40.2,47.3,33.9,35.0,41.8,42.8,32.4,34.3,24.8,40.6,29.8,39.0,20.5,45.4,39.8,39.3,40.4,41.8,41.3,45.0,41.6,41.4,39.9,201901.0
232,39.0,39.6,27.4,20.5,16.3,32.4,20.8,23.3,30.7,18.4,39.3,39.8,35.0,36.5,39.6,38.1,31.7,30.3,34.0,38.4,36.4,41.3,35.8,39.8,38.7,27.4,37.8,32.0,30.0,35.2,43.1,28.1,27.1,39.6,39.7,27.6,29.2,18.5,36.0,22.2,35.5,13.2,41.1,35.0,33.8,36.5,36.6,38.6,43.0,37.3,36.5,36.2,201902.0
233,43.1,45.1,33.4,27.0,22.9,37.8,26.7,28.9,37.6,25.9,47.5,44.6,40.7,42.9,44.2,41.9,38.0,35.8,39.2,43.3,41.8,44.5,44.6,44.4,43.9,34.1,43.8,38.6,35.3,38.8,46.3,32.4,33.5,44.0,44.1,33.8,35.2,26.0,40.8,28.8,40.6,20.7,43.9,40.1,37.8,40.5,41.2,43.5,51.8,41.7,40.9,41.6,201903.0
234,48.8,51.9,41.0,33.8,31.2,45.9,34.5,36.4,45.2,34.7,54.8,50.9,48.6,48.9,51.2,48.0,45.1,42.9,46.1,50.2,50.2,49.0,53.8,51.8,50.2,41.2,49.0,47.4,41.6,44.9,50.1,40.0,41.3,51.0,50.4,41.6,43.0,34.5,45.9,36.5,48.8,29.6,48.4,45.6,43.9,45.5,46.2,51.0,60.2,48.6,47.3,49.1,201904.0
235,49.1,52.6,41.9,36.2,32.6,45.9,37.0,39.8,44.5,37.7,55.6,50.5,48.9,48.4,51.1,47.3,45.0,44.2,46.0,49.9,50.6,48.3,53.8,52.5,48.7,41.6,49.3,48.0,43.4,45.4,50.1,41.1,41.7,51.4,50.7,42.4,43.5,38.0,46.6,37.0,48.8,31.6,49.4,45.7,44.8,46.5,46.7,50.9,60.5,48.4,47.5,49.5,201905.0
236,56.2,63.4,52.2,44.8,41.3,56.5,44.9,46.2,56.0,44.4,66.7,57.9,59.7,58.4,59.5,52.6,56.1,55.0,55.8,59.6,61.4,51.8,68.1,61.8,57.1,53.2,57.1,59.2,49.4,51.1,54.1,47.9,52.8,61.0,59.4,54.4,54.7,43.8,53.6,48.2,60.1,41.3,53.1,53.6,48.7,52.4,52.9,60.0,71.7,56.3,55.1,59.8,201906.0
237,57.8,65.8,55.8,48.9,47.8,59.0,49.1,51.3,59.3,49.2,72.8,58.2,61.8,63.2,61.2,53.4,59.5,58.2,58.6,61.9,62.2,52.1,73.7,62.6,58.0,57.0,62.0,62.0,51.6,54.3,54.4,53.2,57.0,63.6,61.0,58.2,58.3,49.0,56.0,52.6,62.8,47.1,54.4,57.2,54.1,53.8,55.5,59.9,78.4,57.0,57.1,61.9,201907.0
238,60.0,65.8,56.8,49.6,49.2,60.3,49.8,53.3,60.6,49.8,73.4,60.2,62.5,63.4,62.5,56.1,60.6,59.2,60.0,63.0,63.3,55.8,73.8,63.6,60.2,58.0,62.6,62.5,54.9,56.8,57.1,55.4,58.1,64.4,62.3,58.9,59.4,49.5,57.5,54.1,63.4,47.9,56.6,57.7,55.5,55.9,56.4,61.7,80.1,59.0,58.6,62.5,201908.0
239,56.8,59.3,49.2,42.7,41.0,52.6,42.7,44.6,52.8,41.5,67.0,56.8,55.9,59.6,57.6,53.1,53.3,52.2,54.6,58.0,56.5,54.9,65.3,58.4,56.7,50.8,59.3,54.6,48.9,52.0,56.6,48.8,50.4,59.2,57.6,51.2,51.9,40.5,53.8,46.7,55.3,39.1,55.4,55.1,52.3,53.0,54.8,57.1,72.8,54.6,55.9,55.7,201909.0
240,49.5,47.0,39.9,32.0,29.9,45.4,30.5,33.7,46.0,28.3,54.6,48.8,45.3,50.8,47.7,46.2,45.6,41.0,46.2,47.8,46.6,49.2,51.5,46.3,51.4,41.0,50.2,45.5,41.4,42.6,51.6,37.5,41.6,49.1,47.6,40.9,41.3,28.6,44.4,37.0,46.3,25.9,48.5,45.2,42.3,43.8,45.7,47.4,59.5,46.6,47.3,45.6,201910.0
241,45.0,41.6,38.0,29.4,28.5,42.6,27.9,33.1,43.3,26.8,48.4,43.4,42.6,46.0,43.4,42.8,42.6,37.7,42.3,43.0,43.1,45.7,45.3,42.9,47.2,37.9,46.3,42.7,40.5,40.2,47.4,34.9,39.1,44.2,42.6,37.1,38.0,27.8,40.9,34.3,42.2,23.9,44.4,41.5,39.7,40.5,43.5,42.0,51.7,41.6,44.0,43.4,201911.0
242,43.4,40.8,33.6,27.2,24.5,37.8,27.0,29.5,37.1,25.4,43.5,42.9,39.3,40.3,42.3,43.3,37.2,34.5,39.1,42.4,39.8,46.2,38.9,42.0,42.7,33.0,41.9,38.0,37.1,40.7,46.8,34.4,34.2,42.8,43.5,32.1,33.8,25.0,41.3,29.2,39.9,19.0,45.8,39.4,39.7,41.1,41.8,42.0,44.7,41.5,41.1,40.5,201912.0
243,40.6,38.2,32.4,26.8,24.1,36.6,26.6,29.3,36.0,25.0,42.1,40.5,37.9,40.8,40.1,41.0,36.1,32.5,37.0,39.9,38.4,44.2,39.0,40.0,40.9,31.8,40.9,36.7,36.7,38.8,45.2,33.8,33.4,39.2,41.0,30.5,31.7,25.1,37.8,28.8,37.6,19.8,42.4,37.8,39.4,37.5,39.3,39.3,44.8,39.2,38.9,38.9,202001.0
